Workbook

Sheet 結合テスト目次
A1: MCM契・解約機能 結合テスト仕様書
A2: 対象：1005/1006/1009/1010/1011/2006/2007/3002/3003/3004/3005/3007/3008、連携経路3001U。作成日：2026/10/05。機能照合反映：2026/10/06。 重複整理：2026/10/08。
A3: 管理214項目、結合実施208件、重複除外6件。単体13画面596件の対応表を更新。単体のOK・帳票への分担・未実施を区別し、旧項番を保持。結合の実行結果は未記入。
A4: 実行順：課題確定→データ準備→単体の前提ケース→INT01～08→INT09。対象外6件は指定工程で確認し、必要な合格証跡を参照。未実施を確認済みとして省略しない。
A6: シート | B6: 対象の業務フロー | C6: テスト件数 | D6: 対象外 | E6: 実テスト件数 | F6: OK | G6: NG | H6: 保留・未実施 | I6: 実施率 | J6: 合格率
A7: INT01_取引先契約 | B7: 取引先契約内容・機器設定 | C7: =INT01_取引先契約!B6 -> 32 | D7: =INT01_取引先契約!D6 -> 0 | E7: =INT01_取引先契約!F6 -> 32 | F7: =INT01_取引先契約!H6 -> 8 | G7: =INT01_取引先契約!J6 -> 0 | H7: =INT01_取引先契約!L6 -> 24 | I7: =INT01_取引先契約!N6 -> 0.25 | J7: =INT01_取引先契約!P6 -> 0.25
A8: INT02_審査承認 | B8: 取引先契約の申請・審査・承認 | C8: =INT02_審査承認!B6 -> 29 | D8: =INT02_審査承認!D6 -> 10 | E8: =INT02_審査承認!F6 -> 19 | F8: =INT02_審査承認!H6 -> 0 | G8: =INT02_審査承認!J6 -> 0 | H8: =INT02_審査承認!L6 -> 19 | I8: =INT02_審査承認!N6 -> 0 | J8: =INT02_審査承認!P6 -> 0
A9: INT03_パック店舗直 | B9: パック契約・店舗直契約 | C9: =INT03_パック店舗直!B6 -> 19 | D9: =INT03_パック店舗直!D6 -> 0 | E9: =INT03_パック店舗直!F6 -> 19 | F9: =INT03_パック店舗直!H6 -> 0 | G9: =INT03_パック店舗直!J6 -> 0 | H9: =INT03_パック店舗直!L6 -> 19 | I9: =INT03_パック店舗直!N6 -> 0 | J9: =INT03_パック店舗直!P6 -> 0
A10: INT04_ユーザー契約 | B10: ユーザー契約内容・変更 | C10: =INT04_ユーザー契約!B6 -> 25 | D10: =INT04_ユーザー契約!D6 -> 8 | E10: =INT04_ユーザー契約!F6 -> 17 | F10: =INT04_ユーザー契約!H6 -> 0 | G10: =INT04_ユーザー契約!J6 -> 0 | H10: =INT04_ユーザー契約!L6 -> 17 | I10: =INT04_ユーザー契約!N6 -> 0 | J10: =INT04_ユーザー契約!P6 -> 0
A11: INT05_製番契約解約 | B11: 契約・解約製番検索／製番確認 | C11: =INT05_製番契約解約!B6 -> 19 | D11: =INT05_製番契約解約!D6 -> 0 | E11: =INT05_製番契約解約!F6 -> 19 | F11: =INT05_製番契約解約!H6 -> 0 | G11: =INT05_製番契約解約!J6 -> 0 | H11: =INT05_製番契約解約!L6 -> 19 | I11: =INT05_製番契約解約!N6 -> 0 | J11: =INT05_製番契約解約!P6 -> 0
A12: INT06_支払い連携 | B12: 支払い明細出力との連携 | C12: =INT06_支払い連携!B6 -> 12 | D12: =INT06_支払い連携!D6 -> 0 | E12: =INT06_支払い連携!F6 -> 12 | F12: =INT06_支払い連携!H6 -> 0 | G12: =INT06_支払い連携!J6 -> 0 | H12: =INT06_支払い連携!L6 -> 12 | I12: =INT06_支払い連携!N6 -> 0 | J12: =INT06_支払い連携!P6 -> 0
A13: INT07_保守点検連携 | B13: 保守点検・帳票との連携 | C13: =INT07_保守点検連携!B6 -> 15 | D13: =INT07_保守点検連携!D6 -> 4 | E13: =INT07_保守点検連携!F6 -> 11 | F13: =INT07_保守点検連携!H6 -> 0 | G13: =INT07_保守点検連携!J6 -> 0 | H13: =INT07_保守点検連携!L6 -> 11 | I13: =INT07_保守点検連携!N6 -> 0 | J13: =INT07_保守点検連携!P6 -> 0
A14: INT08_作業予定連携 | B14: 作業予定一覧・登録・帳票 | C14: =INT08_作業予定連携!B6 -> 32 | D14: =INT08_作業予定連携!D6 -> 1 | E14: =INT08_作業予定連携!F6 -> 31 | F14: =INT08_作業予定連携!H6 -> 0 | G14: =INT08_作業予定連携!J6 -> 0 | H14: =INT08_作業予定連携!L6 -> 31 | I14: =INT08_作業予定連携!N6 -> 0 | J14: =INT08_作業予定連携!P6 -> 0
A15: INT09_共通連携 | B15: 権限・排他・セッション・保存先 | C15: =INT09_共通連携!B6 -> 31 | D15: =INT09_共通連携!D6 -> 1 | E15: =INT09_共通連携!F6 -> 30 | F15: =INT09_共通連携!H6 -> 0 | G15: =INT09_共通連携!J6 -> 0 | H15: =INT09_共通連携!L6 -> 30 | I15: =INT09_共通連携!N6 -> 0 | J15: =INT09_共通連携!P6 -> 0
A17: 合計（率は総件数から再計算） | C17: =SUM(C7:C15) -> 214 | D17: =SUM(D7:D15) -> 24 | E17: =SUM(E7:E15) -> 190 | F17: =SUM(F7:F15) -> 8 | G17: =SUM(G7:G15) -> 0 | H17: =SUM(H7:H15) -> 182 | I17: =IF(E17=0,0,(F17+G17)/E17) -> 0.042105263 | J17: =IF(E17=0,0,F17/E17) -> 0.042105263
A20: 重複確認 | C20: 単体596件を対応表に1回ずつ記録。単体に委ねる349件、結合で追加確認206件、帳票等へ分担41件。実績の転記なし。
A21: 単体収録状況 | C21: 旧記載の未収録7画面は収録済み。単体13画面596件を「単体との対応」で管理。収録済み＝合格ではない。2007-10の期待訂正・再判定、前提ケースと帳票分担先の証跡確認はQ10で継続管理。
A22: 実施結果 | C22: 黄色のI～Oに実績を入力。最終判定Pは再テスト結果Mを優先し、Mが空なら初回I、両方空なら未実施。再テストのみ入力する場合も、以前の結果・不具合・再実施理由をLまたはQに記録する。
A23: 判定と証跡 | C23: 対象ID・期間ID・出力ファイル・変更前後DBの証跡を不具合内容または備考へ記録。見た目だけで連携成功としない。
A24: 未確認 | C24: 添付実体、Officeのアプリ起動・印刷、SMTPと応答性能はこの仕様書作成では実行確認していない。

Sheet 対象・観点一覧
A1: 対象14画面と確認工程の対応
A2: 今回の受領単体13画面596件と結合208件で分担を管理。件数や対応先の存在だけで全条件網羅・実行合格とは判定しない。
A3: 1006U・2007Uは2画面、3004Uは全9タブを含む。3001UはTK審査・承認／書類NO連携経路として追加し、実機での結果判定は未実施。
A5: 機能ID | B5: 画面名 | C5: 共有単体版の収録 | D5: 結合ケースID | E5: 結合の実施区分 | F5: 単体に委ねる範囲 | G5: 課題ID
A6: MCM1005U | B6: 取引先契約内容 | C6: 収録 30件 | D6: INT01-01, INT01-02, INT01-03, INT01-04, INT01-05, INT01-06, INT01-07, INT01-08, INT01-09, INT01-10, INT01-11, INT01-12, INT01-13, INT01-14, INT01-15, INT01-16, INT01-17, INT01-18, INT02-01, INT02-02, INT02-03, INT02-04, INT02-05, INT02-06, INT02-07, INT02-08, INT02-09, INT02-10, INT02-12, INT02-13, INT02-14, INT02-15, INT02-21, INT03-02, INT03-03, INT03-07, INT03-10, INT03-11, INT03-15, INT05-04, INT05-05, INT05-06, INT05-09, INT06-01, INT06-02, INT06-03, INT06-04, INT06-05, INT06-08, INT06-09, INT06-10, INT06-11, INT07-01, INT07-02, INT07-03, INT07-04, INT07-05, INT07-06, INT07-07, INT07-08, INT07-09, INT08-02, INT08-03, INT08-04, INT08-05, INT08-08, INT08-09, INT08-10, INT08-14, INT08-22, INT09-01, INT09-04, INT09-05, INT09-08, INT09-09, INT09-12, INT09-14, INT09-17, INT09-18, INT09-19, INT09-20, INT09-21, INT09-22, INT09-23, INT09-24, INT09-25, INT09-26, INT01-19, INT02-22, INT02-23, INT09-28, INT01-20, INT01-21, INT01-22, INT01-23, INT01-24, INT01-25, INT01-26, INT01-27, INT02-24, INT03-17, INT03-18, INT06-12, INT06-13, INT07-14, INT07-15, INT08-23, INT08-24, INT08-25, INT08-26, INT08-27, INT08-28, INT08-29, INT08-30, INT08-31, INT08-33, INT03-19, INT01-28, INT01-29, INT01-30, INT02-25, INT09-30, INT09-31, INT01-31, INT01-32, INT02-26, INT02-27, INT02-28, INT02-29 | E6: 正常系 / 仕様照合 / 異常系 / 排他 / 権限連携 / セッション / 環境連携 / 取消 / 更新連携 | F6: 共有版の単体に収録。表示・入力・単独操作は単体へ分担し、結合はDB・画面間・後続処理への追加判定のみ実施。対象外6件は対応表の指定先へ分担。 | G6: Q02 / Q04 / Q08
A7: MCM1006U | B7: 取引先契約機器設定（2画面） | C7: 収録 27件 | D7: INT01-02, INT01-03, INT01-04, INT01-05, INT01-06, INT01-07, INT01-08, INT01-09, INT01-10, INT01-11, INT01-12, INT01-18, INT03-02, INT03-10, INT05-09, INT09-04, INT09-05, INT09-06, INT09-17, INT09-18, INT09-19, INT01-19, INT09-28, INT01-20, INT01-21, INT01-22, INT01-28, INT01-29 | E7: 正常系 / 仕様照合 / 権限連携 / 排他 / セッション | F7: 共有版の単体に収録。表示・入力・単独操作は単体へ分担し、結合はDB・画面間・後続処理への追加判定のみ実施。対象外6件は対応表の指定先へ分担。 | G7: Q01
A8: MCM1009U | B8: パック契約・解約 | C8: 収録 20件 | D8: INT03-01, INT03-02, INT03-03, INT03-04, INT03-05, INT03-06, INT03-07, INT03-08, INT05-11, INT09-04, INT09-07, INT03-17, INT03-19 | E8: 正常系 / 異常系 / 排他 / 権限連携 / 取消 | F8: 共有版の単体に収録。表示・入力・単独操作は単体へ分担し、結合はDB・画面間・後続処理への追加判定のみ実施。対象外6件は対応表の指定先へ分担。 | G8: Q07
A9: MCM1010U | B9: 店舗直契約・解約 | C9: 収録 21件 | D9: INT03-09, INT03-10, INT03-11, INT03-12, INT03-13, INT03-14, INT03-15, INT03-16, INT09-05, INT09-07, INT03-18, INT03-19 | E9: 正常系 / 異常系 / 排他 / 権限連携 / 取消 | F9: 共有版の単体に収録。表示・入力・単独操作は単体へ分担し、結合はDB・画面間・後続処理への追加判定のみ実施。対象外6件は対応表の指定先へ分担。 | G9: －
A10: MCM1011U | B10: 審査・承認（取引先契約） | C10: 収録 26件 | D10: INT02-01, INT02-02, INT02-03, INT02-04, INT02-05, INT02-06, INT02-07, INT02-08, INT02-09, INT02-10, INT02-11, INT02-12, INT02-13, INT02-14, INT02-15, INT02-16, INT02-17, INT02-18, INT02-19, INT02-20, INT02-21, INT06-08, INT09-03, INT09-07, INT09-08, INT09-23, INT09-25, INT09-26, INT02-22, INT02-23, INT02-24, INT01-30, INT02-25 | E10: 正常系 / 異常系 / 排他 / 外部連携 / 権限連携 / 環境連携 / 仕様照合 | F10: 共有版の単体に収録。表示・入力・単独操作は単体へ分担し、結合はDB・画面間・後続処理への追加判定のみ実施。対象外6件は対応表の指定先へ分担。 | G10: Q02 / Q03 / Q08 / Q15
A11: MCM2006U | B11: ユーザー契約内容 | C11: 収録 26件 | D11: INT04-01, INT04-02, INT04-03, INT04-04, INT04-05, INT04-06, INT04-07, INT04-08, INT04-09, INT04-10, INT04-11, INT04-12, INT04-13, INT04-14, INT04-15, INT04-16, INT05-03, INT05-05, INT05-06, INT05-07, INT05-13, INT05-14, INT05-15, INT05-17, INT06-07, INT08-01, INT08-05, INT08-06, INT08-08, INT08-14, INT08-22, INT09-02, INT09-13, INT09-15, INT09-17, INT09-18, INT09-19, INT09-20, INT09-21, INT04-17, INT09-28, INT09-29, INT04-18, INT04-19, INT04-21, INT04-22, INT05-18, INT06-13, INT08-23, INT08-24, INT08-25, INT08-26, INT08-27, INT08-28, INT08-29, INT08-30, INT08-31, INT08-32, INT04-23, INT04-24, INT04-25, INT05-19, INT09-31 | E11: 正常系 / 仕様照合 / 異常系 / 排他 / 権限連携 / セッション | F11: 共有版の単体に収録。表示・入力・単独操作は単体へ分担し、結合はDB・画面間・後続処理への追加判定のみ実施。対象外6件は対応表の指定先へ分担。 | G11: Q04 / Q05 / Q08 / Q12 / Q13 / Q14、Q17
A12: MCM2007U | B12: ユーザー契約内容変更（2画面） | C12: 収録 23件 | D12: INT04-02, INT04-03, INT04-04, INT04-05, INT04-06, INT04-07, INT04-08, INT04-09, INT04-16, INT05-07, INT09-06, INT09-17, INT09-18, INT09-19, INT09-28, INT04-18, INT04-19, INT04-23, INT04-24, INT04-25 | E12: 正常系 / 仕様照合 / 権限連携 / 排他 / セッション | F12: 共有版の単体に収録。表示・入力・単独操作は単体へ分担し、結合はDB・画面間・後続処理への追加判定のみ実施。対象外6件は対応表の指定先へ分担。 | G12: Q01 / Q10 / Q13
A13: MCM3002U | B13: 支払い明細出力指示 | C13: 収録 35件 | D13: INT01-08, INT01-15, INT01-16, INT02-05, INT03-05, INT03-13, INT04-13, INT05-11, INT05-13, INT05-14, INT05-16, INT06-01, INT06-02, INT06-03, INT06-04, INT06-05, INT06-07, INT06-08, INT06-09, INT06-10, INT06-11, INT07-01, INT07-11, INT07-12, INT07-13, INT04-17, INT04-21, INT05-18, INT06-12, INT06-13, INT07-14, INT07-15 | E13: 正常系 / 異常系 | F13: 共有版の単体に収録。表示・入力・単独操作は単体へ分担し、結合はDB・画面間・後続処理への追加判定のみ実施。対象外6件は対応表の指定先へ分担。 | G13: Q04 / Q10 / Q11 / Q16
A14: MCM3003U | B14: 保守点検 | C14: 収録 61件 | D14: INT01-16, INT02-05, INT07-01, INT07-02, INT07-03, INT07-04, INT07-05, INT07-06, INT07-07, INT07-08, INT07-09, INT07-10, INT07-11, INT07-12, INT07-13, INT07-14, INT07-15, INT01-29 | E14: 正常系 / 更新連携 | F14: 共有版の単体に収録。表示・入力・単独操作は単体へ分担し、結合はDB・画面間・後続処理への追加判定のみ実施。対象外6件は対応表の指定先へ分担。 | G14: Q04 / Q10 / Q16
A15: MCM3004U | B15: 作業予定一覧（9タブ） | C15: 収録 147件 | D15: INT04-04, INT04-10, INT04-15, INT08-01, INT08-02, INT08-03, INT08-04, INT08-05, INT08-06, INT08-07, INT08-08, INT08-09, INT08-10, INT08-12, INT08-13, INT08-14, INT08-16, INT08-17, INT08-18, INT08-19, INT08-20, INT08-21, INT08-22, INT09-10, INT09-11, INT09-27, INT01-23, INT01-24, INT01-25, INT04-22, INT08-23, INT08-24, INT08-25, INT08-26, INT08-27, INT08-28, INT08-29, INT08-30, INT08-31, INT08-32, INT08-33, INT08-34 | E15: 正常系 / 異常系 / 権限連携 / 性能連携 | F15: 共有版の単体に収録。表示・入力・単独操作は単体へ分担し、結合はDB・画面間・後続処理への追加判定のみ実施。対象外6件は対応表の指定先へ分担。 | G15: Q09 / Q10 / Q16
A16: MCM3005U | B16: 作業予定登録 | C16: 収録 65件 | D16: INT06-01, INT06-02, INT06-04, INT06-05, INT06-09, INT06-10, INT08-07, INT08-16, INT08-17, INT08-18, INT08-19, INT08-20, INT08-21, INT09-11, INT09-16, INT09-20, INT09-21, INT09-22, INT09-23, INT09-24, INT09-25, INT09-26, INT06-12, INT06-13, INT08-23, INT08-24, INT08-25, INT08-26, INT08-27, INT08-28, INT08-29, INT08-30, INT08-34, INT09-30, INT09-31 | E16: 正常系 / 異常系 / 権限連携 / 排他 / セッション / 環境連携 | F16: 共有版の単体に収録。表示・入力・単独操作は単体へ分担し、結合はDB・画面間・後続処理への追加判定のみ実施。対象外6件は対応表の指定先へ分担。 | G16: Q02 / Q08 / Q10
... A19: MCM3001U | B19: TK審査・承認／書類NOリンク | C19: 移行元3001-7/8/12/15を結合へ引継ぎ | D19: INT02-26, INT02-27, INT02-28, INT02-29 | E19: 正常系 / 審査・承認 / 差戻し / 画面遷移 | F19: 3001U経路の連携判定のみ。単体側の判定履歴は変更せず、実施時に確認。 | G19: －

Sheet INT01_取引先契約
A1: MCM契・解約機能 結合テスト仕様書｜取引先契約内容・機器設定
A2: 実施前にE列を確認。登録確認はOK、取消ケースは取消。複数パターンは全て実施・期待一致ならOK、期待不一致ありならNG、NGなしで未実施・判断待ちが残る場合は保留。Q列にパターン別結果・実ID・証跡を追記し、既存の根拠は消さない。
A3: 単体13画面596件の表示・入力・単独判定は「単体との対応」へ分担。対象外は重複除外の設定で実行合格ではない。Q付きの期待・環境を確定してから追加判定を実施。
A4: 最終判定は再テスト結果を優先。「保留」集計は未実施も含む残件。合格率＝OK／実テスト件数。表示形式・ネイティブOfficeの動作は実行時に確認。
A6: テスト件数 | B6: =COUNTA(A10:A41) -> 32 | C6: 対象外件数 | D6: =COUNTIF(P10:P41,"対象外") -> 0 | E6: 実テスト件数 | F6: =B6-D6 -> 32 | G6: 完了件数OK | H6: =COUNTIF(P10:P41,"OK") -> 8 | I6: NG件数 | J6: =COUNTIF(P10:P41,"NG") -> 0 | K6: 保留 | L6: =MAX(0,F6-H6-J6) -> 24 | M6: 実施率 | N6: =IF(F6=0,0,(H6+J6)/F6) -> 0.25 | O6: 合格率 | P6: =IF(F6=0,0,H6/F6) -> 0.25
A8: 単体との重複を除いた結合テストケース
A9: 項番 | B9: 分類 | C9: テスト観点 | D9: 関連画面 | E9: 前提条件（ここを読んで準備する） | F9: 操作手順 | G9: 期待結果 | H9: 期待メッセージ | I9: テスト結果 | J9: 実施者 | K9: 実施日 | L9: 不具合内容 | M9: 再テスト結果 | N9: 再テスト実施者 | O9: 再テスト実施日 | P9: 最終判定 | Q9: 備考／根拠
A10: INT01-01 | B10: 正常系 | C10: 検索行の契約キーと履歴期間の一致 | D10: 1003U→1005U | E10: 【用意するもの】過去・現在・未来など複数の期間を持つ取引先契約1件と、契約NOが似ている別の契約1件。 【準備】1003U（契約を検索する画面）で両方が検索できることを確認。1005U（契約内容の画面）で各期間の日付、取引先、プラント、機器を記録する。 【完了の目安】どちらの契約か、どの期間かを番号と日付で区別できる。 【全ケース共通】試験専用の環境・データを使用。接続先と実行日／月を記録し、画面の識別番号（ID）・変更前情報を控える。DBの確認は担当者に読取だけを依頼し、自分で書き換えない。 | F10: 手順1：1003Uで対象行を開く。 手順2：契約ID・期間IDを記録し、別期間を開いてDBの同じキーと照合する。 | G10: 選択した契約の期間・取引先・プラント・機器が一貫して同じキーを参照し、隣の契約や別期間の内容が混入しない。 | H10: －（表示文言のみの確認は単体に委ねる） | I10: OK | J10: 池澤 | K10: 46309 | P10: =IF(M10<>"",M10,IF(I10<>"",I10,"未実施")) -> OK | Q10: 関連単体：1005-1 単体の表示・単独操作ではなく、期待結果の連携部分を追加判定。 根拠：R1005
A11: INT01-02 | B11: 正常系 | C11: 見積から新規契約を作成し検索へ反映 | D11: 1003U→1006U1/U2→1005U→1003U | E11: 【用意するもの】まだ契約を作っていない、破棄されていない取引先見積1件。担当者Aには取引先契約の作成権限が必要。 【準備】1003Uで対象見積が検索できることを確認。見積NO、取引先、納入先、プラント、期間、機器と単価を記録し、契約に入れる機器／入れない機器を決める。 【完了の目安】元見積の情報と採用予定機器がわかり、契約が未作成である。「契約作成」は本テストで押す。 【全ケース共通】試験専用の環境・データを使用。接続先と実行日／月を記録し、画面の識別番号（ID）・変更前情報を控える。DBの確認は担当者に読取だけを依頼し、自分で書き換えない。 | F11: 手順1：1003Uの対象見積行で「契約作成」を押し、直後に1006Uの初期表示と引継ぎ項目を対象行と照合する。 手順2：構成・明細・個体を選び摘要し、1005Uで登録する。 手順3：1003Uを同条件で再検索し契約を開く。 | G11: 選定した見積IDに対応する契約が検索に現れる。契約・期間・選定機器・単価の親子キーが一致し、選定しなかった機器は契約に入らない。 登録採番後は仮の負IDを残さず、期間・構成・明細・個体・単価の外部キーを同じ親へ結び直す。 遷移直後に1005Uへ移り、取引先見積契約時間ID、取引先ID・コード・名、納入先コード・名、サポートID、プラント名・IDが1003Uの対象行と一致する。 | H11: －（表示文言のみの確認は単体に委ねる） | I11: OK | J11: 池澤 | K11: 46309 | P11: =IF(M11<>"",M11,IF(I11<>"",I11,"未実施")) -> OK | Q11: 関連単体：1005-17, 1006-1, 1006-2, 1006-24 単体の表示・単独操作ではなく、期待結果の連携部分を追加判定。 根拠：R1006 / R1005 移行元：1003-24 遷移先に関する移行元の疑義は確定不具合ではなく、実施時の確認事項。
A12: INT01-03 | B12: 正常系 | C12: 複数見積の選定と契約への集約 | D12: 1006U1/U2→1005U | E12: 【用意するもの】同じプラントに属し、見積NOと単価が異なる未契約見積2件。同じ機器明細に、保守条件の異なる単価が複数あるもの。 【準備】見積ごとに機器、個体（機器1台ごとの管理データ）、数量、単価、標準価格、仕切価格、保守条件を記録する。旧システム（VB）の担当者に単価の並び順と先頭の単価を確認してもらう。 【完了の目安】各機器・金額がどちらの見積に由来するか、保守条件をどの単価から採るかを照合できる。 【全ケース共通】試験専用の環境・データを使用。接続先と実行日／月を記録し、画面の識別番号（ID）・変更前情報を控える。DBの確認は担当者に読取だけを依頼し、自分で書き換えない。 | F12: 手順1：2見積を選択して次へ。 手順2：各見積の対象個体を摘要、登録後に契約機器・単価を元見積と照合する。 手順3： 明細金額・標準価格・仕切価格を単価別の保存値から照合し、保守表示の採用元も確認する。 | G12: 選択した見積に由来する機器・単価だけが契約へ渡り、見積NO・機器明細ID・個体IDの対応が崩れない。金額・数量の異なる行が取り違えられない。 明細金額は対象単価の合算と数量に一致し、保守条件はVBの並び順で先頭の単価から採用する。別単価の条件を無条件に合算しない。 | H12: －（表示文言のみの確認は単体に委ねる） | I12: 保留 | J12: 池澤 | K12: 46309 | L12: DB画面確認が残っている | P12: =IF(M12<>"",M12,IF(I12<>"",I12,"未実施")) -> 保留 | Q12: 関連単体：1006-12, 1006-13, 1006-24 単体の表示・単独操作ではなく、期待結果の連携部分を追加判定。 根拠：R1006 / R1005
A13: INT01-04 | B13: 正常系 | C13: 下位個体の除外が保存数量と帳票に反映 | D13: 1006U2→1005U→1003P | E13: 【用意するもの】同じ機器明細に、数量の異なる個体が2件以上ある未契約見積。 【準備】個体ごとの管理番号と数量を記録し、契約に入れる個体と除外する個体を決める。採用する個体の数量を足した値も記録する。 【完了の目安】採用／除外が番号で区別でき、登録後の数量・金額・帳票を照合できる。個体の選定・登録・発行は本テストで行う。 【全ケース共通】試験専用の環境・データを使用。接続先と実行日／月を記録し、画面の識別番号（ID）・変更前情報を控える。DBの確認は担当者に読取だけを依頼し、自分で書き換えない。 | F13: 手順1：個体の一部だけ契約有無をONにして摘要、登録・契約発行。 手順2：契約明細・単価数量・帳票を選定個体合計と照合する。 | G13: 契約明細と単価の数量が採用個体の数量合計と一致し、除外個体が帳票の数量・金額に加算されない。 | H13: －（表示文言のみの確認は単体に委ねる） | I13: OK | J13: 池澤 | K13: 46309 | P13: =IF(M13<>"",M13,IF(I13<>"",I13,"未実施")) -> OK | Q13: 関連単体：1006-18, 1006-19, 1006-20, 1006-21, 1006-24 単体の表示・単独操作ではなく、期待結果の連携部分を追加判定。 根拠：R1006 / R1005
A14: INT01-05 | B14: 正常系 | C14: 未選定見積の構成が契約に混入しない | D14: 1006U1/U2→1005U | E14: 【用意するもの】同名の機器を持つ未契約見積2件。片方だけを契約作成に使う。 【準備】採用する見積と採用しない見積の見積NO、機器・明細・個体・単価の管理番号を記録する。 【完了の目安】機器名が同じでも所属見積を番号で区別できる。採用しない見積の機器が保存されないか確認できる。 【全ケース共通】試験専用の環境・データを使用。接続先と実行日／月を記録し、画面の識別番号（ID）・変更前情報を控える。DBの確認は担当者に読取だけを依頼し、自分で書き換えない。 | F14: 手順1：見積を1件だけ選び、2画面目で対象構成を摘要して登録する。 手順2：契約の個体ID一覧と選択元を照合する。 | G14: 画面に見えていても前画面の未選定見積に属する構成・明細・個体・単価は保存されない。 | H14: －（表示文言のみの確認は単体に委ねる） | I14: OK | J14: 池澤 | K14: 46309 | P14: =IF(M14<>"",M14,IF(I14<>"",I14,"未実施")) -> OK | Q14: 関連単体：1006-14, 1006-15, 1006-16, 1006-17 単体の表示・単独操作ではなく、期待結果の連携部分を追加判定。 根拠：R1006 / R1005
A15: INT01-06 | B15: 正常系 | C15: 期間を短縮した選定単価の受け渡し | D15: 1006U1/U2→1005U→1003P | E15: 【用意するもの】未契約見積、出精値引き0、数量2。「入力値・期待値表」の5期間条件それぞれに、標準／仕切が割り切れる単価Aと余りを持つ単価Bを別契約で用意する。計10パターン。 ③④の対象単価と補助単価は、同一の元見積契約時間IDに属する別期間へ登録する。見積情報の行を期間数だけ複製して選ぶ方法は使わない。契約全期間を覆う補助期間を用意し、同じ機器明細＋個体の組は元見積の個体明細に1回だけ登録する。 登録する新規契約NOは、管理者が試験専用の未使用番号を準備表へ記入する。DBの契約ID採番と画面の契約NOは別。契約NOが自動設定されると仮定しない。 【入力値】「入力値・期待値表」の期間・金額。A／Bは実在データと主張する値ではなく、作成する試験データの設計値。実施日が進んだ場合は全関連年を同じ年数だけ移し、月数・期待額を維持する。 入力値・期待値表（元単価A：標準12,000／仕切9,600、B：標準12,005／仕切9,607、数量2） 条件｜対象元期間｜契約期間｜補助期間・単価｜Aの標準／仕切合計｜Bの標準／仕切合計 ①開始側短縮｜2027/04/01～2028/03/31｜2027/07/01～2028/03/31｜なし｜18,000／14,400｜18,000／14,400 ②終了側短縮｜2027/04/01～2028/03/31｜2027/04/01～2027/12/31｜なし｜18,000／14,400｜18,010／14,414 ③対象元期間が内側｜2027/07/01～2027/12/31｜2027/04/01～2028/03/31｜4～6月と翌1～3月に各標準3,000／仕切2,400｜36,000／28,800｜36,010／28,814 ④対象元期間が外側｜2027/01/01～2027/03/31｜2027/04/01～2027/12/31｜契約全期間に標準9,000／仕切7,200｜18,000／14,400｜18,000／14,400 ⑤元終了なし｜2027/04/01～空欄｜2027/07/01～2028/03/31｜なし｜18,000／14,400｜18,010／14,414 採用対象単価1件の期待値（金額の順は標準／仕切）：①A/Bとも9,000／7,200、②A9,000／7,200・B9,005／7,207、③A12,000／9,600・B12,005／9,607に補助2件各3,000／2,400を加算、④対象元単価0件で補助9,000／7,200のみ、⑤A9,000／7,200・B9,005／7,207。 【全ケース共通】試験専用の環境・データを使用。接続先と実行日／月を記録し、画面の識別番号（ID）・変更前情報を控える。DBの確認は担当者に読取だけを依頼し、自分で書き換えない。 | F15: 手順1：メニューの「取引先見積・契約検索」を押してMCM1003Uを開く。「見積依頼NO」にデータ準備表の各パターンの見積のNOを入力し、「検索」を押す。状態・承認状態のチェックは各パターンの見積の状態を含める。 手順2：検索結果で各パターンの見積の「依頼NO」「取引先名」「サポートID」「プラント名」を照合し、右端の2つの「契約」列のうち左側にあるリンクを押す。MCM1006U①が開く。右側の破棄リンクは押さない。 手順3：1006U①「期間」に「入力値・期待値表」の契約開始・終了日を入力し、「≪見積情報≫」でそのパターンの見積だけをONにして「次へ」を押す。 手順4：MCM1006U②の左上「≪機器構成パターン≫」、右上「≪納入機器明細≫」、下段「≪機器個体・明細≫」で、そのパターンの対象明細・個体数量2を選定する。選定する行のチェックをONにし、除外する行をOFFにする。品名・型式・個体名・シリアル番号と「見積依頼NO」を準備表と照合して選ぶ。行を選択すると表示する下位行が切り替わるため、別の構成・明細の行も選択してチェック状態を確認する。 手順5：「摘要」を押し、1005U機器情報の標準価格・仕切価格・数量・標準計・仕切計と、期間右側の「≪標準価格≫」の「合計」と、出精値引きの下の「合計」を記録する。 手順6：MCM1005U上段「契約NO」と期間内「契約NO」に準備した未使用の試験契約NOを入力する。「≪支払情報≫」で準備表の回数・月を設定する。開始月はON、回数はON月数以上。指定がない場合は回数1・開始月だけONにする。MCM1005Uで「登録」を押す。新規登録時の個体期限設定確認が表示された場合は「OK」、続く「登録を実施します。よろしいですか？」は「OK」を押す。「登録が完了しました。」の通知を確認する。 手順7：選択期間を変えずに「契約発行」を押す。未保存の場合は登録確認の「OK」を押す。取得した「契約手続依頼書.xls」を開いて、Excelの表示・印刷レイアウトだけでなく、下記の転記内容を確認する。 手順8：DB担当者に採用元単価ID、切り詰め後の単価開始・終了日、標準・仕切保存値、契約明細数量を確認してもらう。 手順9：取得した帳票の「見積金額（仕切）」と準備表の数量倍の合計を比較する。次のパターンは別の未契約見積から開始し、登録済み契約を使い回さない。 | G15: ・単価A／Bの採用値と画面集計は「入力値・期待値表」に一致する。④の期間外単価は採用されない。⑤は元終了日なしのため元月数12で、開始側を短くしても余りを加える。 ・帳票「見積金額（仕切）」は「入力値・期待値表」の仕切合計に一致する。帳票に元単価1件ごとの標準価格・日付が載るとは期待しない。 ・MCM_TK_TANKAの採用元単価ID・期間・HYOJUN_KIN・SIKIRI_KINが「入力値・期待値表」の採用値と一致する。SURYO_NMはMCM_TK_KIKIMEISAIで2。期間合計は採用単価合計×数量、出精値引き0。元見積の単価・期間は変わらない。 | H15: －（表示文言のみの確認は単体に委ねる） | I15: OK | J15: 池澤 | K15: 46311 | P15: =IF(M15<>"",M15,IF(I15<>"",I15,"未実施")) -> OK | Q15: 関連単体：1006-9, 1006-11, 1006-24 単体の表示・単独操作ではなく、期待結果の連携部分を追加判定。 根拠：R1006/R1005 setTankaKin・GetYYYYMM、VB1006-08/VB1005-25 VB setTankaKin／GetYYYYMMの月割り・余りと終了日なし例外を反映。単価保存値、数量倍集計、帳票仕切合計を別判定。 ④の対象元期間は1006U①の期間抽出で対象外となる。対象外元単価を②に表示させて除外する操作ではなく、契約へ入らないことを確認する。 元Excel行：15。実施区分：通常＋DB担当者の読取確認。元の画面間フロー：1006U1/U2→1005U→1003P。
A16: INT01-07 | B16: 正常系 | C16: 未承認の未来期間を同日開始で変更 | D16: 1005U→1006U→1005U | E16: 【用意するもの】開始日がテスト実施日より後の最新期間を持つ取引先契約。対象期間に承認済み添付がなく、出精値引きが0のもの。 【準備】1005Uで開始日、添付の状態、期間の管理番号、機器、前の有効期間を記録する。変更予定日は元の開始日と同じ日にする。 【完了の目安】未来・未承認の条件が確認でき、変更前の期間と機器が特定できる。機器変更はまだ行わない。 【全ケース共通】試験専用の環境・データを使用。接続先と実行日／月を記録し、画面の識別番号（ID）・変更前情報を控える。DBの確認は担当者に読取だけを依頼し、自分で書き換えない。 | F16: 手順1：変更摘要開始日を元開始日と同じにし、機器を入れ替えて摘要・登録。 手順2：履歴と期間IDを再確認する。 | G16: 未承認の未来期間を更新し、置換だけのために期間を増やさない。前の有効期間の日付調整と、更新対象の機器・金額が保存される。現在・過去・承認済み未来期間の履歴分岐はINT01-20/21で別判定する。 | H16: －（表示文言のみの確認は単体に委ねる） | I16: OK | J16: 池澤 | K16: 46309 | P16: =IF(M16<>"",M16,IF(I16<>"",I16,"未実施")) -> OK | Q16: 関連単体：1006-3, 1006-25 単体の表示・単独操作ではなく、期待結果の連携部分を追加判定。 根拠：R1005 Screen 100～281 / TabControl 1630～1700、R1006
A17: INT01-08 | B17: 正常系 | C17: 期間途中からの変更で履歴を分割 | D17: 1005U→1006U→1005U→3002U | E17: 【用意するもの】最新の現在期間（開始≦実施日≦終了）を持つ契約A。審査中・承認中・解約・破棄でなく、変更が活性。出精値引き0。 【準備】変更日Xは期間途中の月初日。旧機器Aと新Bの単価・数量、旧期間の支払回数・ON月、変更前後の支払月と期待額を記録。Q11／Q16に従いユーザー契約・確認済み製番・支払ビューが抽出できる状態をDB担当者が用意する。 【入力値】例：実施日2026/10/14、旧2026/04/01～2027/03/31、X=2026/11/01。比較月2026/10・2026/11。実施日が違う場合は現在期間となる日付を準備表で確定する。 【全ケース共通】試験専用の環境・データを使用。接続先と実行日／月を記録し、画面の識別番号（ID）・変更前情報を控える。DBの確認は担当者に読取だけを依頼し、自分で書き換えない。 | F17: 手順1：メニューの「取引先見積・契約検索」を押してMCM1003Uを開く。「契約NO」にデータ準備表の契約Aの契約NOを入力し、「検索」を押す。状態・承認状態のチェックは契約Aの状態を含める。 手順2：検索結果の「契約NO」「取引先名」「サポートID」「プラント名」が契約Aと一致する行の「契約NO」リンクを押す。MCM1005U「取引先契約内容」が開く。 手順3：現在期間の開始日のタブを選び、「変更摘要開始日」にXを入力して「変更」を押す。 手順4：1006U①「期間」の開始日Xを確認し、終了日に旧期間の終了日を入力する。新Bの見積だけをON、不要な旧見積をOFFにして「次へ」。例なら2026/11/01～2027/03/31。自動設定の2027/10/31のまま進めない。 手順5：MCM1006U②の左上「≪機器構成パターン≫」、右上「≪納入機器明細≫」、下段「≪機器個体・明細≫」で、新機器Bのみを選定する。選定する行のチェックをONにし、除外する行をOFFにする。品名・型式・個体名・シリアル番号と「見積依頼NO」を準備表と照合して選ぶ。行を選択すると表示する下位行が切り替わるため、別の構成・明細の行も選択してチェック状態を確認する。 手順6：「摘要」を押す。1005Uの新期間で「≪支払情報≫」の「回数」と月チェックを準備表の新期間の設定にする。旧期間の設定は変更しない。 手順7：MCM1005Uで「登録」を押し、「登録を実施します。よろしいですか？」の「OK」を押す。「登録が完了しました。」の通知を確認する。 手順8：MCM1005Uの「閉じる」を押してMCM1003Uへ戻り、記録した契約NOで「検索」を押す。「契約NO」リンクを押し、開始日で識別した期間タブを選び直す。 手順9：旧期間→新期間の順にタブを選び、期間・機器・金額・支払回数／月を記録する。 手順10：確認した画面内容を記録し、現在の画面の「閉じる」を押す。戻り先が業務画面の場合はその画面の「閉じる」も押し、メニューまで戻る。離脱確認が出たら、開始前に記録した離脱確定の選択肢を押す。支払い明細出力指示（MCM3002U）をメニューから開く。「支払い月」に準備表の年月（yyyy/MM）を入力し、準備した支払回数に対応する「年払い」又は「月払い」を選んで「出力」を押す。取得したZIPを展開し、中の支払い明細と発注確認書のExcelを開く。各条件の対象契約NO・取引先・対象月で行を識別する。 手順11：変更前月と変更後月の2回出力し、DB担当者に支払ビューの採用期間IDと金額の元行を確認してもらう。 | G17: ・旧期間終了はXの前日、新期間開始はX、旧開始と新終了は準備表どおり。旧期間にA、新期間にBを表示する。旧と新の有効期間の日付に重複・空白がない。 ・変更前月のExcelは旧Aの契約期間・仕切額、変更後月は新Bの契約期間・仕切額に一致する。期中変更で年払い等の条件が異なる場合は準備表の支払条件に対応する出力月で比較する。 ・旧期間IDは維持、新期間IDが1件増える。旧終了=X−1日、新開始=X。旧Aの履歴価格は変更前のまま、新Bの元単価IDと価格は準備表に一致。支払親子・ビューの対象期間が前後月で準備した旧新IDに一致する。 | H17: －（表示文言のみの確認は単体に委ねる） | P17: =IF(M17<>"",M17,IF(I17<>"",I17,"未実施")) -> 未実施 | Q17: 関連単体：1006-3, 1006-25 単体の表示・単独操作ではなく、期待結果の連携部分を追加判定。 根拠：R1005 / R1006 / R3002 未承認未来の置換条件は07／28。新期間の支払回数0のまま登録して、支払出力0件を不具合と判定しない。Q11／Q16未解消なら支払出力の部分は保留し、期間分割の判定と分ける。 元Excel行：17。実施区分：通常＋DB担当者の読取確認。元の画面間フロー：1005U→1006U→1005U→3002U。
A18: INT01-09 | B18: 正常系 | C18: 期間末日の翌日から更新期間を追加 | D18: 1005U→1006U→1005U | E18: 【用意するもの】最新が現在又は過去の契約Aを用意する。未来未承認期間は使用しない。変更ボタンが活性、出精値引き0。更新終了Yは実施日以後とし、新期間の支払設定を編集できる条件にする。 【準備】旧期間終了E、更新開始X=Eの翌日、更新終了Y=Xから1年後の前日を記録する。旧期間のID・全期間件数・機器・価格をDB担当者が記録する。X～Yを覆う更新元見積Bと新機器Bを準備する。 【入力値】変更摘要開始日＝旧終了翌日。1006U終了日＝更新開始の1年後の前日。実値を準備表に記入する。 【全ケース共通】試験専用の環境・データを使用。接続先と実行日／月を記録し、画面の識別番号（ID）・変更前情報を控える。DBの確認は担当者に読取だけを依頼し、自分で書き換えない。 | F18: 手順1：メニューの「取引先見積・契約検索」を押してMCM1003Uを開く。「契約NO」にデータ準備表の契約Aの契約NOを入力し、「検索」を押す。状態・承認状態のチェックは契約Aの状態を含める。 手順2：検索結果の「契約NO」「取引先名」「サポートID」「プラント名」が契約Aと一致する行の「契約NO」リンクを押す。MCM1005U「取引先契約内容」が開く。 手順3：旧期間タブの「変更摘要開始日」にXを入力して「変更」を押す。変更日が過去日の場合の確認は「OK」を押す。 手順4：1006U①で開始日Xを確認し、終了日にYを入力する。更新元見積BをONにして「次へ」を押す。 手順5：MCM1006U②の左上「≪機器構成パターン≫」、右上「≪納入機器明細≫」、下段「≪機器個体・明細≫」で、更新機器Bを選定する。選定する行のチェックをONにし、除外する行をOFFにする。品名・型式・個体名・シリアル番号と「見積依頼NO」を準備表と照合して選ぶ。行を選択すると表示する下位行が切り替わるため、別の構成・明細の行も選択してチェック状態を確認する。 手順6：「摘要」を押し、新期間X～Yの表示を確認する。新期間の支払回数・月を準備表に設定する。 手順7：MCM1005Uで「登録」を押し、「登録を実施します。よろしいですか？」の「OK」を押す。「登録が完了しました。」の通知を確認する。 手順8：MCM1005Uの「閉じる」を押してMCM1003Uへ戻り、記録した契約NOで「検索」を押す。「契約NO」リンクを押し、開始日で識別した期間タブを選び直す。 手順9：旧→新の期間タブと上段「次回更新日」を記録し、DB担当者にID・件数・日付を照合してもらう。 | G18: ・旧期間は開始～Eと旧機器・価格のまま、新期間はX～YとBを表示する。次回更新日はYの翌日。旧終了Eと新開始Xの間に空白・重複がない。 ・旧期間ID・旧明細値を維持し、新しい有効期間が1件増える。新明細は新期間ID所属。親契約の次回更新日はY+1日。 | H18: －（表示文言のみの確認は単体に委ねる） | P18: =IF(M18<>"",M18,IF(I18<>"",I18,"未実施")) -> 未実施 | Q18: 関連単体：1006-25 単体の表示・単独操作ではなく、期待結果の連携部分を追加判定。 根拠：R1005 / R1006 元Excel行：18。実施区分：通常＋DB担当者の読取確認。元の画面間フロー：1005U→1006U→1005U。
A19: INT01-10 | B19: 正常系 | C19: 変更途中で戻った場合の親データ保護 | D19: 1005U→1006U→1005U | E19: 【用意するもの】同じ初期状態にある試験用契約を閉じる条件Aと前へ条件Bで別々に用意する。機器変更が可能で、保存済み上段備考は「INT01-10保存済」。 【準備】機器と価格・件数を記録する。試験開始時の上段「備考」は保存済み文字「INT01-10保存済」。未保存文字の入力は操作手順3で1回だけ行う。ブラウザーの離脱確認が表示される環境は、使用ブラウザーの「離脱を確定する選択肢」の実表示名を開始前記録欄に記入する。 【入力値】上段備考＝INT01-10未保存。変更日とBは準備表へ記入。 【全ケース共通】試験専用の環境・データを使用。接続先と実行日／月を記録し、画面の識別番号（ID）・変更前情報を控える。DBの確認は担当者に読取だけを依頼し、自分で書き換えない。 | F19: 手順1：メニューの「取引先見積・契約検索」を押してMCM1003Uを開く。「契約NO」にデータ準備表の各条件の契約の契約NOを入力し、「検索」を押す。状態・承認状態のチェックは各条件の契約の状態を含める。 手順2：検索結果の「契約NO」「取引先名」「サポートID」「プラント名」が各条件の契約と一致する行の「契約NO」リンクを押す。MCM1005U「取引先契約内容」が開く。 手順3：上段「備考」を未保存文字にする。指定期間の「変更摘要開始日」に準備日を入力して「変更」を押す。1006U①で見積を選び「次へ」を押す。 手順4：MCM1006U②の左上「≪機器構成パターン≫」、右上「≪納入機器明細≫」、下段「≪機器個体・明細≫」で、未保存の新機器Bを選定する。選定する行のチェックをONにし、除外する行をOFFにする。品名・型式・個体名・シリアル番号と「見積依頼NO」を準備表と照合して選ぶ。行を選択すると表示する下位行が切り替わるため、別の構成・明細の行も選択してチェック状態を確認する。 手順5：条件A：1006U②の「閉じる」を押す。条件B：②の「前へ」を押して①を確認し、その後①の「閉じる」を押す。どちらも「摘要」は押さない。離脱確認が出た場合は開始前に記録した離脱確定の選択肢を押す。 手順6：戻った1005Uの上段「備考」、期間、機器・価格を記録する。「登録」は押さない。 手順7：DB担当者に処理前後の保存備考・期間・機器・価格・件数を照合してもらう。実施後は1005Uも登録せず閉じ、試験前の保存値から次条件を開始する。 | G19: ・②「前へ」の直後は①、②又は①「閉じる」の後は呼出元1005U。摘要していないBは親の機器情報に反映されず、旧機器・価格・期間を保持する。 ・1005Uに戻った上段備考は未保存文字「INT01-10未保存」。別契約の備考へ置き換わらない。 ・保存済み備考は「INT01-10保存済」のまま。契約・期間・機器・単価の件数と保存値は処理前のまま。Web上の未保存備考保持を、DB保存成功と判定しない。 | H19: －（表示文言のみの確認は単体に委ねる） | P19: =IF(M19<>"",M19,IF(I19<>"",I19,"未実施")) -> 未実施 | Q19: 関連単体：1006-22, 1006-25 単体の表示・単独操作ではなく、期待結果の連携部分を追加判定。 根拠：R1005 / R1006 「戻る」を実ボタン「前へ」に訂正。ブラウザー固有の確認文言はソースから確定できないため使用環境で記録。 元Excel行：19。実施区分：通常＋DB担当者の読取確認。元の画面間フロー：1005U→1006U→1005U。
A20: INT01-11 | B20: 正常系 | C20: 選定を戻って変更した後は最終案だけ保存 | D20: 1006U1/U2→1005U | E20: 【用意するもの】同じ取引先・プラントの未契約見積A／B。機器・個体・単価が別。 【準備】初回選定案はA、最終案はB。元ID・表示値を控える。登録する新規契約NOは、管理者が試験専用の未使用番号を準備表へ記入する。DBの契約ID採番と画面の契約NOは別。契約NOが自動設定されると仮定しない。 【入力値】準備表に実際の番号・名称・日付・値を記入する。 【全ケース共通】試験専用の環境・データを使用。接続先と実行日／月を記録し、画面の識別番号（ID）・変更前情報を控える。DBの確認は担当者に読取だけを依頼し、自分で書き換えない。 | F20: 手順1：メニューの「取引先見積・契約検索」を押してMCM1003Uを開く。「見積依頼NO」にデータ準備表の見積AのNOを入力し、「検索」を押す。状態・承認状態のチェックは見積Aの状態を含める。 手順2：検索結果で見積Aの「依頼NO」「取引先名」「サポートID」「プラント名」を照合し、右端の2つの「契約」列のうち左側にあるリンクを押す。MCM1006U①が開く。右側の破棄リンクは押さない。 手順3：1006U①でAだけONにして「次へ」を押す。②でAの構成・明細・個体を選定するが「摘要」は押さない。 手順4：②「前へ」を押す。①でAをOFF、BをONにして「次へ」を押す。 手順5：MCM1006U②の左上「≪機器構成パターン≫」、右上「≪納入機器明細≫」、下段「≪機器個体・明細≫」で、B由来の機器のみを選定する。選定する行のチェックをONにし、除外する行をOFFにする。品名・型式・個体名・シリアル番号と「見積依頼NO」を準備表と照合して選ぶ。行を選択すると表示する下位行が切り替わるため、別の構成・明細の行も選択してチェック状態を確認する。 手順6：「摘要」を押し、1005UにBが表示されAが表示されないことを確認する。 手順7：MCM1005U上段「契約NO」と期間内「契約NO」に準備した未使用の試験契約NOを入力する。「≪支払情報≫」で準備表の回数・月を設定する。開始月はON、回数はON月数以上。指定がない場合は回数1・開始月だけONにする。MCM1005Uで「登録」を押す。新規登録時の個体期限設定確認が表示された場合は「OK」、続く「登録を実施します。よろしいですか？」は「OK」を押す。「登録が完了しました。」の通知を確認する。 手順8：契約NOを記録する。MCM1005Uの「閉じる」を押してMCM1003Uへ戻り、記録した契約NOで「検索」を押す。「契約NO」リンクを押し、開始日で識別した期間タブを選び直す。 手順9：DB担当者に最終採用元・数量・価格を照合してもらう。 | G20: ・開き直した契約にはBの品名・型式・数量・金額が表示される。A由来の機器・数量・価格が残らない。 ・採用する構成・明細・個体・単価の元IDはB。A由来の保存行0件。仮のA選定案は独立した契約・期間として保存されない。 | H20: －（表示文言のみの確認は単体に委ねる） | P20: =IF(M20<>"",M20,IF(I20<>"",I20,"未実施")) -> 未実施 | Q20: 関連単体：1006-22, 1006-24 単体の表示・単独操作ではなく、期待結果の連携部分を追加判定。 根拠：R1006 / R1005 元Excel行：20。実施区分：通常＋DB担当者の読取確認。元の画面間フロー：1006U1/U2→1005U。
A21: INT01-12 | B21: 正常系 | C21: 未登録の新規選定を終了した際の孤立データ防止 | D21: 1006U→1005U→1003U | E21: 【用意するもの】契約未作成の見積A。 【準備】処理前の関連契約・期間・機器親子・単価件数をDB担当者が元見積IDで記録する。ブラウザー離脱確認の回答名は開始前に記録する。 【入力値】準備表に実際の番号・名称・日付・値を記入する。 【全ケース共通】試験専用の環境・データを使用。接続先と実行日／月を記録し、画面の識別番号（ID）・変更前情報を控える。DBの確認は担当者に読取だけを依頼し、自分で書き換えない。 | F21: 手順1：メニューの「取引先見積・契約検索」を押してMCM1003Uを開く。「見積依頼NO」にデータ準備表の見積AのNOを入力し、「検索」を押す。状態・承認状態のチェックは見積Aの状態を含める。 手順2：検索結果で見積Aの「依頼NO」「取引先名」「サポートID」「プラント名」を照合し、右端の2つの「契約」列のうち左側にあるリンクを押す。MCM1006U①が開く。右側の破棄リンクは押さない。 手順3：1006U①でAをONにし、準備期間で「次へ」を押す。 手順4：MCM1006U②の左上「≪機器構成パターン≫」、右上「≪納入機器明細≫」、下段「≪機器個体・明細≫」で、データ準備表の採用機器を選定する。選定する行のチェックをONにし、除外する行をOFFにする。品名・型式・個体名・シリアル番号と「見積依頼NO」を準備表と照合して選ぶ。行を選択すると表示する下位行が切り替わるため、別の構成・明細の行も選択してチェック状態を確認する。 手順5：「摘要」を押して1005Uを開く。上段契約NO・機器情報を画面記録するが「登録」「契約発行」「申請」は押さない。 手順6：1005Uの「閉じる」を押す。離脱確認が出る場合は記録した離脱確定の選択肢を押す。 手順7：1003U「見積依頼NO」で元見積Aを再検索する。DB担当者に元見積IDで追加契約と孤立親子の件数を照合してもらう。 | G21: ・再検索の元見積行は処理前の状態。未登録案の新しい契約NOが確定した契約として表示されない。 ・元見積に関連する契約・期間・構成・明細・個体・単価の件数増分がすべて0。親を持たない子データの追加0件。既存元見積の値・状態が処理前のまま。 | H21: 登録・発行・申請の完了通知なし。 | P21: =IF(M21<>"",M21,IF(I21<>"",I21,"未実施")) -> 未実施 | Q21: 関連単体：1006-24 単体の表示・単独操作ではなく、期待結果の連携部分を追加判定。 根拠：R1006 / R1005 元Excel行：21。実施区分：通常＋DB担当者の読取確認。元の画面間フロー：1006U→1005U→1003U。
A22: INT01-13 | B22: 正常系 | C22: 未保存の変更を契約発行前に保存 | D22: 1005U→1003P→1003U | E22: 【用意するもの】最新の現在又は未承認未来期間を編集できる契約A。審査中・承認中ではなく、対象期間に承認済み添付なし。契約発行が活性。契約時間帯は保存値1。支払・点検回数とON月は正常。 【準備】DB担当者が対象期間ID、KEIYAKUJIKANTAI=1、価格・機器・添付状態を記録する。帳票に転記されない任意備考を試験項目にしない。 【入力値】期間内「契約時間帯」＝2。 【全ケース共通】試験専用の環境・データを使用。接続先と実行日／月を記録し、画面の識別番号（ID）・変更前情報を控える。DBの確認は担当者に読取だけを依頼し、自分で書き換えない。 | F22: 手順1：メニューの「取引先見積・契約検索」を押してMCM1003Uを開く。「契約NO」にデータ準備表の契約Aの契約NOを入力し、「検索」を押す。状態・承認状態のチェックは契約Aの状態を含める。 手順2：検索結果の「契約NO」「取引先名」「サポートID」「プラント名」が契約Aと一致する行の「契約NO」リンクを押す。MCM1005U「取引先契約内容」が開く。 手順3：指定期間タブを選び、期間の右側「契約時間帯」を1から2へ変更する。「登録」は押さない。 手順4：「契約発行」を押す。「登録を実施します。よろしいですか？」の「OK」を押す。 手順5：取得した「契約手続依頼書.xls」を開き、契約セクションの契約時間帯（C14）を確認する。 手順6：MCM1005Uの「閉じる」を押してMCM1003Uへ戻り、記録した契約NOで「検索」を押す。「契約NO」リンクを押し、開始日で識別した期間タブを選び直す。 手順7：DB担当者に対象期間IDの契約時間帯を照合してもらう。 | G22: ・再表示した同じ期間の「契約時間帯」は2。対象期間の開始・終了日は処理前と同じで、別期間の契約時間帯は更新しない。 ・契約手続依頼書C14は「2H」。未保存の変更2が出力に使われ、旧値1Hのままにならない。 ・MCM_TK_KIKAN.KEIYAKUJIKANTAIは対象期間だけ2。機器・価格・対象外期間の契約時間帯は処理前のまま。 | H22: 契約発行前の登録確認「登録を実施します。よろしいですか？」→OK→「登録が完了しました。」→ファイル取得。 | P22: =IF(M22<>"",M22,IF(I22<>"",I22,"未実施")) -> 未実施 | Q22: 関連単体：1005-17, 1005-23 単体の表示・単独操作ではなく、期待結果の連携部分を追加判定。 根拠：R1005 帳票C14はMcm1003pConstantsと1-basedセル書込みで確認。 元Excel行：22。実施区分：通常＋DB担当者の読取確認。元の画面間フロー：1005U→1003P→1003U。
A23: INT01-14 | B23: 正常系 | C23: 帳票に新規・増減・継続機器を出し分け | D23: 1005U→1003P | E23: 【用意するもの】旧期間と比較する現在期間の契約Aと、変更日Xからの更新元見積。出精値引き0。未承認の現在期間から変更し、旧有効期間を残す。 【準備】新期間終了Yを準備表に記入し、変更開始Xから1年以内で元見積がX～Yを覆うよう用意する。機器別に旧→新を準備：新規A0→2、解除B2→0、増加C3→5、減少D5→3、継続E2→2。構成・明細・個体の管理番号とON/OFFを記録する。採用構成の名称・セット数・手配製番を旧新で記録し、採用個体の一次納入日・延長契約日を空欄／入力済みで用意する。異なる元見積NO、重複する手配製番、空の手配製番、点検回数とON月を準備する。実画面で直接編集できない属性は元見積・マスタの試験データとして準備し、選定画面の表示から記録する。 【入力値】準備表に実際の番号・名称・日付・値を記入する。 【全ケース共通】試験専用の環境・データを使用。接続先と実行日／月を記録し、画面の識別番号（ID）・変更前情報を控える。DBの確認は担当者に読取だけを依頼し、自分で書き換えない。 | F23: 手順1：メニューの「取引先見積・契約検索」を押してMCM1003Uを開く。「契約NO」にデータ準備表の契約Aの契約NOを入力し、「検索」を押す。状態・承認状態のチェックは契約Aの状態を含める。 手順2：検索結果の「契約NO」「取引先名」「サポートID」「プラント名」が契約Aと一致する行の「契約NO」リンクを押す。MCM1005U「取引先契約内容」が開く。 手順3：旧期間タブで「変更摘要開始日」にXを入力し「変更」。1006U①「期間」の終了日に準備表のYを入力し、X～Yを覆う更新元見積だけを選んで「次へ」。 手順4：MCM1006U②の左上「≪機器構成パターン≫」、右上「≪納入機器明細≫」、下段「≪機器個体・明細≫」で、A・C・D・Eを選定する。選定する行のチェックをONにし、除外する行をOFFにする。BのチェックをOFFにし、採用個体の数量合計を準備表どおりにする。品名・型式・個体名・シリアル番号と「見積依頼NO」を準備表と照合して選ぶ。行を選択すると表示する下位行が切り替わるため、別の構成・明細の行も選択してチェック状態を確認する。 手順5：「摘要」を押す。1005Uの新期間で点検回数とON月、支払回数とON月を準備表に設定する。 手順6：MCM1005Uで「登録」を押し、「登録を実施します。よろしいですか？」の「OK」を押す。「登録が完了しました。」の通知を確認する。 手順7：選択期間を変えずに「契約発行」を押す。未保存の場合は登録確認の「OK」を押す。取得した「契約手続依頼書.xls」を開いて、Excelの表示・印刷レイアウトだけでなく、下記の転記内容を確認する。 手順8：MCM1005Uの「閉じる」を押してMCM1003Uへ戻り、記録した契約NOで「検索」を押す。「契約NO」リンクを押し、開始日で識別した期間タブを選び直す。 手順9：旧新タブの機器・数量・価格を比較し、DB担当者に選定差分と帳票行の対応を照合してもらう。 | G23: ・新期間の機器情報にはA2・C5・D3・E2が表示され、Bは表示されない。旧期間の数量は元のまま。金額は各採用単価×新数量の準備計算値。 ・帳票の機器別数量・備考区分は、A＝数量2「契約」、B＝数量2「解約」、C＝数量3「契約(継続）」＋数量2「契約」、D＝数量3「契約(継続）」＋数量2「解約」、E＝数量2「契約(継続）」。同じ継続分を重複計上しない。 ・帳票の点検回数・対象月は登録した新設定。元見積NOは採用した番号だけで重複なし、手配製番は採用した空欄以外を重複なしで連結する。日付空欄を架空の日付にしない。 ・OFF→ONは選択した新期間IDと該当構成・明細IDの配下に追加、ON→OFFは新期間の対象解除、ON→ONは準備した数量・構成名称・セット数・手配製番・個体日付に一致する。旧期間の行・属性・単価は変更前のまま。元見積と個体管理の関連が保持される。 | H23: －（表示文言のみの確認は単体に委ねる） | P23: =IF(M23<>"",M23,IF(I23<>"",I23,"未実施")) -> 未実施 | Q23: 関連単体：1005-23 単体の表示・単独操作ではなく、期待結果の連携部分を追加判定。 根拠：R1005 、VB1005-21/23/24 点検親子追加・削除の判定は29。帳票書式だけの単体項目は追加せず、保存差分と出力区分の連携を確認する。 元Excel行：23。実施区分：通常＋DB担当者の読取確認。元の画面間フロー：1005U→1003P。
A24: INT01-15 | B24: 正常系 | C24: 解約日を登録した契約発行の内容 | D24: 1005U→1003P→3002U | E24: 【用意するもの】状態が契約、承認状態が承認済で、上段「解約日」を入力できる契約A。対象期間に承認済添付が1件以上あり、契約発行が活性。解約日未設定。 【準備】解約日Kを月初日とし、Kより前の支払月、K当日、Kより後の支払月が抽出条件を満たす専用データを用意する。例K=2027/01/01、比較月2026/12・2027/01・2027/02。DB担当者が支払TSUKIの実日付とビュー採否を記録する。 【入力値】上段「解約日」＝K。比較する3つの年月の支払い月・年払い／月払いは準備表に記入。 【全ケース共通】試験専用の環境・データを使用。接続先と実行日／月を記録し、画面の識別番号（ID）・変更前情報を控える。DBの確認は担当者に読取だけを依頼し、自分で書き換えない。 | F24: 手順1：メニューの「取引先見積・契約検索」を押してMCM1003Uを開く。「契約NO」にデータ準備表の契約Aの契約NOを入力し、「検索」を押す。状態・承認状態のチェックは契約Aの状態を含める。 手順2：検索結果の「契約NO」「取引先名」「サポートID」「プラント名」が契約Aと一致する行の「契約NO」リンクを押す。MCM1005U「取引先契約内容」が開く。 手順3：指定期間タブを選ぶ。上段の「解約日」にKを入力する。機器選定や期間変更は行わない。 手順4：MCM1005Uで「登録」を押し、「登録を実施します。よろしいですか？」の「OK」を押す。「登録が完了しました。」の通知を確認する。 手順5：選択期間を変えずに「契約発行」を押す。未保存の場合は登録確認の「OK」を押す。取得した「契約手続依頼書.xls」を開いて、Excelの表示・印刷レイアウトだけでなく、下記の転記内容を確認する。 手順6：MCM1005Uの「閉じる」を押してMCM1003Uへ戻り、記録した契約NOで「検索」を押す。「契約NO」リンクを押し、開始日で識別した期間タブを選び直す。 手順7：上段「解約日」と同期間の機器・価格を確認する。 手順8：確認した画面内容を記録し、現在の画面の「閉じる」を押す。戻り先が業務画面の場合はその画面の「閉じる」も押し、メニューまで戻る。離脱確認が出たら、開始前に記録した離脱確定の選択肢を押す。支払い明細出力指示（MCM3002U）をメニューから開く。「支払い月」に準備表の年月（yyyy/MM）を入力し、準備した支払回数に対応する「年払い」又は「月払い」を選んで「出力」を押す。ファイルを取得した場合はZIPを展開し、中の支払い明細と発注確認書のExcelを開く。抽出全体が0件なら「検索結果が1件も存在しません。」を記録し、ファイルを開く操作は行わない。各条件の対象契約NO・取引先・対象月で行を識別する。 手順9：比較月3回を別々に出力し、対象契約の採否と価格をDB担当者の抽出結果と照合する。 | G24: ・再表示の解約日はK。対象期間の開始・終了日、機器・価格・承認済添付は準備した処理前値のまま。 ・契約手続依頼書の区分は解約、解約日C19はK、解約の仕切金額C18は選択期間の仕切合計。明細は対象期間の機器を「解約」区分で出す。新規契約セクションに新規金額を追加しない。 ・支払明細日付TSUKI≦Kは他の条件を満たせば対象、TSUKI>Kは対象契約の行0件。月だけでK当日と判定せず、DBの実日付で比較する。 ・Kより後の比較月に他契約を含む抽出全体が0件なら、「検索結果が1件も存在しません。」とファイル取得0件を確認する。対象契約が出ないことはDBの対象契約IDでも照合する。他契約の結果がある場合はExcel内の対象契約行0件で判定する。 ・MCM_TK_KEIYAKU.KAIYAKU_DT=K、期間・旧機器・単価・承認済添付の所属は処理前のまま。支払ビューはTSUKIとKの比較で採否が準備表に一致する。元支払履歴の行を削除しない。 | H24: －（表示文言のみの確認は単体に委ねる） | P24: =IF(M24<>"",M24,IF(I24<>"",I24,"未実施")) -> 未実施 | Q24: 関連単体：1005-3, 1005-23, 1005-24 単体の表示・単独操作ではなく、期待結果の連携部分を追加判定。 根拠：R1005 / R3002 実施前にQ04の条件・期待を確認。 Q04は本ケースの解約日入力・登録・発行の経路をソースで具体化。解約申請→審査承認→契約状態「解約」への完了手続はこの操作に含めない。Q11／Q16の配備ビューが未確認なら支払部分は保留。 元Excel行：24。実施区分：通常＋DB担当者の読取確認。元の画面間フロー：1005U→1003P→3002U。
A25: INT01-16 | B25: 正常系 | C25: 契約日程変更が点検と支払い予定に反映 | D25: 1005U→3002U/3003U | E25: 【用意するもの】最新の現在期間を変更できる契約Aと更新元見積。変更対象外の別契約B。出精値引き0。 【準備】期間途中の月初日Xで新期間を作る。旧・新期間それぞれに支払と点検の対象月を用意する。Bにも同月の予定を用意する。変更後終了Yを準備表へ記入し、X～Yを1年以内、更新元見積がX～Yを覆う条件にする。旧期間に残す対象月と新期間に設定する対象月、それぞれの機器・支払額・点検回数を準備表へ記入する。DB担当者がAの旧期間ID、支払親子・点検親子、ユーザー契約・確認済製番・点検対象個体を記録し、各出力ビューで対象となることを確認する。Q11／Q16未確認なら後続出力は保留。 【入力値】準備表に実際の番号・名称・日付・値を記入する。 【全ケース共通】試験専用の環境・データを使用。接続先と実行日／月を記録し、画面の識別番号（ID）・変更前情報を控える。DBの確認は担当者に読取だけを依頼し、自分で書き換えない。 | F25: 手順1：メニューの「取引先見積・契約検索」を押してMCM1003Uを開く。「契約NO」にデータ準備表の契約Aの契約NOを入力し、「検索」を押す。状態・承認状態のチェックは契約Aの状態を含める。 手順2：検索結果の「契約NO」「取引先名」「サポートID」「プラント名」が契約Aと一致する行の「契約NO」リンクを押す。MCM1005U「取引先契約内容」が開く。 手順3：現在期間のタブを選び、「変更摘要開始日」にXを入力して「変更」を押す。MCM1006U①が開くことを確認する。 手順4：1006U①で開始日Xを確認し、終了日に準備したYを入力する。X～Yを覆う更新元見積だけをONにして「次へ」を押す。 手順5：MCM1006U②の左上「≪機器構成パターン≫」、右上「≪納入機器明細≫」、下段「≪機器個体・明細≫」で、新期間の予定対象機器を選定する。選定する行のチェックをONにし、除外する行をOFFにする。品名・型式・個体名・シリアル番号と「見積依頼NO」を準備表と照合して選ぶ。行を選択すると表示する下位行が切り替わるため、別の構成・明細の行も選択してチェック状態を確認する。 手順6：「摘要」を押す。1005U新期間の「≪点検情報≫」で機器行の「回数」と指定月チェック、「≪支払情報≫」の「回数」と月チェックを準備表に設定する。 手順7：MCM1005Uで「登録」を押し、「登録を実施します。よろしいですか？」の「OK」を押す。「登録が完了しました。」の通知を確認する。 手順8：MCM1005Uの「閉じる」を押してMCM1003Uへ戻り、記録した契約NOで「検索」を押す。「契約NO」リンクを押し、開始日で識別した期間タブを選び直す。 手順9：旧新タブの期間と点検・支払のON月を比較する。 手順10：確認した画面内容を記録し、現在の画面の「閉じる」を押す。戻り先が業務画面の場合はその画面の「閉じる」も押し、メニューまで戻る。離脱確認が出たら、開始前に記録した離脱確定の選択肢を押す。支払い明細出力指示（MCM3002U）をメニューから開く。「支払い月」に準備表の年月（yyyy/MM）を入力し、準備した支払回数に対応する「年払い」又は「月払い」を選んで「出力」を押す。取得したZIPを展開し、中の支払い明細と発注確認書のExcelを開く。各条件の対象契約NO・取引先・対象月で行を識別する。 手順11：確認した画面内容を記録し、現在の画面の「閉じる」を押す。戻り先が業務画面の場合はその画面の「閉じる」も押し、メニューまで戻る。離脱確認が出たら、開始前に記録した離脱確定の選択肢を押す。メニューの「保守点検出力指示」を押してMCM3003Uを開く。「点検対象月」の左欄と右欄に同じ対象年月（yyyy/MM）を入力し、「全件出力」を選ぶ。「作業用リスト出力」を押し、取得した定期点検リストのExcelを開く。「ＤＢ登録用データ」は本ケースでは押さない。 手順12：変更前月と後月をそれぞれ出力する。DB担当者が採用期間ID・予定月を照合する。 | G25: ・旧終了はX−1日、新開始はX、指定した新終了を表示する。新タブの点検・支払ON月は入力値、旧タブは旧設定。 ・支払い明細と定期点検リストのAの機器・金額・対象月は、その月に採用される旧又は新期間の準備値に一致する。新期間外の予定を新期間の行として出さない。Bの行・予定は処理前のまま。 ・旧新期間所属のMCM_TK_SIHARAI／MCM_TK_SIHARAIMEISAI、MCM_TK_TENKEN／MCM_TK_TENKENMEISAIの親キー・対象月が登録値と一致する。他期間・Bの予定を新期間IDへ付け替えない。 | H25: －（表示文言のみの確認は単体に委ねる） | P25: =IF(M25<>"",M25,IF(I25<>"",I25,"未実施")) -> 未実施 | Q25: 関連単体：1005-13, 1005-14, 1005-15 単体の表示・単独操作ではなく、期待結果の連携部分を追加判定。 根拠：R1005 / R3002 / R3003 1005Uの読取専用「期間」欄を直接変更させない。3002U／3003Uの検索結果一覧を仮定せず、実際の出力操作を記載。 元Excel行：25。実施区分：通常＋DB担当者の読取確認。元の画面間フロー：1005U→3002U/3003U。
A26: INT01-17 | B26: 正常系 | C26: 期間を切り替えても添付と帳票のキーが一致 | D26: 1005U→1003P/添付 | E26: 【用意するもの】過去期間と最新の編集可能期間を持つ契約A。各期間に別名・別内容の添付を用意し、実ファイルを取得できることを管理者が確認する。発行確認用の最新期間には承認済添付を置かない。 【準備】契約NO旧N0と未使用の新N1、全期間の契約NO保持値・添付ID・保存パス・内容・機器・金額を記録する。過去期間の契約発行は禁止される状態なら、添付の取得だけを確認し、最新期間で発行する。 【入力値】上段契約NO＝準備した未使用N1（50桁以内）。添付は試験用複製。 【全ケース共通】試験専用の環境・データを使用。接続先と実行日／月を記録し、画面の識別番号（ID）・変更前情報を控える。DBの確認は担当者に読取だけを依頼し、自分で書き換えない。 | F26: 手順1：メニューの「取引先見積・契約検索」を押してMCM1003Uを開く。「契約NO」にデータ準備表の契約Aの契約NOを入力し、「検索」を押す。状態・承認状態のチェックは契約Aの状態を含める。 手順2：検索結果の「契約NO」「取引先名」「サポートID」「プラント名」が契約Aと一致する行の「契約NO」リンクを押す。MCM1005U「取引先契約内容」が開く。 手順3：過去期間タブを選び、「≪添付資料≫」の記録した「ファイル名」リンクを押す。取得したファイルを対応アプリで開き、準備した過去用内容を比較する。 手順4：最新期間タブに切り替え、最新用「ファイル名」リンクから取得して内容を比較する。ブラウザーのダウンロードを経由する。 手順5：上段「契約NO」をN0からN1に変更し、別の欄を選択して入力を確定する。各期間内「契約NO」がN1になるか記録する。期間欄を個別にN1へ手直しせず、同期の有無を記録する。全期間の確認後は最新期間のタブへ戻し、以後の登録・契約発行はそのタブで行う。 手順6：MCM1005Uで「登録」を押し、「登録を実施します。よろしいですか？」の「OK」を押す。「登録が完了しました。」の通知を確認する。 手順7：選択期間を変えずに「契約発行」を押す。未保存の場合は登録確認の「OK」を押す。取得した「契約手続依頼書.xls」を開いて、Excelの表示・印刷レイアウトだけでなく、下記の転記内容を確認する。 手順8：「閉じる」で戻り、1003Uの「契約NO」にN1を入力して検索し、リンクを開き直す。過去→最新のタブで契約NO・期間・機器・添付を記録する。 手順9：DB担当者が全期間の契約NOと添付の所属・パスを照合する。 | G26: ・VBの契約NO同期仕様では上段と各期間の契約NOはN1。N0のままの期間があれば同期判定はNGとし、添付取得の判定と分けて記録する。各期間の機器・数量・金額は変更前のまま。 ・過去添付は準備した過去内容、最新添付は最新内容。取得内容が別期間のファイルに置き換わらない。 ・最新期間の契約手続依頼書はN1と最新期間の機器・仕切合計を使用する。過去期間の金額・機器を混入させない。 ・MCM_TK_KEIYAKU.KEIYAKU_NOと全期間のKEIYAKU_NOはN1。MCM_TK_TENPU.TK_KIKAN_IDと既存DIRECTORY・承認状態は処理前のまま。既存ファイルの移動・改名を自動期待しない。 | H26: －（表示文言のみの確認は単体に委ねる） | P26: =IF(M26<>"",M26,IF(I26<>"",I26,"未実施")) -> 未実施 | Q26: 関連単体：1005-19, 1005-23 単体の表示・単独操作ではなく、期待結果の連携部分を追加判定。 根拠：R1005 、VB1005-29 契約NO同期の元根拠：VB Screen KEIYAKU_NOTextBox.Leaveで全タブへ代入。Webは親と期間を別々に更新しており、自動同期がない実装差異候補。期待をWebの現状へ変えず、操作して独立に結果記録する。Q02未解消なら添付取得は保留。 元Excel行：26。実施区分：通常＋DB担当者の読取確認。元の画面間フロー：1005U→1003P/添付。
A27: INT01-18 | B27: 仕様照合 | C27: 重複機器で次画面・親契約への反映を中止 | D27: 1006U1/U2→1005U | E27: 【用意するもの】同じプラントの見積A／Bに、機器明細IDと個体管理IDの組が同じ行を1組以上含める。個体名だけの一致で準備しない。 【準備】新規契約モードで実施し、元見積から契約が未作成であることと関連親子件数を記録する。既存契約からも確認する場合は別パターンを用意し、処理前の機器・価格・期間を記録する。1006U①で選ぶ2行は、別の依頼NOの行でも同じ依頼NOの異なる「時間」の行でもよい。元見積契約時間ID2件がそれぞれ選択できることを確認する。期間は開始日あり・終了日あり・開始≦終了・1年以内とし、重複個体検査より前の日付エラーを避ける。 【入力値】準備表に実際の番号・名称・日付・値を記入する。 【全ケース共通】試験専用の環境・データを使用。接続先と実行日／月を記録し、画面の識別番号（ID）・変更前情報を控える。DBの確認は担当者に読取だけを依頼し、自分で書き換えない。 | F27: 手順1：メニューの「取引先見積・契約検索」を押してMCM1003Uを開く。「見積依頼NO」にデータ準備表の見積AのNOを入力し、「検索」を押す。状態・承認状態のチェックは見積Aの状態を含める。 手順2：検索結果で見積Aの「依頼NO」「取引先名」「サポートID」「プラント名」を照合し、右端の2つの「契約」列のうち左側にあるリンクを押す。MCM1006U①が開く。右側の破棄リンクは押さない。 手順3：1006U①「≪見積情報≫」で依頼NOと「時間」を準備表と照合し、重複個体を含む見積契約時間2行をONにする。準備した1年以内の期間を入力して「次へ」を押す。 手順4：「選択した見積内に重複した機器が存在します。」を確認して「OK」を押す。①に留まることを記録する。 手順5：「閉じる」で起点へ戻る。元見積を再検索し、DB担当者に関連親子件数を比較してもらう。既存契約パターンでは契約NOから1005Uを開いて旧機器・価格・期間を比較する。 | G27: ・通知後に1006U②へ進まない。新規契約の1005Uを新しく確定表示しない。既存契約の場合は旧機器・数量・金額・期間を維持する。 ・新規なら元見積関連の契約・期間・機器・単価増分0。既存なら親子件数・値が処理前のまま。例外通知後に処理続行して機器・単価を保存しない。 | H27: MSG_0038E「選択した見積内に重複した機器が存在します。」。「次へ」押下後、画面通知のOKで閉じる。 | P27: =IF(M27<>"",M27,IF(I27<>"",I27,"未実施")) -> 未実施 | Q27: 関連単体：1006-8 単体の表示・単独操作ではなく、期待結果の連携部分を追加判定。 根拠：R1006 nextButton_Click、共通C06、VB1006-03 元の同一機器という表現を、重複検出キーの組へ具体化。新規・既存の未変更確認を区別。 元Excel行：27。実施区分：通常＋DB担当者の読取確認。元の画面間フロー：1006U1/U2→1005U。
A28: INT01-19 | B28: 仕様照合 | C28: 下位チェック不足で親契約への摘要を中止 | D28: 1006U2→1005U | E28: 【用意するもの】未契約見積から1006U②へ到達できる試験用データ。構成・明細・個体を1組選定できること。 【準備】関連DB件数を事前記録する。19-Aは通常UIの全解除。19-Bは明細だけ0件、19-Cは個体だけ0件の技術確認。Webはチェックが親子連動するためB／Cは付録Aの開発者操作を用い、通常作業者は単独で行わない。 【入力値】A：構成0／明細0／個体0、B：構成1以上／明細0／個体1以上、C：構成1以上／明細1以上／個体0。 【全ケース共通】試験専用の環境・データを使用。接続先と実行日／月を記録し、画面の識別番号（ID）・変更前情報を控える。DBの確認は担当者に読取だけを依頼し、自分で書き換えない。 | F28: 手順1：メニューの「取引先見積・契約検索」を押してMCM1003Uを開く。「見積依頼NO」にデータ準備表の見積AのNOを入力し、「検索」を押す。状態・承認状態のチェックは見積Aの状態を含める。 手順2：検索結果で見積Aの「依頼NO」「取引先名」「サポートID」「プラント名」を照合し、右端の2つの「契約」列のうち左側にあるリンクを押す。MCM1006U①が開く。右側の破棄リンクは押さない。 手順3：1006U①で見積AをONにして「次へ」を押す。 手順4：19-A：②「≪機器構成パターン≫」の全行チェックをOFFにし、明細・個体もOFFになったことを確認する。19-B／C：開発者が付録Aの指定パターンでチェック状態を作り、表とチェック件数を記録する。 手順5：②「摘要」を押す。「見積依頼する機器を選定してください。」の通知を確認して「OK」を押す。 手順6：②に留まることを確認し、「閉じる」で起点へ戻る。元見積を再検索しDB担当者に件数・元値を確認してもらう。 手順7：次パターンは①から開き直して構成・明細・個体が各1組以上ONの選定状態を作り直す。前パターンの書換え状態を引き継がない。 | G28: ・3パターンとも摘要で1005Uへ選定値を反映せず、1006U②に留まる。既存契約を起点にする追加確認では旧期間・旧機器・数量を維持する。 ・契約・期間・構成・明細・個体・単価の増分0。既存の場合は件数・価格・期間が処理前のまま。 | H28: MSG_0023E「見積依頼する機器を選定してください。」。摘要後の通知をOKで閉じる。 | P28: =IF(M28<>"",M28,IF(I28<>"",I28,"未実施")) -> 未実施 | Q28: 関連単体：1006-23 単体の表示・単独操作ではなく、期待結果の連携部分を追加判定。 根拠：R1006 tekiyoButton_Click、共通C06、VB1006-10 親子連動を無視してB／Cを通常UIで作れると記載しない。技術確認の操作を付録Aに全文記載。 元Excel行：28。実施区分：19-A通常、19-B／C開発者支援＋DB読取。元の画面間フロー：1006U2→1005U。
... A39: INT01-30 | B39: 異常系 | C39: MCM1011U(審査・承認（取引先契約）)：点検・支払の入力に誤りがある場合に、契約発行と申請が確定されないこと | D39: 1005U→1003P/1011U | E39: 【確認すること】 点検や支払の「回数」と「月のチェック」が合っていないとき、「契約発行」「申請」が途中で止まり、何も保存・出力・申請されないこと。合っているときは、最後まで進めること。 【前提】 ・使用ユーザー：取引先契約内容(MCM1005U)の更新権限を持つユーザー ・保有権限：取引先契約機能の更新作成権限 ・必要な登録済みデータ：契約A（1件） - 状態＝契約、承認状態＝作成中または差戻中 - 最新の期間が、現在の期間または開始日が未来で未承認の期間である（承認済みの添付がない） - その期間に、作成中の添付が1件ある - 点検情報と支払情報に行があり、回数と月を編集できる ・事前に控える値：契約Aの契約NO、対象期間の開始日・終了日、備考、点検の回数と月、支払の回数と月。審査・承認（取引先契約）(MCM1011U)で、契約AのサポートID・承認状態＝審査中で検索した件数 ・準備：契約手続依頼書の保存先に、空のフォルダを用意する（以前のファイルと区別するため）。DB担当者に、契約A・期間・点検・支払・添付の保存値を読取で控えてもらう ・開始時の画面状態：メニュー画面 ・対象外：期間の開始日が終了日より後、または同じ日になる誤りは、通常の画面操作では作れないため、開発者テストで別に確認する | F39: 【操作】 （1）契約Aを開く 1. メニューから「取引先見積・契約検索」を選択し、MCM1003U(取引先見積・契約検索)を開く。 2. 「契約NO」欄に契約Aの契約NOを入力し、「検索」を押下する。 3. 一覧の契約Aの行の「契約NO」リンクを押下する。MCM1005U(取引先契約内容)が開く。 4. 対象期間のタブを選択し、備考、点検の回数と月、支払の回数と月を控える。 （2）区分A：エラーまたは取消で止まることの確認（下の表の6回を、上から順に実施する） 5. 表の「設定」のとおりに、回数と月のチェックを変更する。点検は画面中ほどの≪点検情報≫の表の「回数」欄と1月～12月のチェック欄、支払は画面左下の≪支払情報≫の「回数」欄と1月～12月のチェック欄で変更する。表に無い項目は変更しない。 6. 画面上部の「備考」欄に、表の「備考の入力」を入力する。「登録」ボタンは押下しない。（備考を入力するのは、画面に変更がある状態にするため。変更が無いと入力チェックが動かず、契約手続依頼書がそのまま出力される。） 7. 画面右下の、表の「押すボタン」を押下する。 8. 表示されたメッセージ（文言、表示された場所）を控える。エラーの場合は「OK」を押下して閉じる。確認ダイアログが表示された場合は、表の「ダイアログの操作」のとおりに押下する。 9. 契約発行の回は契約手続依頼書の保存先を、申請の回はMCM1011Uの検索結果の件数を確認する。 10. MCM1005Uの「閉じる」を押下し、手順1～4でもう一度開く。離脱確認が表示された場合は、入力を破棄する側を押下する。備考、点検、支払が手順4で控えた値に戻っていることを確認する。 ③-発行｜設定：点検の回数＝1、月チェックを2か所ON（開始月と翌月）｜備考の入力：INT01-30-③-発行｜押すボタン：契約発行｜ダイアログの操作：なし ③-申請｜設定：③-発行と同じ｜備考の入力：INT01-30-③-申請｜押すボタン：申請｜ダイアログの操作：なし ④-発行｜設定：支払の回数＝1、月チェックを2か所ON（開始月と翌月）｜備考の入力：INT01-30-④-発行｜押すボタン：契約発行｜ダイアログの操作：なし ④-申請｜設定：④-発行と同じ｜備考の入力：INT01-30-④-申請｜押すボタン：申請｜ダイアログの操作：なし ⑤-発行｜設定：支払の回数＝1、開始月のチェックをOFF、別の月を1か所ON｜備考の入力：INT01-30-⑤-発行｜押すボタン：契約発行｜ダイアログの操作：「期間の開始月に支払チェックがされてません。処理を続行してもよろしいですか？」で「キャンセル」 ⑤-申請｜設定：⑤-発行と同じ｜備考の入力：INT01-30-⑤-申請｜押すボタン：申請｜ダイアログの操作：⑤-発行と同じ （3）区分B：正しい入力のとき最後まで進むことの確認（次の3回を、この順に実施する。申請をすると契約を編集できなくなるため、申請は最後にする） 11. 手順1～4で契約Aを開く。 12. ⑥-発行：点検の回数＝2、月チェックを2か所ON（開始月と翌月）に変更し、備考＝INT01-30-⑥-発行を入力する。「契約発行」を押下し、確認ダイアログ「登録を実施します。よろしいですか？」で「OK」を押下する。完了メッセージを控え、ダウンロードされた契約手続依頼書を開く。 13. ⑧-発行：もう一度契約Aを開き、支払の回数＝2、月チェックを2か所ON（開始月と翌月）に変更し、備考＝INT01-30-⑧-発行を入力する。手順12と同様に実施する。 14. ⑥-申請：もう一度契約Aを開き、備考＝INT01-30-⑥-申請を入力する（点検と支払は、手順12・13で登録した値のまま）。「申請」を押下し、確認ダイアログ「申請を実施します。よろしいですか？」で「OK」を押下する。完了メッセージを控える。 15. メニューから「取引先契約 審査・承認」を選択し、MCM1011U(審査・承認（取引先契約）)を開く。契約AのサポートID、承認状態＝審査中で「検索」を押下し、契約Aの行を確認する。 16. DB担当者に、事前の控えと同じSQLを実行してもらい、区分Aは事前と同じ、区分Bは入力どおりに保存されたことを確認してもらう。 【入力値】 ・契約A＝準備した契約の契約NO ・備考＝表のとおり（例：INT01-30-③-発行） ・点検／支払の回数・月のチェック＝表および手順12・13のとおり | G39: 【画面確認】 （区分A：6回とも） 1. ③では「点検回数と月のチェックの数が一致していません。」、④では「支払回数と月のチェックの数が一致していません。」のエラーが表示され、処理が中止されること。 2. ⑤では、確認ダイアログで「キャンセル」を押下すると、処理が中止され、MCM1005Uの画面に留まること。 3. いずれの回も、「登録を実施します。よろしいですか？」「申請を実施します。よろしいですか？」の確認ダイアログが表示されないこと。 4. 契約発行の回は、契約手続依頼書の保存先が空のままであること。 5. 申請の回は、MCM1011Uで承認状態＝審査中の件数が、事前に控えた件数から増えていないこと。 6. MCM1005Uをもう一度開くと、備考、点検、支払が事前に控えた値のままであること（入力した「INT01-30-…」の文字が残っていないこと）。 （区分B） 7. ⑥-発行、⑧-発行では、「登録が完了しました。」が表示され、契約手続依頼書が1件ダウンロードされること。 8. ⑥-申請では、「申請を完了しました。」または「申請が完了しました。」が表示されること。 9. ⑥-申請の後、MCM1011Uで承認状態＝審査中の件数が1件増え、契約Aの行が表示されること。 【ファイル確認】 1. ⑥-発行、⑧-発行の契約手続依頼書で、機器と見積金額（仕切）が、MCM1005Uの表示と同じであること。点検と支払の回数・月が、画面で登録した内容と同じであること。 2. ⑥-申請では、契約手続依頼書が新たにダウンロードされないこと。 【DB確認】 （区分A：6回とも） 対象テーブル＝MCM_TK_KEIYAKU、MCM_TK_KIKAN、MCM_TK_TENKEN／MCM_TK_TENKENMEISAI、MCM_TK_SIHARAI／MCM_TK_SIHARAIMEISAI、MCM_TK_TENPU、確認理由＝エラーや取消のとき、途中まで保存されていないことを確認するため。検索条件＝契約Aの契約ID・対象期間ID、対象カラム＝備考、点検・支払の回数と月、添付の承認状態、契約の承認状態、期待値＝事前に控えた値と同じであること。 （区分B） ・⑥-発行、⑧-発行の後：備考、点検の回数と月、支払の回数と月が、画面で入力した値で保存されていること。契約の承認状態が変わっていないこと。 ・⑥-申請の後：契約の承認状態が審査中になり、対象期間の作成中だった添付が審査中に更新されていること。他の契約の値・状態が変わっていないこと。 | H39: 1. 表示タイミング＝区分Aの③で「契約発行」または「申請」を押下した時 表示形式＝Web画面の通知（入力エラー） メッセージID＝MSG_0103E 表示文言＝点検回数と月のチェックの数が一致していません。 作業者の操作＝「OK」を押下して閉じる 2. 表示タイミング＝区分Aの④で「契約発行」または「申請」を押下した時 表示形式＝Web画面の通知（入力エラー） メッセージID＝MSG_0104E 表示文言＝支払回数と月のチェックの数が一致していません。 作業者の操作＝「OK」を押下して閉じる 3. 表示タイミング＝区分Aの⑤で「契約発行」または「申請」を押下した時 表示形式＝確認ダイアログ（OK/キャンセル） メッセージID＝MSG_0105G 表示文言＝期間の開始月に支払チェックがされてません。処理を続行してもよろしいですか？ 作業者の操作＝「キャンセル」を押下する 4. 表示タイミング＝区分Bの⑥-発行、⑧-発行で「契約発行」を押下した時、およびその完了時 表示形式＝確認ダイアログ（OK/キャンセル）、完了メッセージ メッセージID＝MSG_0007G（確認）、MSG_0008G（完了）（VB定義） 表示文言＝「登録を実施します。よろしいですか？」、「登録が完了しました。」 作業者の操作＝「OK」を押下する 5. 表示タイミング＝区分Bの⑥-申請で「申請」を押下した時、およびその完了時 表示形式＝確認ダイアログ（OK/キャンセル）、完了メッセージ メッセージID＝MSG_0120G（確認）、MSG_0121G（完了）（VB定義） 表示文言＝「申請を実施します。よろしいですか？」、「申請を完了しました。」または「申請が完了しました。」 作業者の操作＝「OK」を押下する | P39: =IF(M39<>"",M39,IF(I39<>"",I39,"未実施")) -> 未実施 | Q39: 関連単体：1005-13, 1005-14, 1005-15, 1005-16, 1005-23, 1005-26 単体の表示・単独操作ではなく、期待結果の連携部分を追加判定。 根拠：R1005 UpdButton・KeiyakuHakoButton_Click・SinseiButton_Click、VB1005-13/14/16/17、共通C06/C12 9条件は発行／申請を別判定。単体のエラー文言確認ではなく、保存・出力・申請を先行確定しない境界を判定する。18行の判定表を付録Cに記載。DB不正fixtureの準備権限がなければ①②を保留し、通常UIの入力手順を創作しない。 元Excel行：39。実施区分：①②開発者fixture＋DB読取、③～⑨通常＋DB読取。元の画面間フロー：1005U→1003P/1011U。
A40: INT01-31 | B40: 異常系 | C40: 契約済み見積の破棄拒否 | D40: 1003U→1005U | E40: 【用意するもの】「見積依頼機器選定」の作成権限を持つユーザー。新規登録後に契約を破棄した試験見積A。残る契約の状態は破棄、元見積契約時間の状態は見積。有効契約（状態が契約又は解約）の行では見積破棄リンクが非表示なので、その行を押下対象にしない。 【準備】準備で契約を破棄する担当者には「取引先契約内容」の作成権限も必要。見積破棄の実施者と準備担当者は別ユーザーでもよい。 準備は試験専用の通常契約で行う。過去支払月なしの未来期間を新規登録し、1003U右側「契約」列の「破棄」を実行する。DB担当者が契約親、最新有効期間、機器・個体・元単価の関連が残ることを確認する。1003Uを再検索して見積側「破棄」リンクが表示される行を用意する。 DB担当者が元見積契約時間ID・残る契約ID・画面の状態（破棄）・DB各状態・関連件数を記録する。配備ビューで該当行とリンクが確認できなければ保留。通常の契約済み行でリンクがあると推測したり、ブラウザーで非表示リンクを作ったりしない。 【入力値】準備表に実際の番号・名称・日付・値を記入する。 【全ケース共通】試験専用の環境・データを使用。接続先と実行日／月を記録し、画面の識別番号（ID）・変更前情報を控える。DBの確認は担当者に読取だけを依頼し、自分で書き換えない。 | F40: 手順1：メニュー「取引先見積・契約検索」から1003Uを開く。「見積依頼NO」に準備表の見積AのNO、状態チェックに「破棄」を指定して「検索」。対象の依頼NO・取引先名・サポートIDと、残る契約とのDB関連を準備表で確認する。 手順2：対象行の複数の「見積」列のうち「破棄」と表示されるリンクを押す。「見積を破棄します。よろしいですか？」の「OK」を押す。 手順3：使用中による破棄不可通知をOKで閉じ、同じ見積依頼NOで再検索する。「契約NO」リンクで関連1005Uも開いて契約・期間・機器を確認する。 手順4：DB担当者が見積と契約状態、関連件数・値を比較する。 | G40: ・破棄不可通知が出る。再検索の画面状態は準備時の「破棄」のまま。元見積契約時間と残る契約の状態・期間・機器を、この見積破棄操作で変更しない。 ・MCM_TM_KEIYAKUJIKAN.JOTAIとMCM_TK_KEIYAKU.JOTAIは処理前のまま。契約の期間・機器・単価・支払・添付の削除0件。 | H40: 確認「見積を破棄します。よろしいですか？」→OK。MSG_0025E「店舗への見積依頼 又は 取引先との契約として使用されている為、破棄する事が出来ません。」→OK。 | I40: OK | J40: 寺澤 | K40: 46311 | P40: =IF(M40<>"",M40,IF(I40<>"",I40,"未実施")) -> OK | Q40: 移行元：1003-21 契約済み見積を対象とする拒否。実機で未判定。 権限は1005Uではなく1002Uの作成権限。メッセージだけでなく両状態と関連データ不変を確認。 VB原本mcm_1003_v.sqlの106～108行は契約／解約状態の見積破棄文字をNULLとする。破棄済契約では見積破棄文字が残り、Serviceの契約存在ガードは状態を問わない。この条件で拒否とDB不変を確認する。有効契約そのものの拒否を検証するには、未契約で表示した一覧を保持し別セッションで契約登録後に旧リンクを押す競合シナリオが必要で、単独の既存行押下とは区別する。 元Excel行：40。実施区分：通常の準備操作＋DB・配備ビュー確認（契約存在ガード）。元の画面間フロー：1003U→1005U。
A41: INT01-32 | B41: 異常系 | C41: 過去支払がある契約の破棄拒否（通常契約） | D41: 1003U→3002U/1005U | E41: 【用意するもの】「取引先契約内容」の作成権限を持つユーザー。パック契約でない通常契約A。支払明細の最小年月が実施年月より前で、1003Uの右側「契約」列に「破棄」リンクが表示されるもの。 【準備】DB担当者が支払最小年月、元見積契約時間ID、契約ID、両状態と関連親子件数を記録する。実施月2026/10なら最小月2026/09以前。実際の送金済みという条件へ読み替えず、支払明細月で準備する。 【入力値】準備表に実際の番号・名称・日付・値を記入する。 【全ケース共通】試験専用の環境・データを使用。接続先と実行日／月を記録し、画面の識別番号（ID）・変更前情報を控える。DBの確認は担当者に読取だけを依頼し、自分で書き換えない。 | F41: 手順1：メニュー「取引先見積・契約検索」を開き、「契約NO」でAを検索する。契約NO、取引先名、サポートIDと状態を準備表と照合する。 手順2：右端の2つの「契約」列のうち右側の「破棄」リンクを押す。「契約を破棄します。よろしいですか？」の「OK」を押す。 手順3：支払による破棄不可通知をOKで閉じる。同じ契約NOで検索して状態を比較し、「契約NO」リンクから1005Uの期間・機器・添付を確認する。 手順4：DB担当者が元見積・契約の状態、期間・支払・機器・単価・添付の件数と値を比較する。 | G41: ・破棄不可通知が出る。契約は「破棄」にならず、元見積も「見積」へ戻らない。1005Uの期間・機器・添付が残る。 ・MCM_TK_KEIYAKU.JOTAIとMCM_TM_KEIYAKUJIKAN.JOTAIは処理前のまま。期間・支払親子・機器・単価・添付の削除0件、保存値不変。 | H41: 確認「契約を破棄します。よろしいですか？」→OK。MSG_0026E「取引先への支払が発生している為、破棄する事が出来ません。」→OK。 | I41: OK | J41: 寺澤 | K41: 46311 | P41: =IF(M41<>"",M41,IF(I41<>"",I41,"未実施")) -> OK | Q41: 移行元：1003-23 通常契約経路の拒否。パック経路のINT03-05とは別。実機で未判定。 パック経路はINT03-05で分担。当月のみの支払データを過去月条件として使わない。リンク非表示ならデータ準備・到達条件を確認する。 元Excel行：41。実施区分：通常＋DB担当者の読取確認。元の画面間フロー：1003U→3002U/1005U。
A43: 付録A：INT01-19の独立したチェック不足条件（開発者用）
A44: 通常UIでは、構成→明細→個体のチェックが連動する。B／Cを作るためのDB書換えは行わず、専用試験セッションの画面チェックだけを設定する。作成権限のないチェックを有効化しない。
A45: 1. 1003Uの未契約見積から1006U①→「次へ」で②を開き、試験対象の構成・明細・個体を少なくとも1組ONにする。採用見積の行だけが対象であることを確認する。
A46: 2. 開発者がF12のConsoleを開き、下のコードのpatternを「明細0」又は「個体0」に設定して実行する。画面でチェック不足を確認する。changeイベントは発生させず、UIの連動が補正する前の状態を作る。
A47: JavaScript
A48: const pattern = '明細0'; // 次条件では「個体0」に変更し、画面を開き直してから実行する
A49: const targets = pattern === '明細0' ? ['meisaiGrid'] : ['kotaiGrid'];
A50: for (const id of targets) {
A51: const table = document.getElementById(id);
A52: if (!table) throw new Error('MCM1006U②の対象表がありません');
A53: for (const box of table.querySelectorAll('input[type="checkbox"][name]')) {
A54: if (!box.disabled) box.checked = false;
... A61: 4. MSG_0023Eの通知後に②へ留まることとDB増分0を本文どおり確認する。次条件は画面を閉じ、1003Uから開き直す。サーバーから返る画面で同じ不整合チェックを保持することは合否に含めない。

Sheet INT02_審査承認
A1: MCM契・解約機能 結合テスト仕様書｜取引先契約の申請・審査・承認
A2: 実施前にE列を確認。登録確認はOK、取消ケースは取消。複数パターンは全て実施・期待一致ならOK、期待不一致ありならNG、NGなしで未実施・判断待ちが残る場合は保留。Q列にパターン別結果・実ID・証跡を追記し、既存の根拠は消さない。
A3: 単体13画面596件の表示・入力・単独判定は「単体との対応」へ分担。対象外は重複除外の設定で実行合格ではない。Q付きの期待・環境を確定してから追加判定を実施。
A4: 最終判定は再テスト結果を優先。「保留」集計は未実施も含む残件。合格率＝OK／実テスト件数。表示形式・ネイティブOfficeの動作は実行時に確認。
A6: テスト件数 | B6: =COUNTA(A10:A38) -> 29 | C6: 対象外件数 | D6: =COUNTIF(O10:O38,"対象外") -> 10 | E6: 実テスト件数 | F6: =B6-D6 -> 19 | G6: 完了件数OK | H6: =COUNTIF(O10:O38,"OK") -> 0 | I6: NG件数 | J6: =COUNTIF(O10:O38,"NG") -> 0 | K6: 保留 | L6: =MAX(0,F6-H6-J6) -> 19 | M6: 実施率 | N6: =IF(F6=0,0,(H6+J6)/F6) -> 0 | O6: 合格率 | P6: =IF(F6=0,0,H6/F6) -> 0
A8: 単体との重複を除いた結合テストケース
A9: 項番 | B9: 分類 | C9: テスト観点 | D9: 前提条件（ここを読んで準備する） | E9: 操作手順 | F9: 期待結果 | G9: 期待メッセージ | H9: テスト結果 | I9: 実施者 | J9: 実施日 | K9: 不具合内容 | L9: 再テスト結果 | M9: 再テスト実施者 | N9: 再テスト実施日 | O9: 最終判定 | P9: 備考／根拠
A10: INT02-01 | B10: 正常系 | C10: MCM1005U(取引先契約内容)→MCM1011U(審査・承認（取引先契約）)：申請した契約・期間・添付が、審査担当者の審査一覧に表示されること | D10: 【確認すること】 申請者が契約を申請すると、審査担当者の審査一覧(MCM1011U)に、その契約・期間・添付が「審査中」で表示され、DBの状態も審査中に更新されること。ほかの契約・期間・資料が巻き込まれないこと。 【前提】 ・使用ユーザー：2名。ユーザーA（申請者）とユーザーB（審査担当者）。AとBは、別のブラウザ、または別のログインで同時に使う ・保有権限：A＝取引先契約内容(MCM1005U)の更新作成権限。B＝審査・承認（取引先契約）(MCM1011U)で審査を行う権限 ・必要な登録済みデータ：専用の試験契約（1件） - 状態＝契約、承認状態＝作成中（申請前の状態） - 申請する期間（最新の現在期間、または未来の期間）に、作成中の添付が1件ある。その期間に承認済みの資料は置かない - 点検と支払は、「回数」がチェックした月の数以上で、支払の開始月にチェックがある - 契約期間は1年以内である ・事前に控える値：試験契約の契約NO、サポートID、取引先名、対象期間の開始日、時間、添付の資料名（ファイル名）。DB担当者に、契約ID・期間ID・添付IDと、申請前の保存値を読取で控えてもらう ・準備：Bの審査担当者としてログインしたセッションを別に用意し、Aの操作中もログアウトしない ・開始時の画面状態：A、Bとも、メニュー画面（Bはすでに審査・承認（取引先契約）が表示されていてもよい） | E10: 【操作】 1. [A] メニューから「取引先見積・契約検索」を選択し、MCM1003U(取引先見積・契約検索)を開く。 2. [A] 「契約NO」欄に試験契約の契約NOを入力する。他の入力欄は空欄のままにし、状態と承認状態のチェックは試験契約の状態（契約、作成中）を含めて、「検索」を押下する。 3. [A] 一覧で、契約NO・取引先名・サポートIDが試験契約と一致する行の「契約NO」リンクを押下する。MCM1005U(取引先契約内容)が開く。 4. [A] 開始日が控えた値の期間のタブを選択する。 5. [A] 期間のタブを選択したまま、画面右下の「申請」を押下する。登録の確認ダイアログ「登録を実施します。よろしいですか？」が表示された場合は「OK」を押下する。続けて、申請の確認ダイアログ「申請を実施します。よろしいですか？」で「OK」を押下する。表示された完了メッセージを控える。 6. [B] 審査・承認（取引先契約）(MCM1011U)を開く。表示されていない場合は、「閉じる」を押下してメニューへ戻り、「審査・承認（取引先契約）」を押下する。すでに表示されている場合は、その画面で検索条件を変更する。 7. [B] 「サポートID」欄に、試験契約のサポートIDを入力する。他の入力欄は空欄にする。「承認状態」は「審査中」だけにチェックを入れて、「検索」を押下する。 8. [B] 画面上段の「<< 申請 >>」の一覧で、契約NO・開始日・時間・取引先名・サポートIDが控えた値と一致する行を選択する。 9. [B] 選択した行の左端を押下し、画面下段の一覧に表示される「ファイル名」が、控えた資料名と一致することを確認する。このケースでは、行のチェックをONにせず、承認も差戻しもしない。 10. DB担当者に、控えた契約ID・期間ID・添付IDで、申請の前後の保存値を読取で比べてもらう。対象外の期間・資料・ほかの契約も、同じように比べてもらう。証拠の名前（画面キャプチャのファイル名など）を記録する。 【入力値】 ・契約NO＝試験契約の契約NO（手順2） ・サポートID＝試験契約のサポートID（手順7） ・承認状態（検索条件）＝「審査中」のみチェックを入れる（手順7） | F10: 【画面確認】 1. 審査担当者(B)のMCM1011U(審査・承認（取引先契約）)の「<< 申請 >>」の一覧に、試験契約の行が1件表示されること。 2. その行の承認状態が「審査中」で、契約NO・開始日・金額・取引先名・サポートIDが、申請者(A)が申請した内容と一致すること。 3. 行を選択すると、下段の「ファイル名」に、申請した資料名が表示されること。 4. ほかの契約・ほかの期間の資料が、この行の下段に表示されないこと。 【DB確認】 対象テーブル＝MCM_TK_KEIYAKU、MCM_TK_KIKAN、MCM_TK_TENPU、確認理由＝申請の結果、状態が審査中に更新され、対象外の期間・資料・契約が変わっていないことを確認するため。検索条件＝記録した契約ID・期間ID・添付ID、期待値＝次のとおり。 ・MCM_TK_KEIYAKU.SHONINJOTAI＝1（審査中）であること。 ・対象期間のMCM_TK_KIKAN.YUKO_FLG＝-1（申請中を表す値）であること。 ・対象の添付のMCM_TK_TENPU.SHONINJOTAI＝1（審査中）で、TK_KIKAN_IDが記録した期間IDであること。 ・ほかの期間・ほかの契約・ほかの添付の状態が、申請前のままであること。 | G10: 1. 表示タイミング＝申請者(A)が「申請」を押下した時（登録の確認ダイアログは、画面に変更があるときだけ先に表示される） 表示形式＝確認ダイアログ（OK/キャンセル） メッセージID＝MSG_0007G（登録の確認）、MSG_0120G（申請の確認） 表示文言＝「登録を実施します。よろしいですか？」、「申請を実施します。よろしいですか？」 作業者の操作＝「OK」を押下する 2. 表示タイミング＝申請の完了時 表示形式＝完了メッセージ メッセージID＝MSG_0121G 表示文言＝「申請を完了しました。」（Web版で「申請が完了しました。」と表示された場合は、VB版との差異として備考に記録する） 作業者の操作＝特になし | O10: =IF(L10<>"",L10,IF(H10<>"",H10,"未実施")) -> 未実施 | P10: 関連単体：1005-26, 1011-5 単体の表示・単独操作ではなく、期待結果の連携部分を追加判定。 根拠：R1005 / R1011 元Excel行：10。実施区分：通常操作＋DB読取。元フロー：1005U→1011U。
A11: INT02-02 | B11: 正常系 | C11: MCM1005U(取引先契約内容)→MCM1011U(審査・承認（取引先契約）)：「ロック解除」後に金額を変更して未保存のまま申請すると、変更後の金額が審査対象の金額になること | D11: 【確認すること】 申請者が金額と備考を変更し、「登録」を押さずに「申請」を押したとき、保存済みの金額（100,000円）ではなく、変更後の金額（99,000円）で審査担当者の画面（MCM1011U）に表示されること。DBにも変更後の金額が保存されること。 【前提】 ・使用ユーザー：2名。ユーザーA（申請者）とユーザーB（審査担当者）。AとBは、別のブラウザ、または別のログインで同時に使う ・保有権限： - A＝担当者マスタの保守フラグがONで、取引先契約内容(MCM1005U)の更新権限を持つユーザー(Web版では、この2条件を満たす場合だけ「ロック解除」ボタンが表示される)（普通の作成ユーザーでは金額欄が読取専用なので、このケースは実施できない） - B＝審査・承認（取引先契約）(MCM1011U)で審査を行う権限を持つユーザー。Bの「契約の審査上限金額」は99,000円に設定されていること ・必要な登録済みデータ：専用の試験契約（1件） - 状態＝契約、承認状態＝作成中（申請前の状態） - 申請する期間（最新の現在期間、または未来の期間）に、作成中の添付が1件ある。その期間に承認済みの資料は置かない - 点検と支払は、「回数」がチェックした月の数以上で、支払の開始月にチェックがある - 契約期間は1年以内である - 申請する期間の金額が、「小計」＝100,000円、「出精値引き」＝0円、「合計」＝100,000円で保存済みである - 上段の「備考」が「INT02-02前」で保存済みである ・事前に控える値：試験契約の契約NO、サポートID、取引先名、対象期間の開始日、時間、添付の資料名（ファイル名）。DB担当者に、契約ID・期間ID・添付IDと、申請前の保存値を読取で控えてもらう ・準備：Bの審査担当者としてログインしたセッションを別に用意し、Aの操作中もログアウトしない ・開始時の画面状態：A、Bとも、メニュー画面（Bはすでに審査・承認（取引先契約）が表示されていてもよい） | E11: 【操作】 1. [A] メニューから「取引先見積・契約検索」を選択し、MCM1003U(取引先見積・契約検索)を開く。 2. [A] 「契約NO」欄に試験契約の契約NOを入力する。他の入力欄は空欄のままにし、状態と承認状態のチェックは試験契約の状態（契約、作成中）を含めて、「検索」を押下する。 3. [A] 一覧で、契約NO・取引先名・サポートIDが試験契約と一致する行の「契約NO」リンクを押下する。MCM1005U(取引先契約内容)が開く。 4. [A] 開始日が控えた値の期間のタブを選択する。 5. [A] 画面右下の「ロック解除」を押下する。「管理者用ロックを解除しました。最新の登録内容を表示します。」の通知を確認する。画面が再表示されたら、手順4と同じ期間のタブを選び直す。 6. [A] 次の3か所を入力する。「小計」は100,000円のまま変更しない。入力後は「登録」を押下しない。 - 画面上段右の「備考」に「INT02-02後」と入力する - 期間タブ内の「出精値引き」に1,000と入力する - 「出精値引き」の直下の「合計」に99,000と入力する（その上の「≪標準価格≫」の「合計」ではない） 7. [A] 期間のタブを選択したまま、画面右下の「申請」を押下する。登録の確認ダイアログ「登録を実施します。よろしいですか？」が表示された場合は「OK」を押下する。続けて、申請の確認ダイアログ「申請を実施します。よろしいですか？」で「OK」を押下する。表示された完了メッセージを控える。 8. [B] 審査・承認（取引先契約）(MCM1011U)を開く。表示されていない場合は、「閉じる」を押下してメニューへ戻り、「審査・承認（取引先契約）」を押下する。すでに表示されている場合は、その画面で検索条件を変更する。 9. [B] 「サポートID」欄に、試験契約のサポートIDを入力する。他の入力欄は空欄にする。「承認状態」は「審査中」だけにチェックを入れて、「検索」を押下する。 10. [B] 画面上段の「<< 申請 >>」の一覧で、契約NO・開始日・時間・取引先名・サポートIDが控えた値と一致する行を探す。行の左端（▶の部分）を押下して選択する。契約NOのリンクは押下しない（MCM1005Uが別タブで開くため）。 11. [B] 同じ行の「金額」と、行の左端のチェックボックスの活性状態を記録する。画面下段「<< 添付 >>」の「ファイル名」が、控えた資料名と一致することも確認する。このケースでは、「承認」「差戻し」は押下しない。 12. [A] 1005Uが開いたままの場合は、保存せずに「閉じる」を押下して戻る。メニューにいる場合は、「取引先見積・契約検索」を押下してMCM1003Uを開く。「契約NO」に試験契約の契約NOを入力し、他の入力欄は空欄にして、「承認状態」は今回の操作後の状態（審査中）を含めて「検索」を押下する。対象行の「契約NO」リンクを押下し、MCM1005Uを開く。 13. [A] 手順4と同じ期間のタブを選択し、次の内容を記録する。 - 上段の「承認状態」 - 上段右の「備考」 - 期間タブ内の「小計」「出精値引き」「合計」 - 「≪添付資料≫」の対象ファイル名 14. DB担当者に、控えた契約ID・期間ID・添付IDで、申請の前後の保存値を読取で比べてもらう。対象外の期間・資料・ほかの契約も、同じように比べてもらう。証拠の名前（画面キャプチャのファイル名など）を記録する。 【入力値】 ・備考（上段右）＝INT02-02後（変更前の保存値は INT02-02前） ・出精値引き＝1,000（変更前は0） ・合計（出精値引きの直下）＝99,000（変更前は100,000） ・小計＝100,000（変更しない） ・サポートID＝試験契約のサポートID（手順9） ・承認状態（検索条件）＝「審査中」のみチェックを入れる（手順9） | F11: 【画面確認】 1. 審査担当者(B)のMCM1011Uの「<< 申請 >>」の一覧で、試験契約の行の「金額」が99,000円（画面には「¥99,000」と表示）であること。変更前の100,000円ではないこと。 2. その行の承認状態が「審査中」で、行の左端のチェックボックスが活性であること（金額が審査上限99,000円を超えていないため、上限超過の扱いにならない）。 3. 下段「<< 添付 >>」の「ファイル名」に、申請した資料名が表示されること。 4. 申請者(A)がMCM1005Uを開き直すと、上段右の「備考」が「INT02-02後」、「出精値引き」が1,000円、「出精値引き」の直下の「合計」が99,000円、「小計」が100,000円であること。上段の「承認状態」が「審査中」であること。 【DB確認】 対象テーブル＝MCM_TK_KEIYAKU、MCM_TK_KIKAN、MCM_TK_TENPU、確認理由＝未保存の変更が申請と同時に保存され、審査対象の金額が変更後の値になっていることを確認するため。検索条件＝記録した契約ID・期間ID・添付ID、期待値＝次のとおり。 ・申請した期間のMCM_TK_KIKAN.SIKIRIGOKEI_KIN＝99,000、SYUSSEINEBIKI_KIN＝1,000であること（保存済みだった100,000を審査額に使っていないこと）。 ・MCM_TK_KEIYAKU.BIKO＝「INT02-02後」に更新されていること。 ・MCM_TK_KEIYAKU.SHONINJOTAI＝1（審査中）、対象期間のMCM_TK_KIKAN.YUKO_FLG＝-1（申請中を表す値）、対象の添付のMCM_TK_TENPU.SHONINJOTAI＝1（審査中）であること。 ・ほかの期間・ほかの契約・ほかの添付の状態と金額が、申請前のままであること。 | G11: 1. 表示タイミング＝申請者(A)が「ロック解除」を押下した時 表示形式＝通知 メッセージID＝－（VB版は未定義） 表示文言＝VB版の通知の有無は要確認。Web版は「管理者用ロックを解除しました。最新の登録内容を表示します。」を表示する。判定は、金額欄が入力できる状態になることで行い、通知の有無・文言の一致は求めない 作業者の操作＝特になし 2. 表示タイミング＝申請者(A)が「申請」を押下した時（登録の確認ダイアログは、画面に変更があるときだけ先に表示される） 表示形式＝確認ダイアログ（OK/キャンセル） メッセージID＝MSG_0007G（登録の確認）、MSG_0120G（申請の確認） 表示文言＝「登録を実施します。よろしいですか？」、「申請を実施します。よろしいですか？」 作業者の操作＝「OK」を押下する 3. 表示タイミング＝申請の完了時 表示形式＝完了メッセージ メッセージID＝MSG_0121G 表示文言＝「申請を完了しました。」（Web版で「申請が完了しました。」と表示された場合は、VB版との差異として備考に記録する） 作業者の操作＝特になし | O11: =IF(L11<>"",L11,IF(H11<>"",H11,"未実施")) -> 未実施 | P11: 関連単体：1005-26, 1011-9, 1011-10 単体の表示・単独操作ではなく、期待結果の連携部分を追加判定。 根拠：R1005 / R1011 ロック解除権限をブラウザーで付与しない。審査可否の境界は15、ここでは未保存金額が申請対象へ渡ることを判定する。 元Excel行：11。実施区分：管理者権限による画面操作＋DB読取。元フロー：1005U→1011U。
A12: INT02-03 | B12: 正常系 | C12: MCM1011U（審査・承認（取引先契約））→MCM1005U（取引先契約内容）：一覧の「契約NO」リンクから、対象の契約・期間・添付を参照できること | D12: 【確認すること】 審査一覧の「契約NO」リンクから、その契約が別タブで開くこと。対象期間のタブを選ぶと、審査一覧と同じ資料が表示され、参照用の表示になっていること。 【前提】 ・使用ユーザー：ユーザーB（審査担当者） ・保有権限：MCM1011Uの利用権限と、MCM1005Uの参照または作成権限 ・必要な登録済みデータ：審査中の試験契約1件。開始日と添付資料が異なる期間を2つ以上持ち、対象期間には審査中の添付があること ・事前に控える値：契約NO、取引先名、納入先名、サポートID、対象期間の開始日、添付のファイル名 ・準備：対象期間と添付資料を準備担当者に確認しておく ・開始時の画面状態：Bはメニュー画面 | E12: 【操作】 1. [B] メニューの「審査・承認（取引先契約）」を押下し、MCM1011Uを開く。 2. 「サポートID」に試験契約のサポートIDを入力する。他の入力欄は空欄、「承認状態」は「審査中」だけにチェックを入れて「検索」を押下する。 3. 契約NO・取引先名・開始日が控えた値と一致する行を探す。行の左端（▶の部分）を押下し、下段「<< 添付 >>」のファイル名を確認する。処理用のチェックボックスはONにしない。 4. 同じ行の「契約NO」リンクを押下する。別タブで開いたMCM1005Uの「契約NO」「取引先」「納入先」を、控えた値と照合する。 5. 控えた開始日と同じ期間のタブを選択し、「≪添付資料≫」のファイル名を確認する。期間タブは自動選択されるとは限らないため、自分で選択する。 6. 上段の「契約NO」が入力できないことと、画面右下の「申請」「契約発行」が押せないことを確認する。更新操作は行わない。 7. ブラウザーで元のMCM1011Uのタブへ戻り、検索条件・選択行・下段のファイル名が残っていることを確認する。 【入力値】 ・サポートID＝試験契約のサポートID（手順2） ・承認状態＝「審査中」のみON（手順2） ・期間タブ＝控えた開始日の期間（手順5） | F12: 【画面確認】 1. 「契約NO」リンクから、別タブで対象契約のMCM1005Uが開き、契約NO・取引先・納入先が控えた値と一致すること。 2. 対象期間のタブを選ぶと、「≪添付資料≫」に審査一覧の下段と同じファイル名が表示されること。 3. 「契約NO」が読取専用で、「申請」「契約発行」が非活性であること。 4. 元のMCM1011Uへ戻ると、検索条件・選択行・下段のファイル名が維持されていること。 【DB確認】 実施不要。理由＝このケースは、リンク先の契約・期間・添付と参照表示を画面で確認する。 | G12: 表示タイミング＝メッセージは表示されない 表示形式＝－ メッセージID＝－ 表示文言＝－ 作業者の操作＝特になし | O12: =IF(L12<>"",L12,IF(H12<>"",H12,"未実施")) -> 未実施 | P12: 関連単体：1011-14 根拠：R1011／R1005 リンクは契約IDを渡し、期間IDは渡さないため、対象期間のタブは実施者が選択する。
A13: INT02-04 | B13: 正常系 | C13: MCM1011U(審査・承認（取引先契約）)→MCM1005U(取引先契約内容)：審査（承認ボタン）の完了が、契約・添付・審査者・審査日に反映され、申請中のまま「承認中」になること | D13: 【確認すること】 審査担当者が「承認」を押すと、契約と対象の添付が「審査中」から「承認中」に進み、審査者と審査日が記録されること。期間の有効値は申請中のままで、ほかの期間・資料・契約が変わらないこと。 【前提】 ・使用ユーザー：ユーザーB（審査担当者）とユーザーA（確認用。申請内容を後で画面から確認する） ・保有権限： - B＝審査・承認（取引先契約）(MCM1011U)で、審査を行う資格と作成権限を持つ。契約の審査上限金額が、対象の「金額」以上である。担当者マスタにBの氏名が設定されている - A＝取引先契約内容(MCM1005U)の参照または作成の権限 ・必要な登録済みデータ：専用の試験契約（1件） - 状態＝契約、承認状態＝審査中。対象の添付も審査中。対象期間の有効値＝-1（申請中） - 最新の現在期間、または未来の期間を使用する - 点検と支払は、「回数」がチェックした月の数以上で、支払の開始月にチェックがある - 契約期間は1年以内である - 添付がExcelファイル（xls、xlsx、xlsm）の場合は、審査印の図形がそろった原紙を使う ・事前に控える値：試験契約の契約NO、サポートID、取引先名、対象期間の開始日、時間、金額、添付の資料名。審査者と審査日の処理前の値と、Bの氏名。DB担当者に、契約ID・期間ID・添付IDと、処理前の保存値を読取で控えてもらう ・準備：Bの審査担当者としてログインしたセッションを別に用意し、Aの操作中もログアウトしない ・開始時の画面状態：A、Bとも、メニュー画面（Bはすでに審査・承認（取引先契約）が表示されていてもよい） | E13: 【操作】 1. [B] 審査・承認（取引先契約）(MCM1011U)を開く。表示されていない場合は、「閉じる」を押下してメニューへ戻り、「審査・承認（取引先契約）」を押下する。すでに表示されている場合は、その画面で検索条件を変更する。「サポートID」欄に試験契約のサポートIDを入力する。他の入力欄は空欄にする。「承認状態」は「審査中」だけにチェックを入れて、「検索」を押下する。 2. [B] 画面上段の「<< 申請 >>」の一覧で、契約NO・開始日・時間・取引先名・サポートIDが控えた値と一致する行を探す。行の左端（▶の部分）を押下して選択し、画面下段「<< 添付 >>」の「ファイル名」が控えた資料名と一致することを確認する。処理対象の行だけ、左から2列目のチェックボックスをONにする。 3. [B] 「承認」を押下する。確認ダイアログ「審査・承認処理を実施します。よろしいですか？」で「OK」を押下する。表示された完了メッセージを控える。 4. [B] 手順1と同じ方法で、MCM1011Uを検索し直す。「サポートID」は同じ値、他の入力欄は空欄、「承認状態」は「承認中」だけにチェックを入れて「検索」を押下する。 5. [B] 「<< 申請 >>」の一覧で、手順2と同じ条件の行を探し、行の左端を押下して選択する。下段の「ファイル名」を確認する。チェックボックスはONにしない。同じ行の「審査日」「審査者」「金額」を記録する。 6. [A] メニューから「取引先見積・契約検索」を選択し、MCM1003U(取引先見積・契約検索)を開く。「契約NO」に試験契約の契約NOを入力し、他の入力欄は空欄にして、「承認状態」は今回の操作後の状態（承認中）を含めて「検索」を押下する。対象行の「契約NO」リンクを押下し、MCM1005U(取引先契約内容)を開く。 7. [A] 開始日が控えた値の期間のタブを選択する。次の内容を記録する。 - 上段の「承認状態」 - 期間タブの名前の末尾（「(申請中)」などの表示） - 期間タブ内の機器、「小計」「出精値引き」「合計」 - 「≪添付資料≫」の対象ファイルの「ファイル名」と「承認状態」 なお、「登録」「申請」などは押下しない。 8. DB担当者に、控えた契約ID・期間ID・添付IDで、処理の前後の保存値を読取で比べてもらう。対象外の期間・資料・ほかの契約も、同じように比べてもらう。証拠の名前（画面キャプチャのファイル名など）を記録する。 【入力値】 ・サポートID＝試験契約のサポートID（手順1、手順4） ・承認状態（検索条件）＝手順1は「審査中」のみ、手順4は「承認中」のみチェックを入れる ・チェックボックス＝対象の1行だけON（手順2） | F13: 【画面確認】 1. 手順4の検索結果（承認中）に、試験契約の行が1件表示され、承認状態が「承認中」であること。 2. その行の「審査者」がBの氏名、「審査日」が実施日であること。「金額」と下段の「ファイル名」が、控えた準備値と一致すること。 3. 申請者側のMCM1005Uで、上段の「承認状態」が「承認中」、対象のファイルの「承認状態」が「承認中」であること。 4. 対象期間のタブの名前の末尾に「(申請中)」が表示されたままであること。金額・機器は準備値のままで、別の期間の資料や金額が混ざっていないこと。 【DB確認】 対象テーブル＝MCM_TK_KEIYAKU、MCM_TK_KIKAN、MCM_TK_TENPU、確認理由＝審査の結果、契約と添付の状態だけが進み、審査者と審査日が正しく記録され、対象外のデータが変わっていないことを確認するため。検索条件＝記録した契約ID・期間ID・添付ID、期待値＝次のとおり。 ・契約と対象の添付の両方で、SHONINJOTAI＝2（承認中）であること。 ・SHINSA_BY＝Bの氏名であること。SHINSA_DTが、処理を始めた時刻から完了した時刻までの範囲にあること。 ・対象期間のYUKO_FLGが-1のままであること。 ・ほかの期間・承認済みの資料・ほかの契約の状態が、処理前のままであること。 | G13: 表示タイミング＝審査担当者(B)が「承認」を押下した時、およびその完了時 表示形式＝確認ダイアログ（OK/キャンセル）、完了メッセージ メッセージID＝MSG_0094G（確認）、MSG_0090G（完了） 表示文言＝「審査・承認処理を実施します。よろしいですか？」、「審査・承認を完了しました。」（表示文言のみの確認は単体に委ねる） 作業者の操作＝確認ダイアログで「OK」を押下する | O13: =IF(L13<>"",L13,IF(H13<>"",H13,"未実施")) -> 未実施 | P13: 関連単体：1011-21, 1005-4, 1005-5 単体の表示・単独操作ではなく、期待結果の連携部分を追加判定。 根拠：R1011 / R1005 元Excel行：13。実施区分：通常操作＋DB読取。元フロー：1011U→1005U。
A14: INT02-05 | B14: 正常系 | C14: MCM1011U(審査・承認（取引先契約）)→MCM1005U(取引先契約内容)：最終承認で、契約と対象の添付が承認済になり、期間が有効になること | D14: 【確認すること】 承認担当者が最終承認すると、契約と対象の添付が「承認済」になり、期間の有効値が有効に変わること。審査者の記録は残り、承認者と承認日が記録されること。ほかの期間・資料・契約が変わらないこと。 【前提】 ・使用ユーザー：ユーザーC（承認担当者）とユーザーA（確認用） ・保有権限： - C＝審査・承認（取引先契約）(MCM1011U)で、承認を行う資格と作成権限を持つ。契約の承認上限金額が、対象の「金額」以上である。担当者マスタにCの氏名が設定されている - A＝取引先契約内容(MCM1005U)の参照または作成の権限 ・必要な登録済みデータ：専用の試験契約（1件）。INT02-04 を実施した契約（承認中の状態）をそのまま使ってよい - 状態＝契約、承認状態＝承認中。対象の添付も承認中。対象期間の有効値＝-1（申請中） - 最新の現在期間、または未来の期間を使用する - 点検と支払は、「回数」がチェックした月の数以上で、支払の開始月にチェックがある - 契約期間は1年以内である - 添付は押印の対象でない資料（PDFなど）にする（押印の確認は INT02-10 で行う） ・事前に控える値：試験契約の契約NO、サポートID、取引先名、対象期間の開始日、時間、金額、添付の資料名。審査者と審査日の処理前の値。Cの氏名。DB担当者に、契約ID・期間ID・添付IDと、処理前の保存値を読取で控えてもらう ・準備：Cの承認担当者としてログインしたセッションを別に用意し、Aの操作中もログアウトしない ・開始時の画面状態：A、Cとも、メニュー画面 | E14: 【操作】 1. [C] 審査・承認（取引先契約）(MCM1011U)を開く。表示されていない場合は、「閉じる」を押下してメニューへ戻り、「審査・承認（取引先契約）」を押下する。すでに表示されている場合は、その画面で検索条件を変更する。「サポートID」欄に試験契約のサポートIDを入力する。他の入力欄は空欄にする。「承認状態」は「承認中」だけにチェックを入れて、「検索」を押下する。 2. [C] 画面上段の「<< 申請 >>」の一覧で、契約NO・開始日・時間・取引先名・サポートIDが控えた値と一致する行を探す。その行の左端（▶の部分）を押下して選択し、画面下段「<< 添付 >>」の「ファイル名」が控えた資料名と一致することを確認する。処理対象の行だけ、左から2列目のチェックボックスをONにする。 3. [C] 「承認」を押下する。確認ダイアログ「審査・承認処理を実施します。よろしいですか？」で「OK」を押下する。表示された完了メッセージを控える。 4. [C] 手順1と同じ方法で、MCM1011Uを検索し直す。「承認状態」は「承認済」だけにチェックを入れて「検索」を押下する。手順2と同じ条件の行を選択し、「審査日」「審査者」「承認日」「承認者」「金額」を記録する。 5. [A] メニューから「取引先見積・契約検索」を選択し、MCM1003U(取引先見積・契約検索)を開く。「契約NO」に試験契約の契約NOを入力し、他の入力欄は空欄にして、「承認状態」は今回の操作後の状態（承認済）を含めて「検索」を押下する。対象行の「契約NO」リンクを押下し、MCM1005U(取引先契約内容)を開く。開始日が控えた値の期間のタブを選択し、次の内容を記録する。「登録」「申請」などは押下しない。 - 上段の「承認状態」 - 期間タブの名前の末尾の表示 - 期間タブ内の機器、「小計」「出精値引き」「合計」 - 「≪添付資料≫」の対象ファイルの「ファイル名」と「承認状態」 6. DB担当者に、控えた契約ID・期間ID・添付IDで、処理の前後の保存値を読取で比べてもらう。対象外の期間・資料・ほかの契約も、同じように比べてもらう。証拠の名前（画面キャプチャのファイル名など）を記録する。 【入力値】 ・サポートID＝試験契約のサポートID（手順1） ・承認状態（検索条件）＝手順1は「承認中」のみ、手順4は「承認済」のみチェックを入れる ・チェックボックス＝対象の1行だけON（手順2） | F14: 【画面確認】 1. 手順4の検索結果（承認済）に、試験契約の行が1件表示され、承認状態が「承認済」であること。 2. 手順4の行で、「審査日」「審査者」が承認前に控えた値のままであること。「承認者」がCの氏名、「承認日」が実施日であること。 3. 申請者側のMCM1005Uで、上段の「承認状態」が「承認済」、対象のファイルの「承認状態」が「承認済」であること。契約NOと開始日が、手順4の行と同じであること。 4. 対象期間のタブの名前の末尾に「(申請中)」が付いていないこと。機器・金額が、準備した値と一致すること。 【DB確認】 対象テーブル＝MCM_TK_KEIYAKU、MCM_TK_KIKAN、MCM_TK_TENPU、確認理由＝最終承認の結果、状態と有効値が正しく更新され、審査者の記録が残り、対象外のデータが変わっていないことを確認するため。検索条件＝記録した契約ID・期間ID・添付ID、期待値＝次のとおり。 ・契約と対象の添付の両方で、SHONINJOTAI＝3（承認済）であること。 ・対象期間のYUKO_FLG＝0（有効）であること。 ・SHONIN_BY＝Cの氏名であること。SHONIN_DTが、処理を始めた時刻から完了した時刻までの範囲にあること。 ・SHINSA_BY、SHINSA_DTが、承認前に控えた値のままであること。 ・ほかの期間・承認済みの別の資料・ほかの契約の状態と金額が、処理前のままであること。 | G14: 表示タイミング＝承認担当者(C)が「承認」を押下した時、およびその完了時 表示形式＝確認ダイアログ（OK/キャンセル）、完了メッセージ メッセージID＝MSG_0094G（確認）、MSG_0090G（完了） 表示文言＝「審査・承認処理を実施します。よろしいですか？」、「審査・承認を完了しました。」（表示文言のみの確認は単体に委ねる） 作業者の操作＝確認ダイアログで「OK」を押下する | O14: =IF(L14<>"",L14,IF(H14<>"",H14,"未実施")) -> 未実施 | P14: 関連単体：1011-22 単体の表示・単独操作ではなく、期待結果の連携部分を追加判定。 根拠：R1011 / R1005 / R3002 / R3003 配備ビューが未確認なら出力部分を保留する。0件を承認失敗と即断しない。金額・回数等の固定期待値は実施前に準備表へ記入。 元Excel行：14。実施区分：通常操作＋DB読取。元フロー：1011U→1005U→3002U/3003U。
A15: INT02-06 | B15: 正常系 | C15: MCM1011U（審査・承認（取引先契約））：複数の契約を一括で審査すると、選択した契約だけが承認中になること | D15: 【確認すること】 審査中の契約X・Y・Zのうち、XとYだけを選んで「承認」を押すと、XとYの契約・添付が「承認中」になること。選ばなかったZは「審査中」のままであること。 【前提】 ・使用ユーザー：ユーザーB（審査担当者） ・保有権限：MCM1011Uの作成権限と審査を行う資格。契約審査上限が、3件すべての金額以上であること ・必要な登録済みデータ：試験契約3件（X・Y・Z） ・3件とも状態＝契約、承認状態＝審査中 ・各契約の期間は1つで、審査中の添付資料が1つある ・添付は押印対象外のPDFを使用する ・同じサポートIDで検索すると、X・Y・Zの3行が表示される ・事前に控える値：3件それぞれの契約NO、取引先名、期間の開始日、添付のファイル名、共通のサポートID ・準備：DB担当者に、3件の契約ID・期間ID・添付IDと、処理前の承認状態を控えてもらう ・開始時の画面状態：Bはメニュー画面 | E15: 【操作】 1. [B] メニューの「審査・承認（取引先契約）」を押下し、MCM1011Uを開く。 2. 「サポートID」に3件共通のサポートIDを入力する。他の入力欄は空欄、「承認状態」は「審査中」だけにチェックを入れて「検索」を押下する。 3. 一覧の契約NO・取引先名・開始日を控えた値と照合し、X・Y・Zを確認する。各行の左端（▶の部分）を順に押下し、下段「<< 添付 >>」のファイル名を確認する。 4. XとYの2行だけ、左から2列目のチェックボックスをONにする。ZはOFFのままにする。 5. 「承認」を押下する。確認ダイアログ「審査・承認処理を実施します。よろしいですか？」で「OK」を押下し、完了メッセージを確認する。 6. 同じサポートIDのまま、「承認状態」を「承認中」だけにして「検索」を押下する。XとYが表示され、Zが表示されないことを確認する。 7. 「承認状態」を「審査中」だけにして「検索」を押下する。Zが表示され、XとYが表示されないことを確認する。 8. DB担当者に、控えたIDで3件の契約・添付の承認状態を確認してもらう。 【入力値】 ・サポートID＝X・Y・Zに共通のサポートID（手順2） ・チェックボックス＝X・YはON、ZはOFF（手順4） ・承認状態＝手順2・7は「審査中」のみ、手順6は「承認中」のみON | F15: 【画面確認】 1. 一括審査の完了メッセージが表示されること。 2. 「承認中」で再検索すると、XとYが表示され、Zは表示されないこと。XとYは「承認済」まで進んでいないこと。 3. 「審査中」で再検索すると、Zが残り、XとYは表示されないこと。 【DB確認】 対象テーブル＝MCM_TK_KEIYAKU、MCM_TK_TENPU 確認理由＝選択した契約と添付だけが更新されたことを確認するため 検索条件＝控えた契約ID・期間ID・添付ID 期待値＝次のとおり。 ・XとY：契約と対象添付のSHONINJOTAIが、1（審査中）から2（承認中）に変わっていること ・Z：契約と対象添付のSHONINJOTAIが、1（審査中）のままであること | G15: 表示タイミング＝「承認」を押下した時、および処理完了時 表示形式＝確認ダイアログ（OK／キャンセル）、完了メッセージ メッセージID＝MSG_0094G（確認）、MSG_0090G（完了） 表示文言＝「審査・承認処理を実施します。よろしいですか？」、「審査・承認を完了しました。」 作業者の操作＝確認ダイアログで「OK」を押下する | O15: =IF(L15<>"",L15,IF(H15<>"",H15,"未実施")) -> 未実施 | P15: 関連単体：1011-21、1011-22 根拠：R1011 審査者・審査日の詳細確認はINT02-04に分担し、このケースでは一括処理の対象と状態の更新を確認する。
A16: INT02-07 | B16: 正常系 | C16: MCM1011U（審査・承認（取引先契約））→MCM1005U（取引先契約内容）→MCM1011U：審査段階で差戻しし、備考を修正して再申請できること | D16: 【確認すること】 審査中の契約を差戻しすると、申請者が備考を修正できること。修正して再申請すると、契約と添付が再び「審査中」になり、審査一覧に表示されること。 【前提】 ・使用ユーザー：ユーザーA（申請者）、ユーザーB（審査担当者） ・保有権限：AはMCM1005Uの作成権限。BはMCM1011Uの作成権限と審査を行う資格を持ち、契約審査上限が対象金額以上であること ・必要な登録済みデータ：審査中の試験契約1件 ・状態＝契約、承認状態＝審査中 ・対象期間には審査中のPDFが1つあり、承認済みの資料はない ・上段の「備考」が「INT02-再申請前」で保存されている ・同じ資料で再申請できるよう、申請に必要な入力条件が整っている ・事前に控える値：契約NO、取引先名、サポートID、対象期間の開始日、添付のファイル名 ・準備：A・Bは別のブラウザーまたは別のブラウザープロファイルで独立してログインする。DB担当者に、契約ID・期間ID・添付IDと処理前の値を控えてもらう ・開始時の画面状態：A・Bともメニュー画面 | E16: 【操作】 1. [B] メニューの「審査・承認（取引先契約）」を押下し、MCM1011Uを開く。「サポートID」に試験契約のサポートIDを入力する。他の入力欄は空欄、「承認状態」は「審査中」だけにチェックを入れて「検索」を押下する。 2. 契約NO・取引先名・開始日が控えた値と一致する行の左端（▶の部分）を押下し、下段「<< 添付 >>」のファイル名を確認する。対象行だけ、左から2列目のチェックボックスをONにする。 3. [B] 「差戻し」を押下する。確認ダイアログ「差し戻し処理を実施します。よろしいですか？」で「OK」を押下し、完了メッセージを確認する。 4. [A] メニューの「取引先見積・契約検索」を押下し、MCM1003Uを開く。「契約NO」に試験契約の契約NOを入力する。他の入力欄は空欄、「状態」は「契約」だけ、「承認状態」は「差戻中」だけにチェックを入れて検索する。対象行の「契約NO」リンクを押下し、MCM1005Uで控えた開始日の期間タブを選択する。契約と添付が「差戻中」で、上段の「備考」を編集できることを確認する。この時点でDB担当者に差戻し後の値を確認してもらう。 5. [A] 上段の「備考」を「INT02-再申請後」に変更する。添付は変更せず、「登録」は押さない。画面右下の「申請」を押下し、登録の確認が表示された場合は「OK」、続く申請の確認でも「OK」を押下する。完了メッセージを確認する。 6. [A] MCM1005Uの「閉じる」でMCM1003Uへ戻る。「契約NO」は同じ値、「承認状態」は「審査中」だけにチェックを入れて再検索する。対象行の「契約NO」リンクからMCM1005Uを開き直し、同じ期間の添付の承認状態と、上段の「備考」を確認する。 7. [B] 手順1のMCM1011Uで、同じサポートID、「承認状態」は「審査中」だけにして再検索する。対象の契約NO・開始日の行を選択し、下段のファイル名を確認する。 8. DB担当者に、控えたIDで再申請後の状態と備考を確認してもらう。 【入力値】 ・サポートID＝試験契約のサポートID（手順1・7） ・契約NO＝試験契約の契約NO（手順4・6） ・備考＝「INT02-再申請前」から「INT02-再申請後」へ変更（手順5） ・承認状態＝手順1・6・7は「審査中」、手順4は「差戻中」 | F16: 【画面確認】 1. 差戻し後、MCM1005Uの契約と対象添付が「差戻中」で、上段の「備考」を編集できること。 2. 再申請後にMCM1005Uを開き直すと、契約と対象添付が「審査中」で、上段の「備考」が「INT02-再申請後」であること。 3. MCM1011Uを「審査中」で再検索すると、同じ契約NO・開始日の行と、同じ添付のファイル名が表示されること。 【DB確認】 対象テーブル＝MCM_TK_KEIYAKU、MCM_TK_KIKAN、MCM_TK_TENPU 確認理由＝差戻し・再申請による状態の変化と、修正した備考の保存を確認するため 検索条件＝控えた契約ID・期間ID・添付ID 期待値＝次のとおり。 ・差戻し後：契約と対象添付のSHONINJOTAI＝4（差戻中）、対象期間のYUKO_FLG＝0であること ・再申請後：契約と対象添付のSHONINJOTAI＝1（審査中）、対象期間のYUKO_FLG＝-1であること ・再申請後：MCM_TK_KEIYAKU.BIKO＝「INT02-再申請後」であること | G16: 1. 差戻し 表示タイミング＝「差戻し」を押下した時、および処理完了時 表示形式＝確認ダイアログ（OK／キャンセル）、完了メッセージ メッセージID＝MSG_0095G（確認）、MSG_0096G（完了） 表示文言＝「差し戻し処理を実施します。よろしいですか？」、「差戻しを完了しました。」 作業者の操作＝確認ダイアログで「OK」を押下する 2. 再申請 表示タイミング＝「申請」を押下した時、および処理完了時。登録の確認は、画面に変更がある場合に先に表示される 表示形式＝確認ダイアログ（OK／キャンセル）、完了メッセージ メッセージID＝MSG_0007G（登録確認）、MSG_0120G（申請確認）、MSG_0121G（完了） 表示文言＝「登録を実施します。よろしいですか？」、「申請を実施します。よろしいですか？」、「申請を完了しました。」 作業者の操作＝各確認ダイアログで「OK」を押下する | O16: =IF(L16<>"",L16,IF(H16<>"",H16,"未実施")) -> 未実施 | P16: 関連単体：1011-25、1005-26 根拠：R1011／R1005 過去の承認済み資料の保護はINT02-14、承認段階の差戻し後に審査から再開する確認はINT02-08に分担する。Web版で申請完了が「申請が完了しました。」の場合は、VB版との文言差として記録する。
A17: INT02-08 | B17: 正常系 | C17: MCM1011U（審査・承認（取引先契約））→MCM1005U（取引先契約内容）→MCM1011U：承認段階で差戻しし、修正・再申請すると審査から再開されること | D17: 【確認すること】 承認中の契約を差戻しすると、申請者が備考を修正できること。再申請後は「審査中」になり、審査担当者の一覧に表示され、承認担当者の「承認中」の一覧には表示されないこと。 【前提】 ・使用ユーザー：ユーザーA（申請者）、ユーザーB（審査担当者）、ユーザーC（承認担当者） ・保有権限：AはMCM1005Uの作成権限。B・CはMCM1011Uの作成権限を持ち、Bは審査資格と対象金額以上の契約審査上限、Cは承認資格と対象金額以上の契約承認上限を持つこと ・必要な登録済みデータ：承認中の試験契約1件 ・状態＝契約、承認状態＝承認中 ・対象期間の添付は承認中のPDF1件。対象期間に承認済み資料はない ・上段の「備考」が「INT02-再申請前」で保存されている ・同じ資料で再申請できるよう、申請に必要な入力条件が整っている ・事前に控える値：契約NO、取引先名、サポートID、対象期間の開始日、添付のファイル名 ・準備：A・B・Cは別のブラウザーまたは別のブラウザープロファイルで独立してログインする。DB担当者に契約ID・期間ID・添付IDと処理前の値を控えてもらう ・開始時の画面状態：A・B・Cともメニュー画面 | E17: 【操作】 1. [C] メニューの「審査・承認」グループから「審査・承認（取引先契約）」を押下し、MCM1011Uを開く。「サポートID」に試験契約のサポートIDを入力する。他の入力欄は空欄、「承認状態」は「承認中」だけにチェックを入れて「検索」を押下する。 2. 契約NO・取引先名・開始日が控えた値と一致する行の左端（▶の部分）を押下し、下段「<< 添付 >>」のファイル名を確認する。対象行だけ、左から2列目のチェックボックスをONにする。 3. [C] 「差戻し」を押下し、確認ダイアログで「OK」を押下する。完了メッセージを確認する。 4. [A] メニューの「取引先見積・契約検索」からMCM1003Uを開く。「契約NO」に試験契約の契約NOを入力する。他の入力欄は空欄、「状態」は「契約」だけ、「承認状態」は「差戻中」だけにして「検索」を押下する。対象行の「契約NO」リンクを押下し、MCM1005Uで控えた開始日の期間タブを選択する。契約と添付が「差戻中」で、上段の「備考」を編集できることを確認する。この時点でDB担当者に差戻し後の値を確認してもらう。 5. [A] 上段の「備考」を「INT02-再申請後」に変更する。添付は変更せず、「登録」は押さない。画面右下の「申請」を押下し、登録の確認が表示された場合は「OK」、続く申請の確認でも「OK」を押下する。完了メッセージを確認する。 6. [A] MCM1005Uの「閉じる」でMCM1003Uへ戻り、同じ契約NO、「承認状態」は「審査中」だけにして再検索する。対象行の「契約NO」リンクからMCM1005Uを開き直し、同じ期間の添付の承認状態と、上段の「備考」を確認する。 7. [B] メニューの「審査・承認」グループから「審査・承認（取引先契約）」を押下し、MCM1011Uを開く。「サポートID」に試験契約のサポートIDを入力する。他の入力欄は空欄、「承認状態」は「審査中」だけにして「検索」を押下する。同じ契約NO・開始日の行の左端を押下し、下段に今回のファイル名が表示されることを確認する。処理用のチェックボックスはONにしない。 8. [C] 手順1のMCM1011Uで、同じサポートID、「承認状態」は「承認中」だけにして再検索する。今回の契約・期間の行が表示されないことを確認する。 9. DB担当者に、控えたIDで再申請後の状態と備考を確認してもらう。 【入力値】 ・サポートID＝試験契約のサポートID（手順1・7・8） ・契約NO＝試験契約の契約NO（手順4・6） ・備考＝「INT02-再申請前」から「INT02-再申請後」へ変更（手順5） ・承認状態＝手順1・8は「承認中」、手順4は「差戻中」、手順6・7は「審査中」のみON | F17: 【画面確認】 1. 差戻し後、MCM1005Uの契約と対象添付が「差戻中」で、上段の「備考」を編集できること。 2. 再申請後に開き直すと、契約と対象添付が「審査中」で、上段の「備考」が「INT02-再申請後」であること。 3. Bが「審査中」で検索すると、同じ契約NO・開始日の行と対象のファイル名が表示されること。 4. Cが「承認中」で再検索すると、今回の契約・期間の行が表示されないこと。 【DB確認】 対象テーブル＝MCM_TK_KEIYAKU、MCM_TK_KIKAN、MCM_TK_TENPU 確認理由＝承認段階の差戻し後、再申請が審査段階から再開され、修正した備考が保存されることを確認するため 検索条件＝控えた契約ID・期間ID・添付ID 期待値＝次のとおり。 ・差戻し後：契約と対象添付のSHONINJOTAI＝4（差戻中）、対象期間のYUKO_FLG＝0であること ・再申請後：契約と対象添付のSHONINJOTAI＝1（審査中）、対象期間のYUKO_FLG＝-1であること ・再申請後：MCM_TK_KEIYAKU.BIKO＝「INT02-再申請後」であること | G17: 1. 差戻し 表示タイミング＝「差戻し」を押下した時、および処理完了時 表示形式＝確認ダイアログ（OK／キャンセル）、完了メッセージ メッセージID＝MSG_0095G（確認）、MSG_0096G（完了） 表示文言＝「差し戻し処理を実施します。よろしいですか？」、「差戻しを完了しました。」 作業者の操作＝確認ダイアログで「OK」を押下する 2. 再申請 表示タイミング＝「申請」を押下した時、および処理完了時。登録の確認は画面に変更がある場合に先に表示される 表示形式＝確認ダイアログ（OK／キャンセル）、完了メッセージ メッセージID＝MSG_0007G（登録確認）、MSG_0120G（申請確認）、MSG_0121G（完了） 表示文言＝「登録を実施します。よろしいですか？」、「申請を実施します。よろしいですか？」、「申請を完了しました。」 作業者の操作＝各確認ダイアログで「OK」を押下する | O17: =IF(L17<>"",L17,IF(H17<>"",H17,"未実施")) -> 未実施 | P17: 関連単体：1011-25、1005-26 根拠：R1011／R1005 過去の承認済み資料の詳細保護はINT02-14、古い一覧からの競合はINT02-13に分担する。Web版の「申請が完了しました。」はVB版との文言差として記録する。
A18: INT02-09 | B18: 正常系 | C18: MCM1005U(取引先契約内容)→MCM1011U(審査・承認（取引先契約）)：契約画面で追加した資料（xlsx、PDF）を、審査担当者が審査画面から取得して開けること | D18: 【確認すること】 申請者が「≪添付資料≫」に追加した2種類の資料（xlsx、PDF）が、申請後に審査担当者の画面（MCM1011U）に表示され、取得したファイルを開くと原本と同じ内容が表示されること。 【前提】 ・使用ユーザー：ユーザーA（申請者）とユーザーB（審査担当者）。AとBは、別のPCで、それぞれ独立したログインを使う ・保有権限： - A＝取引先契約内容(MCM1005U)の作成権限 - B＝審査・承認（取引先契約）(MCM1011U)で審査を行う権限に加えて、MCM1005Uの参照または作成の権限（この権限がないと、ファイル名はリンクにならず文字のままになり、取得できない） ・必要な登録済みデータ：専用の試験契約（1件） - 契約と今回の期間の添付は、作成中。承認済みの資料はなし - 最新の現在期間、または未来の期間を使用する。点検と支払は、「回数」がチェックした月の数以上で、支払の開始月にチェックがある。契約期間は1年以内 ・追加する資料（2つ）：xlsxとPDFを1つずつ。それぞれの中に、形式ごとの識別文字（例：xlsxはセルA1に「XLSX-TEST」、PDFは本文に「PDF-TEST」）を入れる。拡張子と実際の形式を一致させる。ファイル名は、2つとも互いに異なるものにする（同じ名前のファイルは追加できない）。xlsxには、押印の対象になるシート（先頭が「契約手続依頼書①」のシート）を含めない ・事前に控える値：試験契約の契約NO、サポートID、取引先名、対象期間の開始日、時間。2つの資料名と、それぞれの識別文字 ・準備：Bが取得したファイルの保存先は、今回専用の空のフォルダにする ・開始時の画面状態：A、Bとも、メニュー画面 | E18: 【操作】 1. [A] メニューから「取引先見積・契約検索」を選択し、MCM1003U(取引先見積・契約検索)を開く。「契約NO」に試験契約の契約NOを入力し、他の入力欄は空欄にして、「状態」「承認状態」のチェックは試験契約の状態（契約、作成中）を含めて、「検索」を押下する。 2. [A] 一覧で、契約NO・取引先名・サポートIDが試験契約と一致する行の「契約NO」リンクを押下する。MCM1005U(取引先契約内容)が開く。開始日が控えた値の期間のタブを選択する。 3. [A] 「≪添付資料≫」の「ファイル追加」を押下する。ファイル選択ダイアログで、準備した資料を1つ選択する。選択すると、追加が自動で実行される。完了メッセージと、「≪添付資料≫」の一覧にファイル名が追加されたことを記録する。画面が再表示されたら、同じ期間のタブが選択されていることを確認する。この操作を、2つの資料について繰り返す。 4. [A] 期間のタブを選択したまま、画面右下の「申請」を押下する。登録の確認ダイアログ「登録を実施します。よろしいですか？」が表示された場合は「OK」を押下する。続けて、申請の確認ダイアログ「申請を実施します。よろしいですか？」で「OK」を押下する。表示された完了メッセージを控える。 5. [B] 審査・承認（取引先契約）(MCM1011U)を開く。表示されていない場合は、「閉じる」を押下してメニューへ戻り、「審査・承認（取引先契約）」を押下する。すでに表示されている場合は、その画面で検索条件を変更する。「サポートID」欄に試験契約のサポートIDを入力する。他の入力欄は空欄にする。「承認状態」は「審査中」だけにチェックを入れて、「検索」を押下する。 6. [B] 画面上段の「<< 申請 >>」の一覧で、契約NO・開始日・時間・取引先名・サポートIDが控えた値と一致する行を探す。その行の左端（▶の部分）を押下して選択し、画面下段「<< 添付 >>」の「ファイル名」に、2つの資料名が表示されることを確認する。このケースでは、行のチェックをONにせず、「承認」も「差戻し」も押下しない。 7. [B] 下段の2つのファイル名を、順に押下して、BのPCの専用フォルダに保存する。保存した各資料を、対応するアプリ（Excel、PDFを開けるアプリ）で開き、中の識別文字が控えた値と一致することを確認する。 【入力値】 ・追加する資料＝xlsxとPDFの各1つ（手順3） ・サポートID＝試験契約のサポートID（手順5） ・承認状態（検索条件）＝「審査中」のみチェックを入れる（手順5） | F18: 【画面確認】 1. 申請者(A)が資料を追加するたびに、完了メッセージが表示され、「≪添付資料≫」の一覧に追加したファイル名が表示されること。2つとも、同じ期間のタブに表示されること。 2. 申請後、審査担当者(B)のMCM1011Uの下段「<< 添付 >>」に、2つの資料が表示されること。 3. 2つの資料を、同じ名前・同じ形式で取得できること。エラー画面が表示されないこと。 4. 取得した各ファイルを、対応するアプリで開くと、中の識別文字が控えた値と一致すること。ブラウザーで取得したあと、利用者がアプリで開く想定とし、取得と同時にアプリが自動で起動することは期待しない。 【DB確認】 実施不要。理由＝このケースは、追加した資料が審査担当者の画面から取得でき、内容が一致することを画面で判定できる。申請による契約・期間・添付の状態更新は、INT02-01 のDB確認で確認する。 | G18: 1. 表示タイミング＝申請者(A)が資料を1つ追加するたび（2回） 表示形式＝完了メッセージ メッセージID＝MSG_0072G 表示文言＝「ファイルの追加を完了しました。」 作業者の操作＝特になし 2. 表示タイミング＝申請者(A)が「申請」を押下した時（登録の確認ダイアログは、画面に変更があるときだけ先に表示される） 表示形式＝確認ダイアログ（OK/キャンセル） メッセージID＝MSG_0007G（登録の確認）、MSG_0120G（申請の確認） 表示文言＝「登録を実施します。よろしいですか？」、「申請を実施します。よろしいですか？」 作業者の操作＝「OK」を押下する 3. 表示タイミング＝申請の完了時 表示形式＝完了メッセージ メッセージID＝MSG_0121G 表示文言＝「申請を完了しました。」（Web版で「申請が完了しました。」と表示された場合は、VB版との差異として備考に記録する） 作業者の操作＝特になし | O18: =IF(L18<>"",L18,IF(H18<>"",H18,"未実施")) -> 未実施 | P18: 関連単体：1005-19, 1011-16 単体の表示・単独操作ではなく、期待結果の連携部分を追加判定。 根拠：R1005 / R1011 実施前にQ02の条件・期待を確認。 ファイル追加の離脱確認が出た場合は現象・配備版を記録し、正常完了として進めない。添付操作は未反映修正76／78と配備版を取り違えない。 元Excel行：18。実施区分：通常操作＋DB読取。元フロー：1005U→1011U/別PC。
A19: INT02-10 | B19: 正常系 | C19: MCM1011U（審査・承認（取引先契約））：審査欄・承認欄に順に押印され、先に押した審査印が残ること | D19: 【確認すること】 審査後に取得したExcelに審査印が付き、最終承認後に取得したExcelには承認印が追加されること。最終承認しても、先に押した審査印が消えないこと。 【前提】 ・使用ユーザー：ユーザーB（審査担当者）、ユーザーC（承認担当者） ・保有権限：B・CともMCM1011Uの作成権限とMCM1005Uの参照または作成権限。Bは審査資格と対象金額以上の契約審査上限、Cは承認資格と対象金額以上の契約承認上限を持つこと ・必要な登録済みデータ：審査中の試験契約1件。対象期間に、審査中の正常なxlsx原紙が1つ添付されていること ・事前に控える値：契約NO、取引先名、サポートID、対象期間の開始日、添付のファイル名、B・Cの姓、実施日（yy.MM.dd） ・準備：準備担当者から、押印用の図形が確認済みの原紙と、対象シート名・審査欄・承認欄の位置を受け取る。処理前は両方の欄に押印がないことを確認する。取得先に「審査後」「承認後」の空フォルダを用意する。B・Cは独立してログインする ・開始時の画面状態：B・Cともメニュー画面 | E19: 【操作】 1. [B] メニューの「審査・承認（取引先契約）」を押下し、MCM1011Uを開く。「サポートID」に試験契約のサポートIDを入力する。他の入力欄は空欄、「承認状態」は「審査中」だけにチェックを入れて「検索」を押下する。 2. 契約NO・取引先名・開始日が控えた値と一致する行の左端（▶の部分）を押下し、下段「<< 添付 >>」のファイル名を確認する。対象行だけ、左から2列目のチェックボックスをONにする。 3. [B] 「承認」を押下する。確認ダイアログ「審査・承認処理を実施します。よろしいですか？」で「OK」を押下し、完了メッセージを確認する。 4. [B] 同じサポートIDのまま、「承認状態」を「承認中」だけにして再検索する。同じ契約NO・開始日の行の左端を押下し、下段のファイル名リンクから資料を取得する。「審査後」フォルダに保存してExcelで開く。 5. [B] 準備時に確認したシートの審査欄と承認欄を確認する。審査印の姓・「DTS」・日付と、承認欄に押印がないことを記録する。 6. [C] メニューの「審査・承認（取引先契約）」からMCM1011Uを開く。「サポートID」に同じ値を入力する。他の入力欄は空欄、「承認状態」は「承認中」だけにチェックを入れて検索する。同じ契約NO・開始日の行の左端を押下し、下段のファイル名を確認する。対象行だけ、左から2列目のチェックボックスをONにする。 7. [C] 「承認」を押下する。確認ダイアログ「審査・承認処理を実施します。よろしいですか？」で「OK」を押下し、完了メッセージを確認する。 8. [C] 同じサポートIDのまま、「承認状態」を「承認済」だけにして再検索する。同じ契約NO・開始日の行の左端を押下し、下段のファイル名リンクから資料を取得する。「承認後」フォルダに保存してExcelで開く。 9. [C] 同じシートの承認欄に、Cの姓・「DTS」・日付が表示されることを確認する。「審査後」のファイルと見比べ、Bの審査印がそのまま残っていることを確認する。 【入力値】 ・サポートID＝試験契約のサポートID（手順1・4・6・8） ・承認状態＝手順1は「審査中」、手順4・6は「承認中」、手順8は「承認済」のみON ・チェックボックス＝対象の1行だけON（手順2・6） | F19: 【画面確認】 1. 審査後は対象行が「承認中」、最終承認後は「承認済」の検索結果に表示され、同じ資料を取得できること。 2. 「審査後」のExcelの審査欄に、Bの姓・「DTS」・実施日（yy.MM.dd）が表示され、承認欄には押印がないこと。 3. 「承認後」のExcelの承認欄に、Cの姓・「DTS」・実施日が表示され、審査欄にはBの審査印が消えずに残っていること。 【DB確認】 実施不要。理由＝このケースは、取得したExcelの押印を確認する。審査・最終承認によるDBの状態・担当者・日時の更新はINT02-04・05に分担する。 | G19: 表示タイミング＝B・Cそれぞれが「承認」を押下した時、および処理完了時 表示形式＝確認ダイアログ（OK／キャンセル）、完了メッセージ メッセージID＝MSG_0094G（確認）、MSG_0090G（完了） 表示文言＝「審査・承認処理を実施します。よろしいですか？」、「審査・承認を完了しました。」 作業者の操作＝確認ダイアログで「OK」を押下する | O19: =IF(L19<>"",L19,IF(H19<>"",H19,"未実施")) -> 未実施 | P19: 関連単体：1011-21、1011-22、1011-16 根拠：R1011 原紙が未確認の場合は準備待ちとする。図形不足の異常確認はINT02-12に分担する。審査後と承認後の取得ファイルは、保存フォルダで区別する。
A20: INT02-11 | B20: 正常系 | C20: MCM1011U（審査・承認（取引先契約））：押印対象外のxlsx・PDFは、審査後も識別内容が変わらず、押印されないこと | D20: 【確認すること】 押印対象のシートがないxlsxとPDFは、審査後も内容を確認でき、処理前になかった押印が追加されないこと。 【前提】 ・使用ユーザー：ユーザーB（審査担当者） ・保有権限：MCM1011Uの作成権限と審査を行う資格。契約審査上限が対象金額以上で、MCM1005Uの参照または作成権限も持つこと ・必要な登録済みデータ：審査中の試験契約1件。対象期間に、審査中の次の資料が各1つ添付されていること ・xlsx：先頭が「契約手続依頼書①」のシートを含まず、セルA1に「XLSX-TEST」があるもの ・PDF：本文に「PDF-TEST」があるもの ・事前に控える値：契約NO、取引先名、サポートID、対象期間の開始日、2つのファイル名、xlsxのシート名一覧とA1の値、PDFの識別文字 ・準備：2つの原本を比較用に用意し、どちらにも押印がないことを確認する。取得先に今回専用の空フォルダを用意する ・開始時の画面状態：Bはメニュー画面 | E20: 【操作】 1. [B] メニューの「審査・承認（取引先契約）」を押下し、MCM1011Uを開く。「サポートID」に試験契約のサポートIDを入力する。他の入力欄は空欄、「承認状態」は「審査中」だけにチェックを入れて「検索」を押下する。 2. 契約NO・取引先名・開始日が控えた値と一致する行の左端（▶の部分）を押下し、下段「<< 添付 >>」に2つのファイル名が表示されることを確認する。対象行だけ、左から2列目のチェックボックスをONにする。 3. 「承認」を押下する。確認ダイアログ「審査・承認処理を実施します。よろしいですか？」で「OK」を押下し、完了メッセージを確認する。 4. 同じサポートIDのまま、「承認状態」を「承認中」だけにして再検索する。同じ契約NO・開始日の行の左端を押下し、下段の2つのファイル名リンクを順に押して、今回専用のフォルダへ保存する。 5. 取得したxlsxをExcelで開く。シート名一覧とセルA1の値を原本と見比べ、押印が追加されていないことを確認する。 6. 取得したPDFをPDFを開けるアプリで開く。本文の識別文字を原本と見比べ、押印が追加されていないことを確認する。xlsxとPDFの結果は別々に記録する。 【入力値】 ・サポートID＝試験契約のサポートID（手順1・4） ・承認状態＝手順1は「審査中」、手順4は「承認中」のみON ・チェックボックス＝対象の1行だけON（手順2） | F20: 【画面確認】 1. 審査が完了し、対象行が「承認中」の検索結果に表示され、2つの資料を取得できること。 2. 取得したxlsxのシート名一覧とセルA1の「XLSX-TEST」が原本と同じで、押印が追加されていないこと。 3. 取得したPDFの本文の「PDF-TEST」が原本と同じで、押印が追加されていないこと。 【DB確認】 実施不要。理由＝このケースは、取得した押印対象外資料の識別内容と押印の有無を確認する。審査によるDBの状態更新はINT02-04に分担する。 | G20: 表示タイミング＝「承認」を押下した時、および処理完了時 表示形式＝確認ダイアログ（OK／キャンセル）、完了メッセージ メッセージID＝MSG_0094G（確認）、MSG_0090G（完了） 表示文言＝「審査・承認処理を実施します。よろしいですか？」、「審査・承認を完了しました。」 作業者の操作＝確認ダイアログで「OK」を押下する | O20: =IF(L20<>"",L20,IF(H20<>"",H20,"未実施")) -> 未実施 | P20: 関連単体：1011-16、1011-21 根拠：R1011 追加した資料を別PCから取得する確認はINT02-09、押印対象のxlsxへの押印はINT02-10に分担する。このケースでは対象シートのないxlsxとPDFを確認する。
A21: INT02-12 | B21: 異常系 | C21: MCM1011U（審査・承認（取引先契約））：押印用の図形が不足した資料では審査が完了せず、契約・期間・添付の状態が変わらないこと | D21: 【確認すること】 押印用の図形が不足したExcel資料を審査すると処理が中止され、審査中の状態が維持されること。元の資料に審査印が追加されないこと。 【前提】 ・使用ユーザー：ユーザーB（審査担当者） ・保有権限：MCM1011Uの作成権限と審査資格。契約審査上限が対象金額以上で、MCM1005Uの参照または作成権限も持つこと ・必要な登録済みデータ：審査中の試験契約1件。対象期間の添付は、準備担当者が図形不足を確認済みの試験用xlsx資料1件だけであること ・事前に控える値：契約NO、取引先名、サポートID、対象期間の開始日、ファイル名、確認するシート名、処理前の審査欄の表示 ・準備：準備担当者から試験資料と審査欄の位置を受け取る。実施者は図形を編集しない。取得先に空フォルダを用意する。DB担当者に契約ID・期間ID・添付IDと、処理前の状態・審査者・審査日を控えてもらう ・開始時の画面状態：Bはメニュー画面 | E21: 【操作】 1. [B] メニューの「審査・承認」グループから「審査・承認（取引先契約）」を押下し、MCM1011Uを開く。「サポートID」に試験契約のサポートIDを入力する。他の入力欄は空欄、「承認状態」は「審査中」だけにして「検索」を押下する。 2. 契約NO・取引先名・開始日が控えた値と一致する行の左端（▶の部分）を押下し、下段「<< 添付 >>」のファイル名を確認する。対象行だけ、左から2列目のチェックボックスをONにする。 3. 「承認」を押下し、確認ダイアログで「OK」を押下する。表示されたエラー通知の文言を記録し、完了メッセージが表示されないことを確認する。 4. 同じサポートIDのまま、「承認状態」は「審査中」だけにして再検索する。対象行が「審査中」のまま表示されることを確認する。 5. 「承認状態」を「承認中」だけにして再検索し、今回の契約・期間の行が表示されないことを確認する。 6. 「承認状態」を「審査中」だけに戻して再検索する。同じ契約NO・開始日の行の左端を押下し、下段のファイル名リンクから資料を取得する。専用フォルダに保存してExcelで開き、控えたシートの審査欄を処理前と見比べる。 7. DB担当者に、控えたIDで契約・期間・添付の状態と、契約・添付の審査者・審査日が処理前のままであることを確認してもらう。 【入力値】 ・サポートID＝試験契約のサポートID（手順1・4・5・6） ・承認状態＝手順1・4・6は「審査中」、手順5は「承認中」のみON ・チェックボックス＝対象の1行だけON（手順2） | F21: 【画面確認】 1. 図形不足によるエラー通知が表示され、「審査・承認を完了しました。」の完了メッセージが表示されないこと。 2. 対象行は「審査中」の検索結果に残り、「承認中」の検索結果には表示されないこと。 3. 取得した資料の審査欄が処理前と同じで、新たな審査印が追加されていないこと。 【DB確認】 対象テーブル＝MCM_TK_KEIYAKU、MCM_TK_KIKAN、MCM_TK_TENPU 確認理由＝押印の失敗で審査が確定していないことを確認するため 検索条件＝控えた契約ID・期間ID・添付ID 期待値＝次のとおり。 ・契約と対象添付のSHONINJOTAIが1（審査中）のままであること ・対象期間のYUKO_FLGが-1のままであること ・契約と対象添付のSHINSA_BY・SHINSA_DTが処理前のままであること | G21: 1. 承認の確認 表示タイミング＝「承認」を押下した時 表示形式＝確認ダイアログ（OK／キャンセル） メッセージID＝MSG_0094G 表示文言＝「審査・承認処理を実施します。よろしいですか？」 作業者の操作＝「OK」を押下する 2. 図形不足の通知 表示タイミング＝確認ダイアログで「OK」を押下した後 表示形式＝エラー通知（Web版） メッセージID＝－（図形不足の固定VBメッセージIDは未確認） 表示文言＝Web版は「添付帳票に捺印用の図形がありません。帳票を確認してください。」。VB版と同じ文言であることは求めない 作業者の操作＝通知を確認して閉じる | O21: =IF(L21<>"",L21,IF(H21<>"",H21,"未実施")) -> 未実施 | P21: 関連単体：1011-21 根拠：R1011、CPExcelManager、CPButton 今回の通常手順は失敗資料1件（従来12-A）に限定する。複数資料の途中失敗と先行資料の復元（従来12-C）はQ15の技術確認へ分離し、未確認として残す。保存失敗でFalseが返る条件とは区別する。VB根拠の判定は処理中止とDBの状態維持で、エラー案内の形式・文言はWebの実装に従って記録する。
... A24: INT02-15 | B24: 正常系 | C24: MCM1011U（審査・承認（取引先契約））：本人の上限ちょうどの契約は審査・承認でき、1円超える契約は選択できないこと | D24: 【確認すること】 審査担当者・承認担当者それぞれについて、金額が本人の上限ちょうどなら処理でき、1円超える行は選択できないこと。選択できなかった契約の状態は変わらないこと。 【前提】 ・使用ユーザー：ユーザーB（審査担当者）、ユーザーC（承認担当者）。申請者はB・Cとは別のユーザーとする ・保有権限：B・CはMCM1011Uの作成権限を持ち、Bは審査資格、Cは承認資格を持つこと ・必要な登録済みデータ：同じサポートIDで検索できる次の4契約。各契約は状態＝契約、期間1つで、その段階と同じ承認状態のPDFが1件添付されていること ・契約15-A：承認状態＝審査中、金額＝100,000円 ・契約15-B：承認状態＝審査中、金額＝100,001円 ・契約15-C：承認状態＝承認中、金額＝200,000円 ・契約15-D：承認状態＝承認中、金額＝200,001円 ・事前に控える値：4件それぞれの契約NO、取引先名、開始日、共通のサポートID ・準備：管理者が担当者マスタ（MCM3006U）の「契約審査上限」をB＝100,000円、「契約承認上限」をC＝200,000円に設定して確認する。申請者の上限はB・Cと異なる値にする。設定後、B・Cはログアウトして独立したログインで入り直す。DB担当者に契約ID・期間ID・添付IDと処理前の状態を控えてもらう ・開始時の画面状態：B・Cともメニュー画面 | E24: 【操作】 1. [B] メニューの「審査・承認」グループから「審査・承認（取引先契約）」を押下し、MCM1011Uを開く。「サポートID」に4件共通のサポートIDを入力する。他の入力欄は空欄、「承認状態」は「審査中」だけにして「検索」を押下する。 2. 契約NO・取引先名・開始日で15-A・15-Bを見分け、「金額」を上表と照合する。左から2列目のチェックボックスで、15-AはONにでき、15-Bは押せないことを記録する。 3. [B] 15-AだけをONにした状態で「承認」を押下する。確認ダイアログで「OK」を押下し、完了メッセージを確認する。 4. [B] 同じサポートIDのまま、「承認状態」は「審査中」と「承認中」の両方にして再検索する。15-Aが「承認中」、15-Bが「審査中」のままであることを確認する。 5. [C] メニューの「審査・承認」グループから「審査・承認（取引先契約）」を押下し、MCM1011Uを開く。「サポートID」に同じ値を入力する。他の入力欄は空欄、「承認状態」は「承認中」だけにして検索する。契約NO・取引先名・開始日で15-C・15-Dを見分け、「金額」を上表と照合する。 6. [C] 左から2列目のチェックボックスで、15-CはONにでき、15-Dは押せないことを記録する。15-CだけをONにして「承認」を押下し、確認ダイアログで「OK」を押下する。15-Aも一覧に表示されるが、チェックは入れない。 7. [C] 完了メッセージを確認後、同じサポートIDのまま、「承認状態」は「承認中」と「承認済」の両方にして再検索する。15-Cが「承認済」、15-Dが「承認中」のままであることを確認する。 8. DB担当者に、控えたIDで4件の契約・添付の状態を確認してもらう。 【入力値】 ・サポートID＝4件共通のサポートID（手順1・4・5・7） ・承認状態＝手順1は「審査中」、手順4は「審査中・承認中」、手順5は「承認中」、手順7は「承認中・承認済」のみON ・チェックボックス＝15-AだけON（手順2・3）、15-CだけON（手順6） | F24: 【画面確認】 1. Bは100,000円の15-Aを選択でき、100,001円の15-Bは選択できないこと。 2. Cは200,000円の15-Cを選択でき、200,001円の15-Dは選択できないこと。 3. 再検索後、15-Aは「承認中」、15-Cは「承認済」であること。 4. 選択しなかった15-Bは「審査中」、15-Dは「承認中」のままであること。 【DB確認】 対象テーブル＝MCM_TK_KEIYAKU、MCM_TK_TENPU 確認理由＝本人の上限内の契約だけが処理されたことを確認するため 検索条件＝控えた契約ID・期間ID・添付ID 期待値＝次のとおり。 ・15-A：契約と対象添付のSHONINJOTAIが1から2へ変わること ・15-C：契約と対象添付のSHONINJOTAIが2から3へ変わること ・15-B：契約と対象添付のSHONINJOTAIが1のままであること ・15-D：契約と対象添付のSHONINJOTAIが2のままであること | G24: 表示タイミング＝B・Cそれぞれが「承認」を押下した時、および処理完了時 表示形式＝確認ダイアログ（OK／キャンセル）、完了メッセージ メッセージID＝MSG_0094G（確認）、MSG_0090G（完了） 表示文言＝「審査・承認処理を実施します。よろしいですか？」、「審査・承認を完了しました。」 作業者の操作＝確認ダイアログで「OK」を押下する。上限超過行は選択できないため、その行についての処理・エラーメッセージは求めない | O24: =IF(L24<>"",L24,IF(H24<>"",H24,"未実施")) -> 未実施 | P24: 関連単体：1011-9、1011-10、1011-12 根拠：R1011、担当者マスタの「契約審査上限」「契約承認上限」 金額・選択可否は処理前に、状態の更新は再検索後に確認する。押せないチェックボックスを強制操作しない。通常の審査・最終承認における担当者・日時・期間有効値の詳細はINT02-04・05に分担する。
A25: INT02-16 | B25: 外部連携 | C25: MCM1011U(審査・承認（取引先契約）)：審査担当者が審査を完了したとき、上位者に承認依頼メールが送信される条件を満たすと、メールが届くこと | D25: 【確認すること】 審査担当者Bが、条件を満たす契約の審査を完了（承認ボタン）したとき、Bの上位者の試験用の受信箱に、承認依頼メールが1通届くこと。この操作は審査中から承認中への審査完了であり、最終承認ではない。 【前提】 ・使用ユーザー：ユーザーB（審査担当者）、Bの上位者（メールを受け取る人）、管理者、DB担当者 ・保有権限： - B＝審査・承認（取引先契約）(MCM1011U)で、審査を行う資格と作成権限を持つ。契約の審査上限金額が、対象の「金額」以上（選択できるようにするため）。契約の承認上限金額が、対象の仕切合計より大きい（メールを送る条件。上位者の上限ではなく、ログインしているB本人の上限を比べる）。MCM1005Uの参照または作成の権限も持つ - この操作に登場するユーザー（B、上位者）だけの権限と設定を確認する ・メールの設定（管理者が行う）： - 担当者マスタ(MCM3006U)で、Bの「メールアドレス」と「上位者ID」（上位者のログインID）、上位者の「メールアドレス」を、試験用のアドレスで設定する。実際の利用者のアドレスは使わない - 試験専用のメール送信サーバー（SMTP）と、送信元（Bのアドレス）・宛先（上位者のアドレス）を設定し、確認する - 実際の利用者にメールが届かないこと、試験用の受信箱で受信を確認できることを確認する - Bの契約承認上限と、対象の仕切合計を記録する ・確認待ちの条件：要確認事項一覧のQ03（メールを使う方針、試験用の送信環境、失敗したときの扱い）が合意されていない場合は、送信の試験を始めない ・必要な登録済みデータ：専用の試験契約（1件）。状態＝契約、承認状態＝審査中、期間の有効値＝-1（申請中）。最新の現在期間、または未来の期間を使用する。点検と支払は、「回数」がチェックした月の数以上で、支払の開始月にチェックがある。契約期間は1年以内。添付は審査中。添付は押印の対象でない資料にするか、押印に必要な図形がそろった原紙にする ・事前に控える値：契約NO、サポートID、取引先名、期間の番号・開始日、時間、金額（仕切合計）。契約と添付の状態、期間の有効値（それぞれ区別して記録する）。B、上位者の氏名とメールアドレス。実施日（年月日）。受信確認の時間（管理者が合意した値）。DB担当者に、契約ID・期間ID・添付IDと、処理前の保存値を読取で控えてもらう ・準備：Bは、設定の変更後にログアウトし、入り直す（上限と設定はログイン時に読み込まれるため） ・開始時の画面状態：Bはメニュー画面 | E25: 【操作】 1. 管理者が、試験用の担当者とメールの設定を確認する。そのあと、Bがログインし直す。 2. [B] 審査・承認（取引先契約）(MCM1011U)を開く。表示されていない場合は、「閉じる」を押下してメニューへ戻り、「審査・承認（取引先契約）」を押下する。すでに表示されている場合は、その画面で検索条件を変更する。「サポートID」欄に試験契約のサポートIDを入力する。他の入力欄は空欄にする。「承認状態」は「審査中」だけにチェックを入れて、「検索」を押下する。画面上段の「<< 申請 >>」の一覧で、契約NO・開始日・時間・取引先名・サポートIDが控えた値と一致する行を探す。行の左端（▶の部分）を押下して選択し、画面下段「<< 添付 >>」の「ファイル名」が控えた資料名と一致することを確認する。Bの契約承認上限が、その行の金額（仕切合計）より大きいことを、控えた値で照合する。 3. [B] 対象の行だけ、左から2列目のチェックボックスをONにする。「承認」を押下する。確認ダイアログ「審査・承認処理を実施します。よろしいですか？」で「OK」を押下する。表示された完了メッセージを控える。メール送信の失敗を示す警告が出ていないことも確認する。 4. 上位者の試験用の受信箱を確認する。管理者が合意した受信確認の時間の内に確認し、届いたメールの、送信日時・送信元・宛先・件名・本文を記録する。受信確認の時間が合意されていない場合は、すぐに届かないことをNGと決めつけず、判断待ちにする。 5. DB担当者に、控えた契約ID・期間ID・添付IDで、処理の前後の保存値を読取で比べてもらう。契約と添付の確定した状態を照合する。証拠の名前（画面キャプチャのファイル名など）を記録する。 【入力値】 ・サポートID＝試験契約のサポートID（手順2） ・承認状態（検索条件）＝「審査中」のみチェックを入れる（手順2） ・チェックボックス＝対象の1行だけON（手順3） | F25: 【画面確認】 1. 手順3で、審査の完了メッセージが表示され、メール送信の失敗を示す警告が表示されないこと。 2. 手順4で、上位者の試験用の受信箱に、承認依頼メールが1通届いていること。 3. そのメールの送信元がBのメールアドレス、宛先が上位者のメールアドレス、件名が「取引先契約承認依頼」、本文が「取引先契約の承認をお願いします。」「詳細は、保守管理システム 承認一覧にて確認してください。」であること。 4. メールの本文には契約NOが含まれない。どの契約のメールかは、手順3の操作の時刻と、受信日時の対応で確認する。 5. 依頼者への完了の通知（件名「取引先契約承認完了」のメール）が届いても、今回のメールとして数えないこと。 【DB確認】 対象テーブル＝MCM_TK_KEIYAKU、MCM_TK_TENPU、確認理由＝メールの送信は審査が完了した契約についてだけ行われるため、審査の確定を確認するため。検索条件＝記録した契約ID・添付ID、期待値＝次のとおり。 ・契約と対象の添付のSHONINJOTAIが、1から2（承認中）に変わっていること。 ・SHINSA_BYがBの氏名、SHINSA_DTが処理の時刻の範囲にあること。 | G25: 1. 表示タイミング＝審査担当者(B)が「承認」を押下した時 表示形式＝確認ダイアログ（OK/キャンセル） メッセージID＝MSG_0094G 表示文言＝「審査・承認処理を実施します。よろしいですか？」 作業者の操作＝「OK」を押下する 2. 表示タイミング＝審査の完了時 表示形式＝完了メッセージ メッセージID＝MSG_0090G 表示文言＝「審査・承認を完了しました。」（メール送信失敗の警告は表示されないこと） 作業者の操作＝特になし | H25: 対象外 | O25: =IF(L25<>"",L25,IF(H25<>"",H25,"未実施")) -> 対象外 | P25: 関連単体：1011-21 単体の表示・単独操作ではなく、期待結果の連携部分を追加判定。 根拠：R1011 / Mcm1011uMailService.prepare・afterCommit 実施前にQ03の条件・期待を確認。
A26: INT02-17 | B26: 外部連携 | C26: MCM1011U(審査・承認（取引先契約）)：同じ上位者宛の2件の契約を一括で審査したとき、承認依頼メールが重複して送信されないこと | D26: 【確認すること】 同じ上位者に向けた2件の契約を、1回の「承認」で一括審査したとき、上位者に届く承認依頼メールが、契約の件数分（2通）ではなく、1通だけであること。 【前提】 ・使用ユーザー：ユーザーB（審査担当者）、Bの上位者、管理者、DB担当者 ・保有権限：INT02-16 と同じ。この操作に登場するユーザー（B、上位者）だけの権限と設定を確認する ・メールの設定：INT02-16 と同じ（試験用の担当者のメールアドレスと上位者ID、試験専用のSMTP、送信元・宛先） ・確認待ちの条件：要確認事項一覧のQ03が合意されていない場合は、送信の試験を始めない ・必要な登録済みデータ：専用の試験契約を2件（契約C1、契約C2）。どちらも、状態＝契約、承認状態＝審査中、期間の有効値＝-1（申請中）、添付は審査中。最新の現在期間、または未来の期間を使用する。点検と支払は、「回数」がチェックした月の数以上で、支払の開始月にチェックがある。契約期間は1年以内。2件とも同じサポートIDで準備し、そのサポートIDで検索したときに、2件がともに表示されることを、開始前に確認する。添付は押印の対象でない資料にするか、押印に必要な図形がそろった原紙にする ・2件とも、メールを送る条件を満たすこと：Bの契約承認上限が、C1とC2の仕切合計のどちらよりも大きい。契約審査上限も、どちらの金額以上である。上限と各仕切合計を記録する ・事前に控える値：C1、C2それぞれの契約NO、サポートID、取引先名、期間の開始日、時間、金額、資料名。B、上位者の氏名とメールアドレス、上位者ID。実施日。受信確認の時間。DB担当者に、契約ID・期間ID・添付IDと、処理前の保存値を読取で控えてもらう ・準備：INT02-16 と同じ。2件のメールが届いても数えられるように、上位者の試験用の受信箱は、事前に空にするか、今回の送信より前のメールを控えておく ・開始時の画面状態：Bはメニュー画面 | E26: 【操作】 1. 管理者が、担当者とメールの設定を確認する。そのあと、Bがログインし直す。 2. [B] 審査・承認（取引先契約）(MCM1011U)を開く。表示されていない場合は、「閉じる」を押下してメニューへ戻り、「審査・承認（取引先契約）」を押下する。すでに表示されている場合は、その画面で検索条件を変更する。「サポートID」欄にC1・C2共通のサポートIDを入力する。他の入力欄は空欄にする。「承認状態」は「審査中」だけにチェックを入れて、「検索」を押下する。C1とC2の2行が表示されることを確認する。 3. [B] C1とC2の2行だけ、左から2列目のチェックボックスをONにする。「承認」を押下する。確認ダイアログ「審査・承認処理を実施します。よろしいですか？」で「OK」を押下する。表示された完了メッセージを控える。メール送信の失敗を示す警告が出ていないことも確認する。 4. 上位者の試験用の受信箱を、合意した受信確認の時間内に確認する。届いた承認依頼メールの数、送信日時・送信元・宛先・件名・本文を記録する。 5. DB担当者に、控えた契約ID・期間ID・添付IDで、処理の前後の保存値を読取で比べてもらう。C1とC2の確定した状態を照合する。証拠の名前（画面キャプチャのファイル名など）を記録する。 【入力値】 ・サポートID＝C1・C2共通のサポートID（手順2） ・承認状態（検索条件）＝「審査中」のみチェックを入れる（手順2） ・チェックボックス＝C1とC2の2行がON（手順3） | F26: 【画面確認】 1. 手順3で、審査の完了メッセージが1回表示され、メール送信の失敗を示す警告が表示されないこと。 2. 手順4で、上位者の試験用の受信箱に届いた承認依頼メール（件名「取引先契約承認依頼」）が、2通ではなく1通だけであること。 3. そのメールの送信元がBのアドレス、宛先が上位者のアドレスであること。本文が「取引先契約の承認をお願いします。」「詳細は、保守管理システム 承認一覧にて確認してください。」であること。 4. メールの本文には契約NOが含まれないため、C1とC2のどちらの契約も、承認一覧(MCM1011U)の承認中の検索結果に表示されることで確認すること。 【DB確認】 対象テーブル＝MCM_TK_KEIYAKU、MCM_TK_TENPU、確認理由＝2件とも審査が確定し、メールが1通にまとめられても、審査の結果が漏れないことを確認するため。検索条件＝記録した契約ID・期間ID・添付ID、期待値＝次のとおり。 ・C1とC2の、契約と対象の添付のSHONINJOTAIが、1から2（承認中）に変わっていること。 ・SHINSA_BYがBの氏名であること。 | G26: 1. 表示タイミング＝審査担当者(B)が「承認」を押下した時 表示形式＝確認ダイアログ（OK/キャンセル） メッセージID＝MSG_0094G 表示文言＝「審査・承認処理を実施します。よろしいですか？」 作業者の操作＝「OK」を押下する 2. 表示タイミング＝審査の完了時 表示形式＝完了メッセージ メッセージID＝MSG_0090G 表示文言＝「審査・承認を完了しました。」（メール送信失敗の警告は表示されないこと） 作業者の操作＝特になし | H26: 対象外 | O26: =IF(L26<>"",L26,IF(H26<>"",H26,"未実施")) -> 対象外 | P26: 関連単体：1011-21 単体の表示・単独操作ではなく、期待結果の連携部分を追加判定。 根拠：R1011 / Mcm1011uMailService.prepare・afterCommit 実施前にQ03の条件・期待を確認。
A27: INT02-18 | B27: 外部連携 | C27: 承認上限ちょうどでは通知対象にしない | D27: 【用意するもの】契約承認上限と仕切合計が同額。 上限の比較は通知するログイン本人の契約承認上限であり、候補の上位者の上限ではない。 【準備】ログイン本人の契約承認上限と仕切合計が同額の審査中契約を用意。双方の実金額と上位者・試験宛先を記録する。 【併せて確認】このケースの操作に登場する担当者だけの権限を確認する。契約と添付の状態、対象期間の番号・日付・有効性を区別して記録する。 試験専用のSMTP（メール送信サーバー）と送信元・宛先を管理者に確認し、上限・仕切合計を記録する。 【完了の目安】本人の上限＝仕切合計と確認できる。候補上位者の上限と取り違えない。 【確認待ちの条件】Q03：メール利用方針・試験用送信環境・失敗時の扱いが未合意なら送信試験を開始しない。 【共通注意】試験専用データを使い、実行日／月・実ID（画面やDBの識別番号）・変更前証跡を記録。DBは担当者の読取のみ。別人操作は独立ログイン。 | E27: 手順1：担当者設定後、審査担当Bが再ログインする。1011Uで審査中の対象契約と期間・添付を検索し、B本人の契約承認上限＝仕切合計を記録する。審査権限・審査限度額など、処理可能な他条件も確認する。 手順2：Bが対象行を選び「承認」を実行する（審査完了操作。最終承認ではない）。 手順3：契約・添付の処理後状態をDB担当者と照合。合意した受信確認時間と管理者の送信記録で、今回の契約の承認依頼メールが送信されないことを確認する。既存メールと区別する。 | F27: 審査可否の上限以下判定とメール条件の上限より小さい判定を混同せず、この条件で承認依頼メールを送らない。 | G27: －（表示文言のみの確認は単体に委ねる） | H27: 対象外 | O27: =IF(L27<>"",L27,IF(H27<>"",H27,"未実施")) -> 対象外 | P27: 関連単体：1011-21 単体の表示・単独操作ではなく、期待結果の連携部分を追加判定。 根拠：R1011 / Mcm1011uMailService.prepare・afterCommit 実施前にQ03の条件・期待を確認。
A28: INT02-19 | B28: 外部連携 | C28: 通知条件を満たさない審査の完了 | D28: 【用意するもの】上位者ID未設定、または送信元／先アドレス空。条件ごとに別契約を使う。 【準備】上位者IDなし、送信元アドレス空、送信先アドレス空を別契約・別条件で用意。ほかの通知条件は揃え、不足している項目を控える。 【併せて確認】このケースの操作に登場する担当者だけの権限を確認する。契約と添付の状態、対象期間の番号・日付・有効性を区別して記録する。 試験専用のSMTP（メール送信サーバー）と送信元・宛先を管理者に確認し、上限・仕切合計を記録する。 【完了の目安】どの不足条件を試すか区別できる。実利用者の設定を変更しない。 【確認待ちの条件】Q03：メール利用方針・試験用送信環境・失敗時の扱いが未合意なら送信試験を開始しない。 【共通注意】試験専用データを使い、実行日／月・実ID（画面やDBの識別番号）・変更前証跡を記録。DBは担当者の読取のみ。別人操作は独立ログイン。 | E28: 手順1：担当者設定後に再ログインし該当契約を処理する。 手順2：試験メールボックスとDB・添付の確定結果を照合する。 | F28: 通知しない条件でも審査のDB・期間・資料の更新は完了し、未送信を送信済みと誤認させない。 | G28: －（表示文言のみの確認は単体に委ねる） | H28: 対象外 | O28: =IF(L28<>"",L28,IF(H28<>"",H28,"未実施")) -> 対象外 | P28: 関連単体：1011-21 単体の表示・単独操作ではなく、期待結果の連携部分を追加判定。 根拠：R1011 / Mcm1011uMailService.prepare・afterCommit 実施前にQ03の条件・期待を確認。
A29: INT02-20 | B29: 外部連携 | C29: 最終承認で審査時の依頼通知を再送しない | D29: 【用意するもの】承認中の契約、審査通知は送信済み。 【準備】審査通知が送信済みで承認中の契約を選び、試験受信箱の既存メールと契約状態を記録する。 【併せて確認】このケースの操作に登場する担当者だけの権限を確認する。契約と添付の状態、対象期間の番号・日付・有効性を区別して記録する。 試験専用のSMTP（メール送信サーバー）と送信元・宛先を管理者に確認し、上限・仕切合計を記録する。 【完了の目安】送信済み通知と処理前状態を比較できる。最終承認はまだ行わない。 【確認待ちの条件】Q03：メール利用方針・試験用送信環境・失敗時の扱いが未合意なら送信試験を開始しない。 【共通注意】試験専用データを使い、実行日／月・実ID（画面やDBの識別番号）・変更前証跡を記録。DBは担当者の読取のみ。別人操作は独立ログイン。 | E29: 手順1：担当者設定後に再ログインし該当契約を処理する。 手順2：試験メールボックスとDB・添付の確定結果を照合する。 | F29: 最終承認による契約・資料の確定が完了し、審査段階の承認依頼メールを重複送信しない。 | G29: －（表示文言のみの確認は単体に委ねる） | H29: 対象外 | O29: =IF(L29<>"",L29,IF(H29<>"",H29,"未実施")) -> 対象外 | P29: 関連単体：1011-21 単体の表示・単独操作ではなく、期待結果の連携部分を追加判定。 根拠：R1011 / Mcm1011uMailService.prepare・afterCommit 実施前にQ03の条件・期待を確認。
A30: INT02-21 | B30: 異常系 | C30: SMTP送信失敗後に審査を重複実行しない | D30: 【用意するもの】送信条件は正常、試験SMTPの送信だけ失敗する環境。 【準備】通常の通知条件を揃えた試験契約を選ぶ。管理者に、試験SMTPへの送信だけを失敗させる条件を用意してもらい、処理前DB・受信箱を控える。 【併せて確認】このケースの操作に登場する担当者だけの権限を確認する。契約と添付の状態、対象期間の番号・日付・有効性を区別して記録する。 試験専用のSMTP（メール送信サーバー）と送信元・宛先を管理者に確認し、上限・仕切合計を記録する。 【完了の目安】設定欠落と実送信失敗を区別でき、再現方法・期待・後処理が合意済み。 【確認待ちの条件】Q03：メール利用方針・試験用送信環境・失敗時の扱いが未合意なら送信試験を開始しない。 【共通注意】試験専用データを使い、実行日／月・実ID（画面やDBの識別番号）・変更前証跡を記録。DBは担当者の読取のみ。別人操作は独立ログイン。 | E30: 手順1：審査を実行し送信失敗案内を確認。 手順2：再検索後の状態・取得資料を調べ、同じ旧行で再実行を試みる。 | F30: 審査は確定済みである旨が分かり、状態や押印を巻き戻さない。同じ旧審査依頼を二重実行しない。通知の再送方法は運用確認事項。 | G30: －（表示文言のみの確認は単体に委ねる） | H30: 対象外 | O30: =IF(L30<>"",L30,IF(H30<>"",H30,"未実施")) -> 対象外 | P30: 関連単体：1011-21 単体の表示・単独操作ではなく、期待結果の連携部分を追加判定。 根拠：R1011 / R1005 実施前にQ03の条件・期待を確認。
A31: INT02-22 | B31: 異常系 | C31: メール送信準備エラーでは審査前に止める | D31: 【用意するもの】通知対象になるがSMTP設定欠落など送信準備に不備。 【準備】通知条件を満たす契約を選び、管理者に試験環境だけでSMTP設定欠落などの準備不備を再現してもらう。処理前DB・添付状態を保存する。 【併せて確認】このケースの操作に登場する担当者だけの権限を確認する。契約と添付の状態、対象期間の番号・日付・有効性を区別して記録する。 試験専用のSMTP（メール送信サーバー）と送信元・宛先を管理者に確認し、上限・仕切合計を記録する。 【完了の目安】送信準備段階の不備を再現できる。本番のメール設定は変更しない。 【確認待ちの条件】Q03：メール利用方針・試験用送信環境・失敗時の扱いが未合意なら送信試験を開始しない。 【共通注意】試験専用データを使い、実行日／月・実ID（画面やDBの識別番号）・変更前証跡を記録。DBは担当者の読取のみ。別人操作は独立ログイン。 | E31: 手順1：審査を実行し、契約・期間・添付状態とファイルハッシュを処理前と比較する。 | F31: 現在のWebの事前検証では審査と押印を確定せず、処理前の状態を維持する。この運用をQ03で合意後に判定し、送信後失敗ケースと区別する。 | G31: －（表示文言のみの確認は単体に委ねる） | H31: 対象外 | O31: =IF(L31<>"",L31,IF(H31<>"",H31,"未実施")) -> 対象外 | P31: 関連単体：1011-21 単体の表示・単独操作ではなく、期待結果の連携部分を追加判定。 根拠：R1011 / R1005 実施前にQ03の条件・期待を確認。
A32: INT02-23 | B32: 排他 | C32: MCM1011U(審査・承認（取引先契約）)：押印の処理の途中で他の人が資料を変更したとき、その変更が守られ、今回の審査が確定しないこと | D32: 【確認すること】 審査の承認でExcel帳票に押印する処理の途中で、ファイルが他の人に差し替えられたとき、今回の審査が完了せず、DBが操作前のまま残ること。他の人が差し替えた後のファイルが、古いバックアップで上書きされないこと。 【前提】 ・使用ユーザー：ユーザーB（審査担当者）。管理者、開発者（技術担当）、DB担当者が、準備と確認を行う ・保有権限：B＝審査・承認（取引先契約）(MCM1011U)で、審査を行う資格と作成権限を持つ。契約の審査上限金額が、対象の「金額」以上。MCM1005Uの参照または作成の権限も持つ（ファイルの取得のため） ・必要な登録済みデータ：専用の試験契約（1件）。状態＝契約、承認状態＝審査中、期間の有効値＝-1（申請中）。最新の現在期間、または未来の期間を使用する。点検と支払は、「回数」がチェックした月の数以上で、支払の開始月にチェックがある。契約期間は1年以内。添付は、審査中の「.xlsx」で、押印に必要な図形がそろった正常な原紙 ・事前の準備（管理者・開発者が専用の環境で行う）： - 押印したファイルを置き換える直前の時点（押印結果を作り終えたあと、保存前に元ファイルの内容を再確認する処理の手前）で、処理を止める手段を用意する。止める位置、処理の再開、解除の方法を記録する - 正常な押印原紙と、他の人が変更した後の原紙を用意し、それぞれのSHA-256（ファイルの内容が同じかを確認するための値）を記録する - 差し替えの時点、再開、解除の方法が決まっていない場合は、通常の試験として始めない - 共有の保存先で、時間任せにファイルをコピーすることを、再現の手順にしない - 要確認事項一覧のQ08とQ15（他の人の更新を守ることと、復元の単位）を、関係者で合意しておく ・事前に控える値：契約NO、サポートID、取引先名、期間の開始日、時間、金額、資料名。処理前のSHA-256。DB担当者に、契約ID・期間ID・添付IDと、処理前の保存値（状態・担当者・日時）を読取で控えてもらう ・準備：取得したファイルの保存先は、今回専用の空のフォルダにする ・開始時の画面状態：Bはメニュー画面 | E32: 【操作】 1. [B] 審査・承認（取引先契約）(MCM1011U)を開く。表示されていない場合は、「閉じる」を押下してメニューへ戻り、「審査・承認（取引先契約）」を押下する。すでに表示されている場合は、その画面で検索条件を変更する。「サポートID」欄に試験契約のサポートIDを入力する。他の入力欄は空欄にする。「承認状態」は「審査中」だけにチェックを入れて、「検索」を押下する。 2. [B] 画面上段の「<< 申請 >>」の一覧で、契約NO・開始日・時間・取引先名・サポートIDが控えた値と一致する行を探す。行の左端（▶の部分）を押下して選択し、画面下段「<< 添付 >>」の「ファイル名」が控えた資料名と一致することを確認する。処理対象の行だけ、左から2列目のチェックボックスをONにする。 3. 技術担当が、記録した停止点を設定する。[B] 「承認」を押下する。確認ダイアログ「審査・承認処理を実施します。よろしいですか？」で「OK」を押下する。技術担当が、処理が止まったことを確認する。そのあと、管理者が、試験資料だけを、準備した「他の人が変更した後の原紙」に差し替え、差し替え後のSHA-256を記録する。 4. 技術担当が、処理を再開する。表示された通知の全文と、DBの契約・期間・添付の状態を記録する。[B] 手順1と同じ方法で検索し直し、資料を取得して、今回専用の保存先に保存する。SHA-256を、他の人が変更した後の値と比べる。保存先に「.mcm1011.bak」というバックアップのファイルが残っていないことも確認する。 5. DB担当者に、控えた契約ID・期間ID・添付IDで、処理の前後の保存値を読取で比べてもらう。対象外の期間・資料・ほかの契約も、同じように比べてもらう。証拠の名前（画面キャプチャのファイル名など）を記録する。 6. 停止の条件を解除する。管理者が、原紙の採用と復元の結果を記録する。他の人の変更を、古い原紙で、無断で復元しない。 【入力値】 ・サポートID＝試験契約のサポートID（手順1） ・承認状態（検索条件）＝「審査中」のみチェックを入れる（手順1） ・チェックボックス＝対象の1行だけON（手順2） | F32: 【画面確認】 1. 手順4で、エラー通知が表示され、完了メッセージ「審査・承認を完了しました。」が表示されないこと（ファイルの競合のため、今回の審査の完了を確定しない）。 2. 検索し直した一覧で、対象の行の承認状態が「審査中」のままであること。 3. 取得したファイルのSHA-256が、他の人が変更した後の値と一致すること（古いバックアップで上書きしていない）。 4. 保存先に、「.mcm1011.bak」のバックアップのファイルが残っていないこと。 5. 先行して処理した資料（ある場合）の復元の範囲は、Q15で合意した期待値と比べて判定する。 【DB確認】 対象テーブル＝MCM_TK_KEIYAKU、MCM_TK_KIKAN、MCM_TK_TENPU、確認理由＝ファイルの競合で、今回の審査が確定せず、DBが操作前のまま残ることを確認するため。検索条件＝記録した契約ID・期間ID・添付ID、期待値＝次のとおり。 ・今回の処理による、契約・期間・添付のDBの更新が、0件であること（SHONINJOTAI、YUKO_FLG、SHINSA_BY、SHINSA_DT、更新日時・更新者が、処理前のままであること）。 ・他の人の操作で変わったファイルと、DBの操作開始前の値を、別々に判定すること。 | G32: 1. 表示タイミング＝審査担当者(B)が「承認」を押下した時 表示形式＝確認ダイアログ（OK/キャンセル） メッセージID＝MSG_0094G 表示文言＝「審査・承認処理を実施します。よろしいですか？」 作業者の操作＝「OK」を押下する 2. 表示タイミング＝処理の再開後、置き換えの直前に、ファイルが変わっていることが分かった時 表示形式＝エラー通知 メッセージID＝－ 表示文言＝「添付帳票を保存できません。使用中のファイル・保存先・前回処理の復旧状態を確認してください。」 作業者の操作＝通知を確認して閉じる | H32: 対象外 | O32: =IF(L32<>"",L32,IF(H32<>"",H32,"未実施")) -> 対象外 | P32: 関連単体：1011-21 単体の表示・単独操作ではなく、期待結果の連携部分を追加判定。 根拠：R1011 / R1005 実施前にQ08の条件・期待を確認。 故障資料の単純読込失敗12と、置換前の内容競合23を区別する。Web replaceの競合検知はコード確認済み、実機の停止点は未用意。 元Excel行：32。実施区分：開発者停止点が必要／移行方針確認。元フロー：1011U→添付/1005U。
A33: INT02-24 | B33: 仕様照合 | C33: MCM1011U(審査・承認（取引先契約）)：有効な申請と、破棄・解約の契約を一緒に選んで承認したとき、破棄・解約の行が処理の対象から外れ、有効な契約だけが審査完了になること | D33: 【確認すること】 状態が「契約」の行と、状態が「破棄」「解約」の行を、すべて選んで「承認」を押したとき、破棄・解約の行のチェックが自動で外れ、状態が「契約」の行だけが審査完了（審査中から承認中）になること。破棄・解約の契約と資料は変わらないこと。 【前提】 ・使用ユーザー：ユーザーB（審査担当者） ・保有権限：B＝審査・承認（取引先契約）(MCM1011U)で、審査を行う資格と作成権限を持つ。契約の審査上限金額が、3行すべての「金額」以上。MCM1005Uの参照または作成の権限も持つ ・必要な登録済みデータ：専用の試験データ3行 - 行1：契約の状態＝契約、添付が審査中 - 行2：契約の状態＝破棄、添付が審査中（比較用） - 行3：契約の状態＝解約、添付が審査中（比較用） - 3行とも同じサポートIDで準備し、そのサポートIDで検索したときに、3行がすべて表示されることを、開始前に確認する ・データ準備の注意：「破棄」または「解約」の契約に、審査中の資料があるという組み合わせを、通常の画面操作で作れるかは確認できていない。管理者が、専用の試験環境で、制約と業務上の状態の妥当性を確認し、3行が検索でき、選択できることを確認する。確認できない場合は準備待ちとし、実施しない。古い一覧を使って、他の人の更新で代用すると、INT02-13 の競合の試験になるため、代用しない ・メール：承認の条件を満たすと、メール送信の処理が含まれる（INT02-16 参照）。このケースでは、メールの確認はしない ・事前に控える値：3行それぞれの契約NO、サポートID、取引先名、期間の開始日、時間、金額、状態、資料名。DB担当者に、契約ID・期間ID・添付IDと、処理前の保存値を読取で控えてもらう ・開始時の画面状態：Bはメニュー画面 | E33: 【操作】 1. [B] 審査・承認（取引先契約）(MCM1011U)を開く。表示されていない場合は、「閉じる」を押下してメニューへ戻り、「審査・承認（取引先契約）」を押下する。すでに表示されている場合は、その画面で検索条件を変更する。「サポートID」欄に3行共通のサポートIDを入力する。他の入力欄は空欄にする。「承認状態」は「審査中」だけにチェックを入れて、「検索」を押下する。 2. [B] 3行の「状態」「承認状態」「契約NO」「開始日」を記録する。3行すべての、左から2列目のチェックボックスをONにする。 3. [B] 「承認」を押下する。押下した直後（確認ダイアログが表示される前後）に、破棄・解約の行のチェックが外れることを、画面で記録する。確認ダイアログ「審査・承認処理を実施します。よろしいですか？」で「OK」を押下する。表示された完了メッセージを控える。 4. [B] 手順1と同じ方法で、MCM1011Uを検索し直す。「承認状態」は「承認中」だけにチェックを入れて「検索」を押下する。 5. [B] 状態が「契約」だった行だけが、承認中として表示されていることを確認する。続けて、「承認状態」の「審査中」にもチェックを入れて再検索し、破棄・解約の行と、その資料の状態を照合する。 6. DB担当者に、控えた契約ID・期間ID・添付IDで、処理の前後の保存値を読取で比べてもらう。対象外の期間・資料・ほかの契約も、同じように比べてもらう。証拠の名前（画面キャプチャのファイル名など）を記録する。 【入力値】 ・サポートID＝3行共通のサポートID（手順1） ・承認状態（検索条件）＝手順1は「審査中」のみ、手順4は「承認中」のみ、手順5は「審査中」と「承認中」の両方にチェックを入れる ・チェックボックス＝手順2は3行すべてON | F33: 【画面確認】 1. 手順3で、「承認」を押下した直後、状態が「破棄」と「解約」の行のチェックが外れ、状態が「契約」の行だけがONのまま残ること。 2. 手順4の検索結果（承認中）に、状態が「契約」だった行だけが、承認状態「承認中」で表示されること。 3. 手順5の検索結果で、破棄・解約の行が、承認状態「審査中」のまま表示されること。資料の状態も処理前のままであること。 【DB確認】 対象テーブル＝MCM_TK_KEIYAKU、MCM_TK_KIKAN、MCM_TK_TENPU、確認理由＝破棄・解約の契約が処理の対象から外れ、有効な契約だけが審査完了になることを確認するため。検索条件＝記録した契約ID・期間ID・添付ID、期待値＝次のとおり。 ・状態が「契約」の行：契約と対象の添付のSHONINJOTAIが、1から2に変わっていること。 ・状態が「破棄」「解約」の行：契約、資料、更新日時・更新者（監査項目）が、処理前のままであること。ファイルも処理前のままであること。 | G33: 表示タイミング＝審査担当者(B)が「承認」を押下した時、およびその完了時 表示形式＝確認ダイアログ（OK/キャンセル）、完了メッセージ メッセージID＝MSG_0094G（確認）、MSG_0090G（完了） 表示文言＝「審査・承認処理を実施します。よろしいですか？」、「審査・承認を完了しました。」（表示文言のみの確認は単体に委ねる） 作業者の操作＝確認ダイアログで「OK」を押下する | H33: 対象外 | O33: =IF(L33<>"",L33,IF(H33<>"",H33,"未実施")) -> 対象外 | P33: 関連単体：1011-19 単体の表示・単独操作ではなく、期待結果の連携部分を追加判定。 根拠：R1011 Screen 248～278 / validateCurrent 実施前にQ15の条件・期待を確認。 WebのJSも押下時に破棄・解約のチェックを外す。「全件拒否だけが現状」という元説明を訂正。JSを迂回した送信のサーバー拒否と通常UIを混同しない。 元Excel行：33。実施区分：混在データ準備支援。元フロー：1011U→1005U。
A34: INT02-25 | B34: 異常系 | C34: MCM1011U(審査・承認（取引先契約）)：押印したファイルの保存失敗（VB版は例外を出さずFalseを返す）と例外の違いで、処理の確定範囲を区別して確認すること（保留） | D34: 【確認すること】 VB版では、ファイルの保存に失敗しても例外が外に出ず、処理の成否を示す値（False）が返り、その後の処理が打ち切られること。Web版では、保存の失敗は例外として扱われ、DBが全体として巻き戻されること。この違いを区別して、Webで採用する確定範囲（成功か拒否かの表示、DB、資料）を合意した判定表と比べること。 【前提】 ・使用ユーザー：ユーザーB（審査担当者）。技術担当、管理者、DB担当者が、準備と確認を行う ・保有権限：B＝審査・承認（取引先契約）(MCM1011U)で、審査を行う資格と作成権限を持つ。契約の審査上限金額が、対象の「金額」以上。MCM1005Uの参照または作成の権限も持つ ・状態：実施保留。要確認事項一覧のQ08とQ15（Web版の置き換えの試験の目的、失敗させる時点、確定範囲）を合意するまで、実施しない ・必要な登録済みデータ：審査中の専用契約を2件。先行して処理される正常な資料、保存に失敗させる資料、後続の契約の順序を、記録する。状態＝契約、承認状態＝審査中、期間の有効値＝-1（申請中）。点検と支払は、「回数」がチェックした月の数以上で、支払の開始月にチェックがある。契約期間は1年以内。添付は押印に必要な図形がそろった「.xlsx」 ・事前の準備： - 現在のWeb版の押印の処理は、保存の失敗を例外として扱う。VB版の「保存がFalseを返す」ことと、一対一に対応する通常の画面の条件はない - 専用の環境で、失敗を再現する方法が用意できた場合だけ、実施する - 合意が取れるまで、判定表に載っていない観測値に、OKを付けない ・事前に控える値：契約NO、サポートID、取引先名、期間の開始日、時間、金額、資料名。全資料の処理前のSHA-256。VB版の保存が失敗する位置と、Web版の対応する保存の処理（根拠として記録）。DB担当者に、契約ID・期間ID・添付IDと、処理前の保存値を読取で控えてもらう ・準備：取得したファイルの保存先は、今回専用の空のフォルダにする ・開始時の画面状態：Bはメニュー画面 | E34: 【操作】 1. 技術担当が、VB版でFalseが返る位置と、Web版の対応する保存の処理を、備考／根拠の欄へ記録する。失敗の戻り値と例外を区別し、業務担当者が採用するWeb版の確定範囲を決める。 2. 専用の環境で、再現の方法が用意できた場合だけ、次を行う。[B] メニューから「審査・承認（取引先契約）」を押下して、MCM1011Uを開く。「サポートID」欄に対象契約のサポートIDを入力し、他の入力欄は空欄にして、「承認状態」は「審査中」だけにチェックを入れて「検索」を押下する。審査中の準備した2件の契約の行だけ、左から2列目のチェックボックスをONにして、「承認」を押下する。確認ダイアログ「審査・承認処理を実施します。よろしいですか？」で「OK」を押下する。技術担当が、指定した保存の箇所で、故障の記録を取得する。 3. 先行して処理される資料、失敗する資料、後続の契約の順に、DB、各資料のSHA-256、表示された通知を記録する。実行の前に合意した判定表と比べる。 4. 技術担当が、故障を解除し、元に戻す。専用の試験環境の終了を記録する。判定表が合意されていない場合は、手順2以降を行わない。 【入力値】 ・サポートID＝対象契約のサポートID（手順2） ・承認状態（検索条件）＝「審査中」のみチェックを入れる（手順2） ・チェックボックス＝準備した2件の契約の行がON（手順2） | F34: 【画面確認】 1. 採用するWeb版の、成功か拒否かの表示、DB、資料の確定範囲が、合意済みの判定表に一致すること。判定表が未合意のときの観測値に、OKを付けないこと。 2. 各資料の、処理の前後のSHA-256を、個別に記録すること。INT02-12 と同じ例外の再現に置き換えて実施する場合は、重複して実施せず、INT02-12 の結果を参照し、このケースのFalseに対応する部分は保留とする。 3. VB版は内側のループを打ち切るだけで、伝播した例外による、DB全体のロールバックと同じ期待にしないこと。Web版が、どの契約・期間・資料を保持し、どれを更新するかは、Q15に明記してから比べること。 【DB確認】 対象テーブル＝MCM_TK_KEIYAKU、MCM_TK_KIKAN、MCM_TK_TENPU、確認理由＝保存の失敗後の確定範囲が、合意した判定表と一致することを確認するため。検索条件＝記録した契約ID・期間ID・添付ID、期待値＝合意済みの判定表のとおり（先行資料、失敗資料、後続契約の順に、状態・担当者・日時を記録して比べる）。合意前は、観測だけを記録し、判定を保留にする。 | G34: 1. 表示タイミング＝審査担当者(B)が「承認」を押下した時 表示形式＝確認ダイアログ（OK/キャンセル） メッセージID＝MSG_0094G 表示文言＝「審査・承認処理を実施します。よろしいですか？」 作業者の操作＝「OK」を押下する 2. 表示タイミング＝保存に失敗した時 表示形式＝エラー通知 メッセージID＝－（VB版は未定義） 表示文言＝Web版の実装の文言：「添付帳票を保存できません。使用中のファイル・保存先・前回処理の復旧状態を確認してください。」。VB版は、OSが返すエラー文言をそのまま表示する。判定は、合意済みの判定表に従う（文言の一致は求めない） 作業者の操作＝通知を確認して閉じる | H34: 対象外 | O34: =IF(L34<>"",L34,IF(H34<>"",H34,"未実施")) -> 対象外 | P34: 関連単体：1011-21 単体の表示・単独操作ではなく、期待結果の連携部分を追加判定。 根拠：R1011 SYONINButton_Click、共通C12/C13、VB1011-06/11 実施前にQ15の条件・期待を確認。 通常作業者の必須実施対象としない。再現不可のVB内部戻り値を試験用データの条件として残さない。 元Excel行：34。実施区分：技術確認／移行仕様の確定待ち。元フロー：1011U→1005U/添付。
A35: INT02-26 | B35: 正常系 | C35: MCM3001U(承認申請一覧)→MCM1005U(取引先契約内容)：「取引先契約」の審査中の申請を承認（審査完了）すると、契約と対象の添付が承認中になり、審査者と審査日が記録されること | D35: 【確認すること】 承認申請一覧(MCM3001U)で「取引先契約」の審査中の行を選んで「承認」を押すと、契約と対象期間の審査中の添付(T1)が「承認中」に進み、審査者と審査日が記録されること。別の期間の承認済みの添付(Told)は変わらないこと。 【前提】 ・使用ユーザー：ユーザーB（審査担当者）とユーザーA（確認用） ・保有権限： - B＝承認申請一覧(MCM3001U)で「取引先契約」を扱え、審査を行う資格と作成権限（承認・差戻しのボタンが押せる権限）を持つ。契約の審査上限金額が、対象の「金額」以上。担当者マスタにBの氏名とログインIDが設定されており、氏名とログインIDは異なる値であること - A＝取引先契約内容(MCM1005U)の参照または作成の権限 ・必要な登録済みデータ：専用の試験契約（1件） - 状態＝契約。承認状態＝審査中。対象期間は、最新の現在期間、または未来の期間で、期間の有効値＝-1（申請中） - 対象期間の添付は、審査中のT1だけ。対象期間に承認済みの添付は置かない - 別の過去の期間に、承認済みの添付Toldを置く - 用意の方法：過去の期間を承認済みにしたあと、対象期間を INT02-01 と同じ手順で申請して審査中にする - 点検と支払は、「回数」がチェックした月の数以上で、支払の開始月にチェックがある。契約期間は1年以内 - 添付は押印の対象でない資料（PDFなど）にする（MCM3001Uの取引先契約の承認では、VB版はExcelへ押印し、Web版は押印しないため、差異を持ち込まない） ・一覧の表示の注意：Web版の一覧の「開始日」は、契約全体で最も古い期間の開始日が表示される場合がある ・事前に控える値：試験契約の契約NO、サポートID、取引先名、対象期間の開始日、金額、T1とToldの資料名。審査者と審査日の処理前の値。Bの氏名とログインID（別々に控える）。DB担当者に、契約ID・期間ID・添付IDと、処理前の保存値（状態・担当者・日時）を読取で控えてもらう ・準備：Bの審査担当者としてログインしたセッションを別に用意し、Aの操作中もログアウトしない ・開始時の画面状態：A、Bとも、メニュー画面（Bはすでに承認申請一覧が表示されていてもよい） | E35: 【操作】 1. [B] 承認申請一覧(MCM3001U)を開く。表示されていない場合は、「閉じる」を押下してメニューへ戻り、「審査・承認」グループの「審査・承認」を押下する。すでに表示されている場合は、その画面で検索条件を変更する。「申請内容」は「取引先契約」を選ぶ。「サポートID」に試験契約のサポートID、「状態」に対象契約の状態（契約）、「承認状態」は「審査中」だけにチェックを入れて、「検索」を押下する。使わない入力欄は空欄にする。 2. [B] 一覧の「NO」「開始日」「取引先名」「サポートID」「金額」を、控えた値と照合する（「開始日」は、対象期間の開始日と異なる場合がある。その場合は、契約で最も古い期間の開始日であることを記録する）。対象の行を選択し、下段の資料(T1)が控えた資料名と一致することを確認する。対象の行だけ、左の処理のチェックボックスをONにする。 3. [B] 「承認」を押下する。確認ダイアログ「審査・承認処理を実施します。よろしいですか？」で「OK」を押下する。表示された完了メッセージを控える。 4. [A] メニューから「取引先見積・契約検索」を選択し、MCM1003U(取引先見積・契約検索)を開く。「契約NO」に試験契約の契約NOを入力し、他の入力欄は空欄にして、「承認状態」は今回の操作後の状態（承認中）を含めて「検索」を押下する。対象行の「契約NO」リンクを押下し、MCM1005U(取引先契約内容)を開く。 5. [A] 対象期間のタブを選択し、次の内容を記録する。「登録」「申請」などは押下しない。 - 上段の「承認状態」 - 期間タブの名前の末尾の表示 - 期間タブ内の機器、「小計」「出精値引き」「合計」 - 「≪添付資料≫」の、T1の「ファイル名」と「承認状態」 続けて、過去の期間のタブを選択し、「≪添付資料≫」のToldの「ファイル名」と「承認状態」を記録する。 6. DB担当者に、控えた契約ID・期間ID・添付IDで、処理の前後の保存値を読取で比べてもらう。審査者の欄に入っている値（氏名かログインIDか）を、実際の値で確認する。対象外の期間・資料・ほかの契約も、同じように比べてもらう。証拠の名前（画面キャプチャのファイル名など）を記録する。 【入力値】 ・申請内容＝取引先契約（手順1） ・サポートID＝試験契約のサポートID（手順1） ・状態＝対象契約の状態（契約）にチェックを入れる（手順1） ・承認状態（検索条件）＝「審査中」のみチェックを入れる（手順1） ・チェックボックス＝対象の1行だけON（手順2） | F35: 【画面確認】 1. 手順5で、MCM1005Uの上段の「承認状態」が「承認中」、対象期間のT1の「承認状態」が「承認中」であること。 2. 過去の期間のToldの「承認状態」が「承認済」のままであること。 3. 対象の開始日・機器・価格・金額が、準備した値と一致すること。期間タブの名前の末尾に「(申請中)」が表示されたままであること。 【DB確認】 対象テーブル＝MCM_TK_KEIYAKU、MCM_TK_KIKAN、MCM_TK_TENPU、確認理由＝審査の完了で、契約と審査中の添付だけが進み、審査者と審査日が記録されることを確認するため。検索条件＝記録した契約ID・期間ID・添付ID、期待値＝次のとおり。 ・契約とT1のSHONINJOTAIが、1から2に変わっていること。 ・SHINSA_DTが処理を行った時刻にあり、SHINSA_BYがBの氏名であること（VB版の仕様）。Web版が氏名ではなくログインIDを書き込んだ場合は、不一致として記録する（移行で合意がない限りNG）。 ・対象期間のYUKO_FLGが、処理前の値（-1）のままであること。 ・ToldのSHONINJOTAIが3（承認済）のままで、更新日時・更新者（監査項目）も処理前のままであること。 | G35: 1. 表示タイミング＝「承認」押下後 表示形式＝確認ダイアログ メッセージID＝MSG_0094G 表示文言＝審査・承認処理を実施します。よろしいですか？ 作業者の操作＝「OK」を押す 2. 表示タイミング＝処理の完了後 表示形式＝完了ダイアログ メッセージID＝MSG_0090G 表示文言＝審査・承認を完了しました。 作業者の操作＝確認して閉じる | O35: =IF(L35<>"",L35,IF(H35<>"",H35,"未実施")) -> 未実施 | P35: 移行元：3001-7 3001U経路として1011UのINT02-04とは別判定。実機で未判定。 1011Uの04／05／07／08と入口・Service・Repositoryが異なるため、3001U経路を独立判定する。3001Uの取引先契約ではWeb押印・メール処理が省略されている。本ケースの状態遷移を押印・メールの合格証拠へ流用しない。 【期待メッセージの根拠・VB版との差異】 ・VB版のメッセージ定義（CPMessage.xml）：MSG_0094G 確認「審査・承認処理を実施します。よろしいですか？」、MSG_0090G 完了「審査・承認を完了しました。」、MSG_0095G 確認「差し戻し処理を実施します。よろしいですか？」、MSG_0096G 完了「差戻しを完了しました。」、MSG_0088G 入力エラー「審査・承認可能な申請が選定されていません。」 ・Web版の文言は、確認が「選択した N 件を承認／差戻しますか？」、完了が「1件を承認／差戻しました。」で、VB版と文言が異なる。判定は「確認・完了の通知が表示されること」で行い、文言差異は差異として記録する。 【要確認】3001UのVB画面から上記メッセージIDを直接呼ぶ箇所は、検索では見つかっていない。定義の文言とVBの確認・完了文言は一致しているが、押下ボタンと表示順の対応は実機で確認する。 ・INT02-26、27の「承認」ボタンが MSG_0094G、MSG_0090G を使うかは、定義の文言からの推定で、ソースでの裏付けは取れていない。 元Excel行：35。実施区分：混在資料の準備支援＋3001Uの画面操作。元フロー：3001U→1005U。
A36: INT02-27 | B36: 正常系 | C36: MCM3001U(承認申請一覧)→MCM1005U(取引先契約内容)：「取引先契約」の承認中の申請を承認（最終承認）すると、契約と対象の添付が承認済になり、期間が有効になること | D36: 【確認すること】 承認申請一覧(MCM3001U)で「取引先契約」の承認中の行を選んで「承認」を押すと、契約と対象期間の添付が「承認済」になり、期間の有効値が有効に変わり、承認者と承認日が記録されること。審査者と審査日、別の期間の添付は変わらないこと。 【前提】 ・使用ユーザー：ユーザーC（承認担当者）とユーザーA（確認用） ・保有権限： - C＝承認申請一覧(MCM3001U)で「取引先契約」を扱え、承認を行う資格と作成権限（承認・差戻しのボタンが押せる権限）を持つ。契約の承認上限金額が、対象の「金額」以上。担当者マスタにCの氏名とログインIDが設定されており、氏名とログインIDは異なる値であること - A＝取引先契約内容(MCM1005U)の参照または作成の権限 ・必要な登録済みデータ：専用の試験契約（1件） - 状態＝契約。対象期間は、最新の現在期間、または未来の期間。対象期間の有効値＝-1（申請中） - 対象期間の添付は、すべて承認中 - 承認済みの比較用の資料は、別の過去の期間に置く（対象期間に承認済みの資料が混ざっていると、承認中の検索条件で見つからないため、使わない） - 点検と支払は、「回数」がチェックした月の数以上で、支払の開始月にチェックがある。契約期間は1年以内 - 添付は押印の対象でない資料（PDFなど）にする（MCM3001Uの取引先契約の承認では、VB版はExcelへ押印し、Web版は押印しないため、差異を持ち込まない） ・一覧の表示の注意：Web版の一覧の「開始日」は、契約全体で最も古い期間の開始日が表示される場合がある ・事前に控える値：試験契約の契約NO、サポートID、取引先名、対象期間の開始日、金額、対象の資料名、別の過去の期間の資料名と、その保存値。審査者・審査日の処理前の値。Cの氏名とログインID（別々に控える）。DB担当者に、契約ID・期間ID・添付IDと、処理前の保存値（状態・担当者・日時）を読取で控えてもらう ・準備：Cの承認担当者としてログインしたセッションを別に用意し、Aの操作中もログアウトしない ・開始時の画面状態：A、Cとも、メニュー画面（Cはすでに承認申請一覧が表示されていてもよい） | E36: 【操作】 1. [C] 承認申請一覧(MCM3001U)を開く。表示されていない場合は、「閉じる」を押下してメニューへ戻り、「審査・承認」グループの「審査・承認」を押下する。すでに表示されている場合は、その画面で検索条件を変更する。「申請内容」は「取引先契約」を選ぶ。「サポートID」に試験契約のサポートID、「状態」に対象契約の状態（契約）、「承認状態」は「承認中」だけにチェックを入れて、「検索」を押下する。使わない入力欄は空欄にする。 2. [C] 一覧の「NO」「開始日」「取引先名」「サポートID」「金額」を、控えた値と照合する（「開始日」は、対象期間の開始日と異なる場合がある。その場合は、契約で最も古い期間の開始日であることを記録する）。対象の行を選択し、下段の資料が控えた資料名と一致することを確認する。対象の行だけ、左の処理のチェックボックスをONにする。 3. [C] 「承認」を押下する。表示された確認ダイアログの文言を記録して、「OK」を押下する。完了メッセージを記録する。 4. [A] メニューから「取引先見積・契約検索」を選択し、MCM1003U(取引先見積・契約検索)を開く。「契約NO」に試験契約の契約NOを入力し、他の入力欄は空欄にして、「承認状態」は今回の操作後の状態（承認済）を含めて「検索」を押下する。対象行の「契約NO」リンクを押下し、MCM1005U(取引先契約内容)を開く。 5. [A] 対象期間のタブを選択し、次の内容を記録する。「登録」「申請」などは押下しない。 - 上段の「承認状態」 - 期間タブの名前の末尾の表示 - 期間タブ内の機器、「小計」「出精値引き」「合計」 - 「≪添付資料≫」の対象ファイルの「ファイル名」と「承認状態」 続けて、過去の期間のタブを選択し、保護の対象にした別の期間の資料の「ファイル名」と「承認状態」を記録する。 6. DB担当者に、控えた契約ID・期間ID・添付IDで、処理の前後の保存値を読取で比べてもらう。承認者の欄に入っている値（氏名かログインIDか）を、実際の値で確認する。対象外の期間・資料・ほかの契約も、同じように比べてもらう。証拠の名前（画面キャプチャのファイル名など）を記録する。 【入力値】 ・申請内容＝取引先契約（手順1） ・サポートID＝試験契約のサポートID（手順1） ・状態＝対象契約の状態（契約）にチェックを入れる（手順1） ・承認状態（検索条件）＝「承認中」のみチェックを入れる（手順1） ・チェックボックス＝対象の1行だけON（手順2） | F36: 【画面確認】 1. 手順5で、MCM1005Uの上段の「承認状態」が「承認済」、対象の資料の「承認状態」が「承認済」であること。 2. 対象の開始日・機器・価格が、準備した値と一致すること。期間タブの名前の末尾に「(申請中)」が付いていないこと（有効になったため）。 3. 保護の対象にした別の期間の資料が、「承認済」のまま、前の値と同じであること。 【DB確認】 対象テーブル＝MCM_TK_KEIYAKU、MCM_TK_KIKAN、MCM_TK_TENPU、確認理由＝最終承認で、契約と添付が承認済になり、期間が有効になり、承認者と承認日が記録されることを確認するため。検索条件＝記録した契約ID・期間ID・添付ID、期待値＝次のとおり。 ・契約と対象の添付のSHONINJOTAIが、2から3に変わっていること。 ・対象期間のYUKO_FLGが0（有効）になっていること。 ・SHONIN_DTが処理を行った時刻にあり、SHONIN_BYがCの氏名であること（VB版の仕様）。Web版が氏名ではなくログインIDを書き込んだ場合は、不一致として記録する（移行で合意がない限りNG）。 ・SHINSA_BY、SHINSA_DT（審査者と審査日）と、別の期間の添付が、処理前の値のままであること。 | G36: 1． 表示タイミング＝「承認」押下後 表示形式＝確認ダイアログ メッセージID＝MSG_0094G 表示文言＝審査・承認処理を実施します。よろしいですか？ 作業者の操作＝「OK」を押す 2． 表示タイミング＝処理の完了後 表示形式＝完了ダイアログ メッセージID＝MSG_0090G 表示文言＝審査・承認を完了しました。 作業者の操作＝確認して閉じる | O36: =IF(L36<>"",L36,IF(H36<>"",H36,"未実施")) -> 未実施 | P36: 移行元：3001-8 3001U経路として1011UのINT02-05とは別判定。実機で未判定。 1011Uの04／05／07／08と入口・Service・Repositoryが異なるため、3001U経路を独立判定する。3001Uの取引先契約ではWeb押印・メール処理が省略されている。本ケースの状態遷移を押印・メールの合格証拠へ流用しない。 【期待メッセージの根拠・VB版との差異】 ・VB版のメッセージ定義（CPMessage.xml）：MSG_0094G 確認「審査・承認処理を実施します。よろしいですか？」、MSG_0090G 完了「審査・承認を完了しました。」、MSG_0095G 確認「差し戻し処理を実施します。よろしいですか？」、MSG_0096G 完了「差戻しを完了しました。」、MSG_0088G 入力エラー「審査・承認可能な申請が選定されていません。」 ・Web版の文言は、確認が「選択した N 件を承認／差戻しますか？」、完了が「1件を承認／差戻しました。」で、VB版と文言が異なる。判定は「確認・完了の通知が表示されること」で行い、文言差異は差異として記録する。 【要確認】3001UのVB画面から上記メッセージIDを直接呼ぶ箇所は、検索では見つかっていない。定義の文言とVBの確認・完了文言は一致しているが、押下ボタンと表示順の対応は実機で確認する。 ・INT02-26、27の「承認」ボタンが MSG_0094G、MSG_0090G を使うかは、定義の文言からの推定で、ソースでの裏付けは取れていない。 元Excel行：36。実施区分：通常操作＋DB読取。元フロー：3001U→1005U。
A37: INT02-28 | B37: 正常系 | C37: MCM3001U（承認申請一覧）→MCM1005U（取引先契約内容）：「取引先契約」の審査中の行を差戻しすると、契約と添付が差戻中になること | D37: 【確認すること】 承認申請一覧から審査中の取引先契約を差戻しすると、契約と対象添付が「差戻中」になり、対象期間の有効値が0に戻ること。 【前提】 ・使用ユーザー：ユーザーB（審査担当者）、ユーザーA（確認用） ・保有権限：BはMCM3001Uの作成権限、MCM1005Uの参照または作成権限、審査資格と対象金額以上の契約審査上限を持つこと。AはMCM1005Uの参照または作成権限を持つこと ・必要な登録済みデータ：試験契約1件。状態＝契約、承認状態＝審査中。期間は1つで、審査中のPDFが1件添付され、承認済み資料は混在していないこと ・事前に控える値：契約NO、取引先名、サポートID、期間の開始日、添付のファイル名 ・準備：B・Aは別のブラウザーまたは別のブラウザープロファイルで独立してログインする。DB担当者に契約ID・期間ID・添付IDと処理前の状態を控えてもらう ・開始時の画面状態：B・Aともメニュー画面 | E37: 【操作】 1. [B] メニューの「審査・承認」グループにある「審査・承認」を押下する。画面上部が「承認申請一覧（MCM3001U）」であることを確認する。 2. 「申請内容」は「取引先契約」を選び、「サポートID」に試験契約のサポートIDを入力する。他の入力欄は空欄、「状態」は「契約」だけ、「承認状態」は「審査中」だけにして「検索」を押下する。 3. 上段「<< 申請 >>」の「NO」が控えた契約NOと一致し、「取引先名」「開始日」も一致する行の左端（行番号の部分）を押下する。下段「ファイル名」が控えた値と一致することを確認し、その行だけ左から2列目のチェックボックスをONにする。 4. [B] 「差戻し」を押下し、表示された確認ダイアログで「OK」を押下する。完了メッセージを記録する。 5. [B] 同じ検索条件のまま、「承認状態」だけを「差戻中」に変えて再検索する。対象行が「差戻中」であることを確認する。 6. [A] メニューの「取引先見積・契約検索」からMCM1003Uを開く。「契約NO」に同じ契約NOを入力する。他の入力欄は空欄、「状態」は「契約」だけ、「承認状態」は「差戻中」だけにして検索する。対象行の「契約NO」リンクを押下し、MCM1005Uで控えた開始日の期間タブを選択する。上段と「≪添付資料≫」の「承認状態」を確認する。「登録」「申請」は押下しない。 7. DB担当者に、控えたIDで契約・期間・添付の状態を確認してもらう。 【入力値】 ・申請内容＝取引先契約（手順2） ・サポートID＝試験契約のサポートID（手順2） ・契約NO＝試験契約の契約NO（手順6） ・状態＝「契約」のみON（手順2・6） ・承認状態＝手順2は「審査中」、手順5・6は「差戻中」のみON ・チェックボックス＝対象の1行だけON（手順3） | F37: 【画面確認】 1. 差戻しの確認と完了のメッセージが表示されること。 2. MCM3001Uを「差戻中」で再検索すると、対象の「NO」の行が「差戻中」で表示されること。 3. MCM1005Uで、同じ契約の上段の「承認状態」と対象添付の「承認状態」が「差戻中」であること。添付のファイル名が控えた値と一致すること。 【DB確認】 対象テーブル＝MCM_TK_KEIYAKU、MCM_TK_KIKAN、MCM_TK_TENPU 確認理由＝3001U経由の差戻しで契約・対象添付と期間の有効値が更新されることを確認するため 検索条件＝控えた契約ID・期間ID・添付ID 期待値＝次のとおり。 ・契約と対象添付のSHONINJOTAIが1（審査中）から4（差戻中）へ変わること ・対象期間のYUKO_FLGが-1から0へ変わること | G37: 表示タイミング＝「差戻し」を押下した時、および処理完了時 表示形式＝確認ダイアログ（OK／キャンセル）、完了メッセージ メッセージID＝MSG_0095G（確認）、MSG_0096G（完了）（VB版） 表示文言＝VB版は「差し戻し処理を実施します。よろしいですか？」、「差戻しを完了しました。」。Web版は「選択した 1 件を差戻しますか？」、「1件を差戻しました。」 作業者の操作＝表示された確認ダイアログで「OK」を押下する | O37: =IF(L37<>"",L37,IF(H37<>"",H37,"未実施")) -> 未実施 | P37: 移行元：3001-12 根拠：R3001／R1005 今回は審査中からの差戻し1条件を実施する。承認中からの差戻しは今回の範囲に含めず、確認済みとは扱わない。1011Uとは入口・処理経路が異なるため、このケースは3001Uから実施する。VBとWebのメッセージ文言差は記録し、確認・完了の表示と状態更新で判定する。
A38: INT02-29 | B38: 正常系 | C38: MCM3001U(承認申請一覧)→MCM1005U(取引先契約内容)：一覧の「NO」リンクから、選んだ行の契約が別タブで開き、参照用として表示されること | D38: 【確認すること】 承認申請一覧(MCM3001U)の「取引先契約」の行の「NO」リンクを押すと、その行の契約が、別のタブで開くこと。別の似た契約の情報が混ざらないこと。VB版では、承認一覧からの遷移として、通常の変更操作に切り替わらず、参照用として開くこと。参照するだけで、保存値が変わらないこと。 【前提】 ・使用ユーザー：ユーザーB（審査担当者） ・保有権限：B＝承認申請一覧(MCM3001U)で「取引先契約」を扱える権限に加えて、取引先契約内容(MCM1005U)の参照権限 ・必要な登録済みデータ：専用の試験契約を2件 - 契約A（確認する契約）、契約B（比較する契約）：契約NO・開始日・取引先・納入先・サポートID・機器・添付が、互いに異なる - どちらも、添付の承認状態が審査中 ・一覧の表示の注意：Web版の一覧の「開始日」は、契約全体で最も古い期間の開始日が表示される場合がある。このため、1005Uで選ぶ期間のタブは、準備表の「対象期間の開始日」を使う ・事前に控える値：契約A・契約Bそれぞれの契約NO、取引先名、納入先名、サポートID、対象期間の開始日、機器、添付の資料名。DB担当者に、契約A・契約Bの契約ID、対象期間ID、添付IDと、処理前の保存値と件数を読取で控えてもらう ・準備：Bの審査担当者としてログインしたセッションを用意する ・開始時の画面状態：Bはメニュー画面（すでに承認申請一覧が表示されていてもよい） | E38: 【操作】 1. [B] 承認申請一覧(MCM3001U)を開く。表示されていない場合は、「閉じる」を押下してメニューへ戻り、「審査・承認」グループの「審査・承認」を押下する。すでに表示されている場合は、その画面で検索条件を変更する。「申請内容」は「取引先契約」を選ぶ。「サポートID」に契約AのサポートID、「状態」に対象契約の状態（契約）、「承認状態」は「審査中」だけにチェックを入れて、「検索」を押下する。使わない入力欄は空欄にする。 2. [B] 契約Aの行の「NO」リンクを押下する。ブラウザーの別のタブで、MCM1005U(取引先契約内容)が開くことを記録する。上段の「契約NO」「取引先」「納入先」が、契約Aの控えた値と一致することを確認する。 3. [B] 準備表の対象期間の開始日と同じ期間のタブを選択し、機器と「≪添付資料≫」を、契約Aの控えた値と照合する。画面右下の「申請」「契約発行」が押せない状態か、上段の「契約NO」が入力できない状態かを、あわせて記録する。契約IDは、画面には表示されないので、DB担当者が照合する。「変更」「登録」「申請」「契約発行」は押下しない。 4. [B] ブラウザーで、元の承認申請一覧のタブへ戻る。「サポートID」を契約BのサポートIDに変更して「検索」を押下する。契約NO・取引先名・開始日が契約Bの控えた値と一致する行を探して、「NO」リンクを押下する。別のタブで開いたMCM1005Uの上段情報と、契約Bの対象期間のタブの機器・添付を、契約Bの控えた値と照合する。「変更」「登録」「申請」は押下しない。 5. DB担当者に、控えた契約ID・期間ID・添付IDで、操作の前後の保存値と件数を読取で比べてもらう。対象外の期間・資料・ほかの契約も、同じように比べてもらう。証拠の名前（画面キャプチャのファイル名など）を記録する。 【入力値】 ・申請内容＝取引先契約（手順1） ・サポートID＝契約A（手順1）、契約B（手順4）のサポートID ・承認状態（検索条件）＝「審査中」のみチェックを入れる ・選択する期間タブ＝準備表の対象期間の開始日（手順3、手順4） | F38: 【画面確認】 1. 契約A・契約Bのどちらも、別のタブでMCM1005Uが開き、上段の「契約NO」「取引先」「納入先」と、対象期間のタブの機器・添付が、選んだ行の契約と一致すること。契約Aの資料が契約Bに混ざっていないこと。 2. VB版の仕様では、承認一覧からの遷移として開くため、画面右下の「申請」「契約発行」が押せない状態（非活性）、上段の「契約NO」などの詳細欄が入力できない状態（読取専用）であること。 3. 参照用の表示にならず、通常の変更操作ができる表示になった場合は、VB版との差異として記録する（NG候補。Web版の3001Uのリンクは、遷移元区分を渡さず、契約IDなどをURLのパラメータで直接渡す実装のため、この差異が出る見込み）。 【DB確認】 対象テーブル＝MCM_TK_KEIYAKU、MCM_TK_KIKAN、MCM_TK_TENPU、確認理由＝契約を開いて参照しただけでは、契約・期間・添付が更新されないことを確認するため。検索条件＝記録した契約ID・期間ID・添付ID、期待値＝次のとおり。 ・各リンクで開いた契約が、契約A・契約Bそれぞれの契約IDであること（契約NOと取引先名が一致するもの）。 ・契約A・契約Bの契約・期間・添付の保存値（更新日時・更新者を含む）と件数が、操作の前後で変わっていないこと。 | G38: 表示タイミング＝（メッセージは表示されない） 表示形式＝－ メッセージID＝－ 表示文言＝－ 作業者の操作＝特になし（画面遷移と表示内容のみ確認する） | O38: =IF(L38<>"",L38,IF(H38<>"",H38,"未実施")) -> 未実施 | P38: 移行元：3001-15 3001Uの書類NOリンク経路。実機で未判定。 列見出しはWebでは「NO」であり「書類NO」と記載しない。Web3001Uリンクは契約IDと名称を渡すがVBのSeniMotoKbn=承認相当を明示していない。参照モード差は実画面で確認し、合意なしで通常編集可を期待にしない。1011Uの03と経路が異なる。 元Excel行：38。実施区分：通常操作＋DB読取。元フロー：3001U→1005U。

Sheet INT03_パック店舗直
A1: MCM契・解約機能 結合テスト仕様書｜パック契約・店舗直契約
A2: 実施前にE列を確認。登録確認はOK、取消ケースは取消。複数パターンは全て実施・期待一致ならOK、期待不一致ありならNG、NGなしで未実施・判断待ちが残る場合は保留。Q列にパターン別結果・実ID・証跡を追記し、既存の根拠は消さない。
A3: 単体13画面596件の表示・入力・単独判定は「単体との対応」へ分担。対象外は重複除外の設定で実行合格ではない。Q付きの期待・環境を確定してから追加判定を実施。
A4: 最終判定は再テスト結果を優先。「保留」集計は未実施も含む残件。合格率＝OK／実テスト件数。表示形式・ネイティブOfficeの動作は実行時に確認。
A6: テスト件数 | B6: =COUNTA(A10:A28) -> 19 | C6: 対象外件数 | D6: =COUNTIF(O10:O28,"対象外") -> 0 | E6: 実テスト件数 | F6: =B6-D6 -> 19 | G6: 完了件数OK | H6: =COUNTIF(O10:O28,"OK") -> 0 | I6: NG件数 | J6: =COUNTIF(O10:O28,"NG") -> 0 | K6: 保留 | L6: =MAX(0,F6-H6-J6) -> 19 | M6: 実施率 | N6: =IF(F6=0,0,(H6+J6)/F6) -> 0 | O6: 合格率 | P6: =IF(F6=0,0,H6/F6) -> 0
A8: 単体との重複を除いた結合テストケース
A9: 項番 | B9: 分類 | C9: テスト観点 | D9: 前提条件（ここを読んで準備する） | E9: 操作手順 | F9: 期待結果 | G9: 期待メッセージ | H9: テスト結果 | I9: 実施者 | J9: 実施日 | K9: 不具合内容 | L9: 再テスト結果 | M9: 再テスト実施者 | N9: 再テスト実施日 | O9: 最終判定 | P9: 備考／根拠
A10: INT03-01 | B10: 正常系 | C10: MCM1009U(パック契約・解約)→MCM1004U(取引先見積内容)：パックの見積の「依頼NO」リンクから、選んだ行の見積が表示されること | D10: 【確認すること】 パック契約・解約の一覧で、見積Aの「依頼NO」リンクを押すと見積Aが、見積Bのリンクを押すと見積Bが、取引先見積内容に表示されること。「依頼NO」が同じでも「時間」が違う見積を取り違えないこと。見るだけで、データが変わらないこと。 【準備担当者・DB担当者が事前に行うこと】 ・パックの見積Aと比較用の見積Bを用意する。専用の試験データを使い、見積AとBは別の見積にする（前回開いた見積を使い回して表示するミスを見つけやすくするため） ・DB担当者が、元見積（MCM_TM_MITSUMORI）のPACK_FLG＝1であることを確認する ・見積A、Bが、パック契約・解約の検索結果に出て、「依頼NO」がリンクになっていることを確認する ・試験データ記録表に、見積A・見積Bそれぞれの次の値を記入する 依頼NO、時間、契約NO、取引先名、納入先名、サポートID、プラント名、期間の開始日、機器（品名・型式・数量）、仕切価格の合計 ・DB担当者が、処理前の保存値（契約・期間・機器・単価・支払・添付の件数と値、更新日時、更新者）を読取で控える 【実施者が使うもの】 ・実施者A（独立したログイン）。取引先見積内容(MCM1004U)の参照権限があること ・試験データ記録表（見積A・見積Bの値） | E10: 【操作】 1. [A] メニューの「契約・解約」グループにある「パック契約・解約」を押下する。MCM1009Uが開く。 2. [A] 「サポートID」に、見積AのサポートIDを入力する。他の入力欄は空欄にする。「状態」の欄は、初期値で「見積」と「契約」にチェックが入っているので、「契約」のチェックを外し、「見積」だけにチェックを入れる。「検索」を押下する。 3. [A] 一覧の「依頼NO」「時間」「契約NO」「取引先名」「サポートID」「プラント名」が、試験データ記録表の見積Aの値と一致する行を探す。同じ「依頼NO」でも「時間」が違う行は選ばない。 4. [A] その行の「依頼NO」リンクを押下する。取引先見積内容(MCM1004U)が開く。 5. [A] 画面上部の次の項目が、記録表の見積Aの値と一致することを確認する。 - 「見積依頼NO」＝一覧の「依頼NO」 - 「契約時間帯」＝一覧の「時間」 - 「取引先」「納入先」「サポートID」「プラント名」 6. [A] 期間のタブを順に選び、「期間」の開始日が記録表の見積Aの開始日と同じタブを探して選ぶ。次の項目が、記録表の見積Aの値と一致することを確認する。 - 画面中ほどの機器の一覧の「品名」「型式」「数量」 - 「≪仕切価格≫」の「合計」 見積依頼の画面にならない、エラーが表示された、別の見積が表示された、のいずれかの場合は、NGとして記録し、手順6の照合は行わない。 7. [A] 画面上部の左の「戻る」を押下し、戻った先の画面と、検索条件（サポートID、状態）が残っているかを記録する。 8. [A] もう一度、MCM1009Uで見積AのサポートIDを検索して「依頼NO」リンクを押し、MCM1004Uを開く。今度は右上の「閉じる」を押下し、戻った先の画面と、検索条件が残っているかを記録する。 9. [A] メニューの「パック契約・解約」を開き直す。「サポートID」に見積BのサポートIDを入力し、「状態」は「見積」だけにチェックを入れて、「検索」を押下する。見積Bの行を、手順3と同じように探し、「依頼NO」リンクを押下する。 10. [A] 手順5、6と同じ方法で、見積Bの値（時間、期間、機器）を確認する。手動で再検索した操作を、検索条件が保持された証拠にしない。 11. DB担当者が、処理の前後の保存値を読取で比べる。別の契約の比較行や、期間・機器・単価・支払・添付の件数・値・更新日時・更新者も確認する。証拠の名前（画面キャプチャのファイル名など）を試験データ記録表に記録する。 【入力値】 ・サポートID＝見積A（手順2）、見積B（手順9）のサポートID ・状態（検索条件）＝「見積」だけにチェック | F10: 【画面確認】 1. 見積Aの「依頼NO」リンクで開いたMCM1004Uの、「見積依頼NO」「契約時間帯」「取引先」「納入先」「サポートID」「プラント名」と、記録表の開始日の期間タブの機器・仕切価格の合計が、見積Aの値と一致すること。 2. 見積Bの「依頼NO」リンクで開いたMCM1004Uが、見積Bの値と一致すること。「依頼NO」が同じでも「時間」が違う見積を取り違えていないこと。 3. MCM1004Uの「戻る」または「閉じる」を押したあと、呼出元のパック契約・解約(MCM1009U)の画面に戻り、検索条件（サポートID、状態）が残っていること。 【DB確認】 対象テーブル＝MCM_TM_KEIYAKUJIKAN、MCM_TK_KEIYAKU、MCM_TK_KIKAN、確認理由＝リンクが、選んだ行の見積契約時間IDの見積を開くこと、見るだけでデータが変わらないことを確認するため。期待値＝次のとおり。 ・遷移先の画面で開いた見積が、一覧で選んだ行の見積契約時間IDのものであること（契約IDや、依頼の親IDのものではないこと）。 ・元見積・契約・期間・機器・単価・支払・添付の件数と値（更新日時・更新者を含む）が、操作の前後で変わっていないこと。 | G10: 表示タイミング＝（メッセージは表示されない） 表示形式＝－ メッセージID＝－ 表示文言＝－ 作業者の操作＝特になし（画面遷移と表示内容のみ確認する） | O10: =IF(L10<>"",L10,IF(H10<>"",H10,"未実施")) -> 未実施 | P10: 【確認根拠】 ・Web版1009Uの「依頼NO」リンクは、同じタブで1004Uを開く。見積契約時間IDと、遷移元区分（見積リンク）を、URLのパラメータで渡す。 ・1004U画面の見出し：状態、見積依頼NO、見積日付、契約時間帯、取引先、納入先、サポートID、プラント名、依頼事業所、依頼担当者。期間はタブごとに「期間」「取引先見積NO」「回答日」「備考」「≪標準価格≫」「≪仕切価格≫」と機器の一覧がある。 ・1004Uの戻り先（Web版のソース）：左の「戻る」は、呼出元の登録がなければ1003U（取引先見積・契約検索）へ移る。1009Uを呼出元として記録する実装ではない。右の「閉じる」は、メニューへ移る処理（共通のタブを閉じる処理を呼ぶ場合がある）。 【要確認】 ・期待結果3は、VB版（呼出元の1009Uが残る）の仕様に基づく。Web版では、戻り先が1009Uにならない見込みのため、実施結果を記録し、VB版との差異として判定する（NG、または移行仕様の確認）。 関連単体：1009-13 単体の表示・単独操作ではなく、期待結果の連携部分を追加判定。 根拠：R1009 元Excel行：10。実施区分：通常操作＋DB読取。元フロー：1009U→1004U。
A11: INT03-02 | B11: 正常系 | C11: MCM1009U(パック契約・解約)→MCM1006U(取引先契約機器設定)→MCM1005U(取引先契約内容)：パックの見積から契約を作成すると、採用した機器だけで新しい契約が作られ、パックの元見積の分類が保持されること | D11: 【確認すること】 パック契約・解約の一覧にある、契約をまだ作っていない見積Aから契約を作成する。採用した機器Aだけが契約に入り、除外した機器Bは入らないこと。作成した契約が、元のパック契約・解約の一覧に出ること。契約の親・期間・機器・単価が正しく追加されること。 【準備担当者・DB担当者が事前に行うこと】 ・パックの見積Aを用意する。専用の試験データを使い、見積Aの状態は「見積」（契約が未作成で、破棄もされていない）にする ・DB担当者が、元見積（MCM_TM_MITSUMORI）のPACK_FLG＝1であることを確認する ・DB担当者が、元見積の取引先ID・プラントIDを確認し、取引先マスタ（MCM_MA_TORIHIKISAKI）、プラントマスタ（MCM_MA_PLANT）、そのプラントに紐づく納入先マスタ（MCM_MA_NONYUSAKI）の対象の行があることを確認する。不足している場合は、マスタ管理者に準備を依頼する（内部IDを画面から入力して補わない） ・契約期間は、開始日＜終了日で、開始日から1年後の前日以内にする。例：実施月、または未来の月の1日から、1年後の前日まで。見積の単価の適用期間が、この全期間を覆っていること。同じ個体が重複していないこと。元見積の出精値引きは0にする ・管理者が、新規契約に使う未使用の契約NOを割り当てる ・採用する機器Aと除外する機器B、見積の単価、数量、期待する合計金額を、試験データ記録表に記入する ・支払の設定は、回数1、開始月だけON（例：開始月が10月なら、10月だけにチェック）とする ・3007U(契約・解約)の確認をする場合は、DB担当者が、対象の取引先の個体と店舗側の個体の関連、対応する店舗見積NO、納入先・プラントの検索行を準備する。通常の画面操作で関連を用意できない場合は管理者に依頼し、3007Uの確認だけを準備待ちにする（1009U・1006U・1005Uの操作とDB確認は、前提がそろえば実施する） ・試験データ記録表に、見積Aの依頼NO、時間、取引先名、サポートID、プラント名、新規契約NO、期間の開始日・終了日を記入する ・DB担当者が、処理前の保存値（契約・期間・機器・単価・支払・添付の件数、取引先契約IDの最大値）を読取で控える 【実施者が使うもの】 ・実施者A（独立したログイン）。取引先契約内容(MCM1005U)の作成権限があること ・試験データ記録表 | E11: 【操作】 1. [A] メニューの「契約・解約」グループにある「パック契約・解約」を押下する。MCM1009Uが開く。 2. [A] 「サポートID」に、見積AのサポートIDを入力する。他の入力欄は空欄にする。「状態」の欄は、初期値で「見積」と「契約」にチェックが入っているので、「契約」のチェックを外し、「見積」だけにチェックを入れる。「検索」を押下する。 3. [A] 一覧の「依頼NO」「時間」「契約NO」「取引先名」「サポートID」「プラント名」が、記録表の見積Aの値と一致する行を探す。同じ「依頼NO」でも「時間」が違う行は選ばない。 4. [A] その行の右端にある2つの「契約」列のうち、左側の「契約」リンクを押下する。取引先契約機器設定(MCM1006U)の1画面目が開く。 5. [A] 画面に表示された「取引先コード」「取引先名」「納入先コード」「納入先名」「サポートID」「プラント名」が、一覧の見積Aの行と同じであることを確認する。「期間」の開始日と終了日に、記録表の日付を入力する。「≪見積情報≫」の一覧で、「依頼NO」と「時間」が見積Aの値と一致する行だけにチェックを入れる。「次へ」を押下する。 6. [A] 2画面目が開く。左上の「≪機器構成パターン≫」、右上の「≪納入機器明細≫」、下段の「≪機器個体・明細≫」の3つの一覧で、採用する機器Aの行にチェックを入れ、除外する機器Bの行はチェックを外す。品名・型式・シリアル番号で、記録表の機器A・Bと照合する。機器AとBが同じ構成、または同じ明細に属している場合は、その共通の上位の行のチェックは入れたままにし、除外する機器Bの個体の行だけチェックを外す（上位の行ごとチェックを外して、採用する機器Aまで除外しない）。「摘要」を押下する。 7. [A] 取引先契約内容(MCM1005U)が開く。画面上部の取引先・納入先・サポートIDと、機器情報の「品名」「型式」「数量」「標準計」「仕切計」が、採用した機器Aの値だけであることを確認する。 8. [A] 上部の「契約NO」と、期間内の「契約NO」の両方に、割り当てられた新規契約NOを入力する。「≪支払情報≫」の回数と月を、記録表の設定（回数1、開始月だけON）にする。「登録」を押下する。 9. [A] 確認ダイアログが表示されたら、内容を記録して「OK」を押下する（新規登録の確認、続けて登録の確認が表示される）。登録のあとに、完了メッセージが出るか出ないかを記録する。 10. [A] 右上の「閉じる」を押下する。戻った画面を記録する。元のMCM1009Uが検索条件のない初期の画面になっていたら、「サポートID」を同じ値で入力し直し、「状態」は「契約」だけにチェックを入れて「検索」を押下する。今回の契約NO、依頼NO、時間が一致する行を探して、「契約NO」リンクを押下し、開き直す。 11. [A] メニューの「契約・解約」グループにある「契約・解約」を押下する。MCM3007Uが開く。「サポートID」に記録表の値を入力し、他の入力欄は空欄にする。「店舗状態」と「取引先状態」は、「見積」「契約」「解約」「破棄」のすべてにチェックを入れて、「検索」を押下する。上段の「≪ 納入先情報 ≫」で対象のサポートID・プラントの行を選び、中央の「≪ 店舗 ≫」で準備した店舗見積NOの行を選ぶ。下段の「≪ 取引先 ≫」で、依頼NO・時間・契約NOが今回の契約と一致する行があることを確認する。下段が空の場合は、前提の個体の関連をDB担当者に確認する（今回の契約が存在しないと決めつけない）。 12. DB担当者が、記録表の契約ID・見積契約時間ID・期間IDで、処理の前後の保存値を読取で比べる。別の契約の比較行や、期間・機器・単価・支払・添付の所属・件数・値・更新日時・更新者も確認する。証拠の名前（画面キャプチャのファイル名など）を試験データ記録表に記録する。 【入力値】 ・サポートID＝見積AのサポートID（手順2） ・状態（検索条件）＝手順2は「見積」だけ、手順10は「契約」だけにチェック ・期間＝記録表の開始日・終了日（手順5） ・契約NO＝管理者が割り当てた未使用の番号（上部と期間内の両方、手順8） ・支払＝回数1、開始月だけON（手順8） | F11: 【画面確認】 1. 手順7で、MCM1005Uの機器情報が、採用した機器Aの機器・数量・価格だけであること。除外した機器Bが表示されていないこと。 2. 手順10で、元のパック契約・解約(MCM1009U)の「契約」の状態の検索結果に、今回作成した契約（記録表の契約NO、依頼NO、時間）が表示されること。 3. 手順11で、契約・解約(MCM3007U)の「≪ 取引先 ≫」に、今回の契約が表示されること（個体の関連が準備できている場合）。パック契約・解約の一覧と、店舗直契約・解約の一覧の両方の条件を満たす契約は、両方の画面に表示されてよい（片方にしか出ないことを期待しない）。 【DB確認】 対象テーブル＝MCM_TK_KEIYAKU、MCM_TK_KIKAN、MCM_TK_KIKIKOSEI、MCM_TK_KIKIMEISAI、MCM_TK_KOTAIMEISAI、MCM_TK_TANKA、MCM_TM_MITSUMORI、確認理由＝契約が採用機器だけで作成され、元見積の分類が保持されることを確認するため。期待値＝次のとおり。 ・取引先契約が1件、対象の期間が1件、採用した機器の構成・明細・個体と、元の単価との関連が追加されていること。除外した機器Bの行は保存されていないこと。契約を、パックと店舗直の分類ごとに二重に作っていないこと。 ・元見積（MCM_TM_MITSUMORI）のPACK_FLGが1のままで、元見積と新しい契約が結び付いていること。 ・新しい契約の単価の元（見積の単価）が、採用した見積の単価と一致すること。 ・別の契約、元見積Bの値と件数が、処理前のままであること。 | G11: 1. 表示タイミング＝実施者Aが「登録」を押下した時（新規の契約のため） 表示形式＝確認ダイアログ（OK/キャンセル） メッセージID＝MSG_0102G 表示文言＝「新規登録の為、機器個体の契約期限、契約満了日を設定します。一次納入日、二次納入日、初回契約日の設定はされていますか？ 登録を実施します。よろしいですか？」 作業者の操作＝「OK」を押下する 2. 表示タイミング＝続けて表示される 表示形式＝確認ダイアログ（OK/キャンセル） メッセージID＝MSG_0007G 表示文言＝「登録を実施します。よろしいですか？」 作業者の操作＝「OK」を押下する 3. 表示タイミング＝登録の完了時 表示形式＝－（完了メッセージは表示されない。登録後は、最新の内容で画面が再表示される） メッセージID＝－ 表示文言＝－ 作業者の操作＝特になし | O11: =IF(L11<>"",L11,IF(H11<>"",H11,"未実施")) -> 未実施 | P11: 【確認根拠】 ・VB版（Mcm1005uScreen.UpdButton）：新規の契約では、MSG_0102G、続けてMSG_0007Gの確認ダイアログを表示する。完了メッセージ（MSG_0008G）の呼び出しはコメントアウトされており、登録後は再検索して画面を更新する。 ・Web版は、登録後に「登録が完了しました。」を表示する見込み。表示された場合は、VB版との差異として記録する。 【要確認】 ・3007Uの見出し・検索条件の表記は、実画面で確認する。 関連単体：1009-15 単体の表示・単独操作ではなく、期待結果の連携部分を追加判定。 根拠：R1009 / R1006 / R1005 元Excel行：11。実施区分：通常操作＋DB読取。元フロー：1009U→1006U→1005U→1009U。
A12: INT03-03 | B12: 正常系 | C12: MCM1009U(パック契約・解約)→MCM1005U(取引先契約内容)：パックの「契約NO」リンクから、選んだ行の契約が更新用に開き、備考だけを保存できること | D12: 【確認すること】 パック契約・解約の一覧の「契約NO」リンクから、選んだ契約Aを取引先契約内容(MCM1005U)で開き、上部の「備考」だけを変更して「登録」できること。契約Aの期間・機器・数量・価格が変わらないこと。比較用の契約Bが変わらないこと。 【準備担当者・DB担当者が事前に行うこと】 ・パックの契約A（開始日の異なる複数の期間を持つ）と、比較用の契約Bを用意する。専用の試験データを使う ・契約Aの状態は「契約」、承認状態は「作成中」または「差戻中」。最新の期間は、現在の期間、または未来の期間にする ・契約Aのすべての期間で、支払の開始月にチェックが入っていることを確認する（入っていないと、登録時に確認ダイアログが追加で出る） ・契約Aの上部の「備考」を「INT03保存前」にしておく ・DB担当者が、元見積（MCM_TM_MITSUMORI）のPACK_FLG＝1であることを確認する ・契約Aと契約Bが、パック契約・解約の検索結果に出ることを確認する ・試験データ記録表に、契約Aの契約NO、依頼NO、時間、取引先名、納入先名、サポートID、プラント名、各期間の開始日と終了日、各期間の機器（品名・型式・数量）と仕切価格を記入する。契約Bの契約NOと備考、明細も記入する ・DB担当者が、契約A・契約Bの契約ID、期間ID、備考、機器・単価・支払・添付の件数と値、更新日時、更新者を、読取で控える 【実施者が使うもの】 ・実施者A（独立したログイン）。取引先契約内容(MCM1005U)の作成権限があること ・試験データ記録表 | E12: 【操作】 1. [A] メニューの「契約・解約」グループにある「パック契約・解約」を押下する。MCM1009Uが開く。 2. [A] 「サポートID」に、契約AのサポートIDを入力する。他の入力欄は空欄にする。「状態」の欄は、初期値で「見積」と「契約」にチェックが入っているので、「見積」のチェックを外し、「契約」だけにチェックを入れる。「検索」を押下する。 3. [A] 一覧の「依頼NO」「時間」「契約NO」「取引先名」「サポートID」「プラント名」が、記録表の契約Aの値と一致する行を探す。同じ「依頼NO」でも「時間」が違う行は選ばない。 4. [A] その行の「契約NO」リンクを押下する。取引先契約内容(MCM1005U)が開く。 5. [A] 画面上部の「契約NO」「取引先」「納入先」が、記録表の契約Aの値と一致することを確認する。期間のタブを、記録表の開始日で選び、「期間」「機器情報」の「品名」「型式」「数量」、「≪添付資料≫」のファイル名が、記録表と一致することを確認する。 6. [A] 画面の右上の「備考」（契約全体の備考。期間の欄の中の「備考」ではない）に、「INT03保存後」と入力する。期間の欄の中の「備考」には入力しない。 7. [A] 「登録」を押下する。確認ダイアログが表示されたら、内容を記録して「OK」を押下する。登録のあとに、完了メッセージが出るか出ないかを記録する。 8. [A] 右上の「閉じる」を押下する。戻った画面を記録する。元のMCM1009Uが検索条件のない初期の画面になっていたら、「サポートID」を同じ値で入力し直し、「状態」は「契約」だけにチェックを入れて「検索」を押下する。契約Aの行の「契約NO」リンクを押下し、開き直す。 9. [A] 上部の「備考」を記録する。存在する期間のタブを、過去、現在、未来の順に選び、各期間の「期間」、機器情報の「品名」「型式」「数量」、仕切価格を記録する。 10. DB担当者が、契約Bの備考と各明細が変わっていないことを照合する。 11. DB担当者が、記録表の契約ID・期間IDで、処理の前後の保存値を読取で比べる。別の契約の比較行や、期間・機器・単価・支払・添付の所属・件数・値・更新日時・更新者も確認する。証拠の名前（画面キャプチャのファイル名など）を試験データ記録表に記録する。 【入力値】 ・サポートID＝契約AのサポートID（手順2） ・状態（検索条件）＝「契約」だけにチェック ・備考（画面の右上）＝INT03保存後（変更前は INT03保存前）（手順6） | F12: 【画面確認】 1. 手順4で開いた契約が、契約Aであること（上部の「契約NO」「取引先」「納入先」が記録表と一致）。契約Bの履歴に切り替わっていないこと。 2. 手順8の開き直しのあと、上部の「備考」が「INT03保存後」であること（契約Aだけ）。 3. 各期間の開始日・終了日、機器（品名・型式・数量）、仕切価格が、登録の前（記録表の値）と同じであること。 【DB確認】 対象テーブル＝MCM_TK_KEIYAKU、MCM_TK_KIKAN、MCM_TK_KIKIKOSEI、MCM_TK_KIKIMEISAI、MCM_TK_TANKA、確認理由＝備考だけが更新され、ほかの業務データと、比較用の契約が変わらないことを確認するため。期待値＝次のとおり。 ・一覧で選んだ行の取引先契約IDと、1005Uで開いた契約の取引先契約IDが一致すること。 ・契約AのMCM_TK_KEIYAKU.BIKOだけが「INT03保存後」に変わっていること。ほかの業務の値、機器・数量・価格は、処理前のままであること。 ・登録で更新される更新日時・更新者は、今回の処理の時刻の範囲と実施者であることを確認する（すべての監査値が変わらないとは期待しない）。 ・契約Bの備考、機器、単価、支払、添付の件数と値が、処理前のままであること。 | G12: 1. 表示タイミング＝実施者Aが「登録」を押下した時 表示形式＝確認ダイアログ（OK/キャンセル） メッセージID＝MSG_0007G 表示文言＝「登録を実施します。よろしいですか？」 作業者の操作＝「OK」を押下する 2. 表示タイミング＝登録の完了時 表示形式＝－（完了メッセージは表示されない。登録後は、最新の内容で画面が再表示される） メッセージID＝－ 表示文言＝－ 作業者の操作＝特になし | O12: =IF(L12<>"",L12,IF(H12<>"",H12,"未実施")) -> 未実施 | P12: 【確認根拠】 ・VB版（Mcm1005uScreen）：「契約NO」リンクからの遷移は更新用の表示（遷移元区分＝契約NOリンク）。既存の契約の登録では、MSG_0007Gの確認のみ。完了メッセージ（MSG_0008G）の呼び出しはコメントアウトされており、登録後は再検索して画面を更新する。 ・開始月の支払にチェックがない期間があると、登録時にMSG_0105G「期間の開始月に支払チェックがされてません。処理を続行してもよろしいですか？」が表示される。 ・Web版は、登録後に「登録が完了しました。」を表示する見込み。表示された場合は、VB版との差異として記録する。 関連単体：1009-14 単体の表示・単独操作ではなく、期待結果の連携部分を追加判定。 根拠：R1009 / R1005 元Excel行：12。実施区分：通常操作＋DB読取。元フロー：1009U→1005U。
A13: INT03-04 | B13: 正常系 | C13: MCM1009U(パック契約・解約)：パックの契約を破棄すると、契約の状態が「破棄」になり、元の見積の状態が「見積」に戻ること | D13: 【確認すること】 パック契約・解約の一覧で契約Aの「破棄」を押すと、契約Aが「破棄」の状態になること。契約Aのもとになった見積が「見積」の状態に戻ること。比較用の契約Bは破棄されず、変わらないこと。契約Aの期間・機器・単価・支払・添付は、削除も移動もされないこと。 【準備担当者・DB担当者が事前に行うこと】 ・パックの契約Aと、比較用の契約Bを用意する。専用の試験データを使う ・契約Aの状態は「契約」、承認状態は「作成中」または「差戻中」。最新の期間は、現在の期間、または未来の期間にする ・DB担当者が、元見積（MCM_TM_MITSUMORI）のPACK_FLG＝1であることを確認する ・契約Aは、過去の月の支払がないことをDB担当者が確認する。契約Aのすべての期間の支払明細（月チェックがOFFの明細も含む）について、月（TSUKI）がない、または今月以降だけであること。過去の月の支払明細が残る契約は、このケースに使わず、履歴のない別の試験契約を用意する（支払の月チェックを外しても、既存の過去の明細は消えない） ・3007U(契約・解約)の確認をする場合は、DB担当者が、対象の取引先の個体と店舗側の個体の関連、対応する店舗見積NO、納入先・プラントの検索行を準備する。通常の画面操作で関連を用意できない場合は管理者に依頼し、3007Uの確認だけを準備待ちにする（ほかの操作とDB確認は、前提がそろえば実施する） ・試験データ記録表に、契約Aの契約NO、依頼NO、時間、取引先名、サポートID、プラント名、契約Bの契約NOを記入する ・DB担当者が、破棄の前の値を読取で控える：契約Aと契約Bの契約の状態（JOTAI）、それぞれの元の見積の状態（MCM_TM_KEIYAKUJIKAN.JOTAI）、契約ID、見積契約時間ID、期間・機器・単価・支払・添付の件数と値、更新日時、更新者 【実施者が使うもの】 ・実施者A（独立したログイン）。取引先契約内容(MCM1005U)の作成権限があること（権限がないと、一覧に「破棄」が表示されない） ・試験データ記録表 | E13: 【操作】 1. [A] メニューの「契約・解約」グループにある「パック契約・解約」を押下する。MCM1009Uが開く。 2. [A] 「サポートID」に、契約AのサポートIDを入力する。他の入力欄は空欄にする。「状態」の欄は、初期値で「見積」と「契約」にチェックが入っているので、「見積」のチェックを外し、「契約」だけにチェックを入れる。「検索」を押下する。 3. [A] 一覧の「依頼NO」「時間」「契約NO」「取引先名」「サポートID」「プラント名」が、記録表の契約Aの値と一致する行を探す。同じ「依頼NO」でも「時間」が違う行は選ばない。 4. [A] その行の右端にある2つの「契約」列のうち、右側の列の「破棄」を押下する（左側の「契約」は押下しない）。確認ダイアログ「契約を破棄します。よろしいですか？」が表示されたら、「OK」を押下する。表示された完了またはエラーの文言があれば、全文を記録する。 5. [A] 同じ画面で、「状態」の欄の「契約」のチェックを外し、「破棄」だけにチェックを入れて、「検索」を押下する（「サポートID」は契約Aのまま）。 6. [A] 一覧の「依頼NO」「時間」「契約NO」「取引先名」「サポートID」「プラント名」が、記録表の契約Aの値と一致する行を探す。その行の「状態」と「契約NO」を記録する。 7. [A] 右上の「閉じる」を押下してメニューへ戻る。メニューの「見積関連」グループにある「取引先見積・契約検索」を押下する。MCM1003Uが開く。「見積依頼NO」に契約Aの依頼NOを入力する。他の入力欄は空欄にする。「状態」の欄は、「見積」「契約」「解約」「破棄」のすべてにチェックを入れて、「検索」を押下する。「依頼NO」「時間」「契約NO」が契約Aと一致する行を探し、その行の「状態」を記録する。 8. [A] メニューの「契約・解約」グループにある「契約・解約」を押下する。MCM3007Uが開く。「サポートID」に記録表の値を入力し、他の入力欄は空欄にする。「店舗状態」と「取引先状態」は、「見積」「契約」「解約」「破棄」のすべてにチェックを入れて、「検索」を押下する。上段の「≪ 納入先情報 ≫」で対象のサポートID・プラントの行を選び、中央の「≪ 店舗 ≫」で準備した店舗見積NOの行を選ぶ。下段の「≪ 取引先 ≫」で、契約Aの依頼NO・時間の行があることを確認し、その行の表示を記録する。下段が空の場合は、前提の個体の関連をDB担当者に確認する（今回の契約が存在しないと決めつけない）。 9. DB担当者が、破棄の後の値を読取で比べる。契約Bと、期間・機器・単価・支払・添付の所属・件数・値・更新日時・更新者も確認する。証拠の名前（画面キャプチャのファイル名など）を試験データ記録表に記録する。 【入力値】 ・サポートID＝契約AのサポートID（手順2、手順5） ・状態（検索条件）＝手順2は「契約」だけ、手順5は「破棄」だけ、手順7は4つすべてにチェック ・見積依頼NO＝契約Aの依頼NO（手順7） | F13: 【画面確認】 1. 手順4の「破棄」を押下して「OK」にしたあと、完了メッセージは表示されず、一覧が再表示されること。 2. 手順6で、「状態」を「破棄」だけにして検索した一覧に、契約Aの行（同じ依頼NO、時間、契約NO）が、状態「破棄」で表示されること。 3. 手順7で、MCM1003Uの検索結果に、契約Aの行が表示され、その「状態」が「破棄」であること。 4. 契約Bが破棄されていないこと（「契約」の状態のまま）。 5. 手順8で、3007Uの下段「≪ 取引先 ≫」に、契約Aの依頼NO・時間の行が表示されること（その行の状態の文字は問わない）。 【DB確認】 対象テーブル＝MCM_TK_KEIYAKU、MCM_TM_KEIYAKUJIKAN、MCM_TK_KIKAN、MCM_TK_KIKIKOSEI、MCM_TK_KIKIMEISAI、MCM_TK_TANKA、MCM_TK_SIHARAI、MCM_TK_TENPU、確認理由＝契約と元の見積の状態が同時に更新され、そのほかのデータは変わらないことを確認するため。期待値＝次のとおり。 ・契約Aの MCM_TK_KEIYAKU.JOTAI＝3（破棄）、元の見積の MCM_TM_KEIYAKUJIKAN.JOTAI＝1（見積）が、同じ処理で更新されていること。 ・両方のLASTUPDATE_BYが実施者で、LASTUPDATE_DTが今回の処理の時刻の範囲にあること。 ・契約Aの旧期間・機器・単価・支払・添付が、移動・物理削除されていないこと（件数と値が、破棄の前と同じ）。 ・契約Bと、契約Bの元の見積が、処理前の値のままであること。 ・3007Uの下段で、破棄後の元の見積が「見積」に戻った表示になる場合があるため、親契約の状態は、画面の文字ではなく、この確認で判定する。 | G13: 1. 表示タイミング＝実施者Aが「破棄」を押下した時 表示形式＝確認ダイアログ（OK/キャンセル） メッセージID＝MSG_0066G 表示文言＝「契約を破棄します。よろしいですか？」 作業者の操作＝「OK」を押下する 2. 表示タイミング＝破棄の完了時 表示形式＝－（完了メッセージは表示されない。一覧が同じ検索条件で再表示される） メッセージID＝－ 表示文言＝－ 作業者の操作＝特になし | O13: =IF(L13<>"",L13,IF(H13<>"",H13,"未実施")) -> 未実施 | P13: 【確認根拠】 ・VB版（Mcm1009uScreen、契約破棄の処理）：MSG_0066Gの確認の後、支払の最も古い年月が現在の年月より前ならMSG_0026Eで中止。問題なければ契約の状態を破棄、元の見積の状態を見積に更新し、完了メッセージは出さずに再検索する。 ・Web版の1009Uは、破棄後に「契約を破棄しました。」を表示する実装。表示された場合は、VB版との差異として記録する（Web版の1010Uは、VB版に合わせて表示しない）。 【要確認】 ・3007Uの見出し・検索条件の表記と、下段の状態の表示は、実画面で確認する。 関連単体：1009-19 単体の表示・単独操作ではなく、期待結果の連携部分を追加判定。 根拠：R1009 / R3007 元Excel行：13。実施区分：通常操作＋DB読取。元フロー：1009U→3007U/1003U。
A14: INT03-05 | B14: 異常系 | C14: MCM1009U(パック契約・解約)：過去の月の支払がある契約は、破棄を拒否され、契約と元の見積が変わらないこと | D14: 【確認すること】 パック契約・解約の一覧で、過去の月の支払明細がある契約Aの「破棄」を押すと、「取引先への支払が発生している為、破棄する事が出来ません。」が表示されて、破棄されないこと。契約Aは「契約」の状態のままで、元の見積も変わらず、契約Aの期間・機器・添付が残ること。支払い明細出力指示で出力した帳票の内容が、破棄を試みる前後で同じであること。 【準備担当者・DB担当者が事前に行うこと】 ・パックの契約Aを用意する。専用の試験データを使う。契約Aの状態は「契約」、承認状態は「作成中」または「差戻中」。最新の期間は、現在の期間、または未来の期間にする ・DB担当者が、元見積（MCM_TM_MITSUMORI）のPACK_FLG＝1であることを確認する ・契約Aに、過去の月の支払明細があることをDB担当者が確認する。実施年月Mより前の月（例：Mが2026/10なら、2026/09以前）の明細が、契約Aのいずれかの期間にあること。破棄の判定は、支払明細の月で行う（月チェックがOFFの明細も含む）。実際の送金の実績とは区別する。判定が読む明細の内容を、試験データ記録表に記録する ・支払い明細出力指示(3002U)の確認をする場合は、DB担当者が、帳票の抽出の条件を確認する。月チェックのON/OFF、確認済みの製番、ユーザー契約、対象期間などの条件が整っていて、過去の月の契約Aの行が帳票に出ること。帳票に出る期待の支払額も準備する。抽出の条件が確定していない場合は、3002Uの出力は保留にして、破棄の拒否だけを確認する ・3007U(契約・解約)の確認をする場合は、DB担当者が、対象の取引先の個体と店舗側の個体の関連、対応する店舗見積NO、納入先・プラントの検索行を準備する。通常の画面操作で関連を用意できない場合は管理者に依頼し、3007Uの確認だけを準備待ちにする（ほかの操作とDB確認は、前提がそろえば実施する） ・試験データ記録表に、契約Aの契約NO、依頼NO、時間、取引先名、サポートID、プラント名、各期間の開始日、機器（品名・型式・数量）、過去の月の年月（yyyy/MM）、帳票の期待値（契約NO、取引先、対象月、仕切額）、支払回数の区分（年払い／月払い）を記入する ・DB担当者が、破棄を試みる前の値を読取で控える：契約Aの契約の状態（JOTAI）、元の見積の状態（MCM_TM_KEIYAKUJIKAN.JOTAI）、契約ID、見積契約時間ID、期間・支払明細・機器・単価・添付の件数と値、更新日時、更新者 【実施者が使うもの】 ・実施者A（独立したログイン）。取引先契約内容(MCM1005U)の作成権限があること（権限がないと、一覧に「破棄」が表示されない） ・試験データ記録表 | E14: 【操作】 1. （3002Uの抽出の条件が確認できた場合だけ行う。確認できていない場合は、この手順と手順9を保留と記録して、手順2へ進む）[A] メニューの「支払い関連」グループにある「支払い明細出力指示」を押下する。MCM3002Uが開く。「支払い月」に、記録表の過去の年月（yyyy/MM）を入力する。「年払い」または「月払い」のどちらかを、記録表の区分に合わせて選ぶ。「出力」を押下する。ダウンロードされたZIPファイルを展開し、「支払い明細」と「発注確認書」のファイルを開く。契約NO、取引先、対象月、仕切額が、記録表の期待値と一致することを確認する。 2. [A] メニューの「契約・解約」グループにある「パック契約・解約」を押下する。MCM1009Uが開く。 3. [A] 「サポートID」に、契約AのサポートIDを入力する。他の入力欄は空欄にする。「状態」の欄は、初期値で「見積」と「契約」にチェックが入っているので、「見積」のチェックを外し、「契約」だけにチェックを入れる。「検索」を押下する。 4. [A] 一覧の「依頼NO」「時間」「契約NO」「取引先名」「サポートID」「プラント名」が、記録表の契約Aの値と一致する行を探す。同じ「依頼NO」でも「時間」が違う行は選ばない。 5. [A] その行の右端にある2つの「契約」列のうち、右側の列の「破棄」を押下する（左側の「契約」は押下しない）。確認ダイアログ「契約を破棄します。よろしいですか？」が表示されたら、「OK」を押下する。表示されたエラーまたは完了の文言を、全文記録する。 6. [A] エラーの通知を閉じる。「サポートID」を契約AのサポートIDのまま、「状態」の欄は「契約」だけにチェックを入れて、もう一度「検索」を押下する。契約Aの行が表示されることを確認し、その行の「契約NO」リンクを押下する。取引先契約内容(MCM1005U)が開く。期間のタブを、記録表の開始日で選び、「期間」、機器情報の「品名」「型式」「数量」、「≪添付資料≫」のファイル名を記録する。 7. [A] 右上の「閉じる」を押下してメニューへ戻る。メニューの「見積関連」グループにある「取引先見積・契約検索」を押下する。MCM1003Uが開く。「見積依頼NO」に契約Aの依頼NOを入力する。他の入力欄は空欄にする。「状態」の欄は、「見積」「契約」「解約」「破棄」のすべてにチェックを入れて、「検索」を押下する。「依頼NO」「時間」「契約NO」が契約Aと一致する行を探し、その行の「状態」を記録する。 8. [A] メニューの「契約・解約」グループにある「契約・解約」を押下する。MCM3007Uが開く。「サポートID」に記録表の値を入力し、他の入力欄は空欄にする。「店舗状態」と「取引先状態」は、「見積」「契約」「解約」「破棄」のすべてにチェックを入れて、「検索」を押下する。上段の「≪ 納入先情報 ≫」で対象のサポートID・プラントの行を選び、中央の「≪ 店舗 ≫」で準備した店舗見積NOの行を選ぶ。下段の「≪ 取引先 ≫」で、契約Aの依頼NO・時間の行があることを確認し、その行の表示を記録する。下段が空の場合は、前提の個体の関連をDB担当者に確認する（今回の契約が存在しないと決めつけない）。 9. （手順1を行った場合だけ行う）[A] 画面の「閉じる」を押下して、メニューへ戻る。メニューの「支払い関連」グループにある「支払い明細出力指示」を開き、手順1と同じ「支払い月」と同じ「年払い」または「月払い」の選択で、「出力」を押下する。ダウンロードされたZIPファイルの「支払い明細」と「発注確認書」の、契約Aの行の契約NO、対象月、仕切額を、手順1の出力と比べる。 10. DB担当者が、破棄を試みた後の値を読取で比べる。別の契約の比較行と、期間・支払明細・機器・単価・添付の所属・件数・値・更新日時・更新者も確認する。証拠の名前（画面キャプチャのファイル名など）を試験データ記録表に記録する。 【入力値】 ・サポートID＝契約AのサポートID（手順3、手順6） ・状態（検索条件）＝「契約」だけ（手順3、手順6）、4つすべて（手順7） ・見積依頼NO＝契約Aの依頼NO（手順7） ・支払い月＝記録表の過去の年月（yyyy/MM）、支払回数の区分＝記録表の「年払い」または「月払い」（手順1、手順9） | F14: 【画面確認】 1. 手順5の「破棄」を押下して「OK」にしたあと、「取引先への支払が発生している為、破棄する事が出来ません。」が表示されること。破棄の完了を示す表示が出ないこと。 2. 手順6で、「契約」だけの検索結果に、契約Aの行が表示されること。契約Aの期間・機器・添付が、破棄を試みる前と同じように残っていること。 3. 手順7で、MCM1003Uの契約Aの行の「状態」が、「契約」のままであること（「破棄」になっていない、「見積」に戻っていない）。 4. 手順8で、3007Uの下段「≪ 取引先 ≫」に、契約Aの依頼NO・時間の行が表示されること。 5. （帳票を確認した場合）手順9の「支払い明細」「発注確認書」の、契約Aの契約NO・対象月・仕切額が、手順1の出力と同じであること。 【DB確認】 対象テーブル＝MCM_TK_KEIYAKU、MCM_TM_KEIYAKUJIKAN、MCM_TK_KIKAN、MCM_TK_SIHARAI、MCM_TK_KIKIKOSEI、MCM_TK_KIKIMEISAI、MCM_TK_TANKA、MCM_TK_TENPU、確認理由＝過去の月の支払がある契約は、破棄されず、契約と元の見積が両方とも変わらないことを確認するため。期待値＝次のとおり。 ・契約Aの MCM_TK_KEIYAKU.JOTAI と、元の見積の MCM_TM_KEIYAKUJIKAN.JOTAI が、破棄を試みる前の値のままであること。片方だけが「破棄」になったり、「見積」に戻ったりしていないこと。 ・契約Aの期間・支払明細・機器・単価・添付の件数と値、更新日時、更新者が、破棄を試みる前と同じであること。 ・（帳票の出力が0件でファイルが出ない場合）抽出の条件を確認する。破棄の拒否の不具合とは、すぐに判断しない。 | G14: 1. 表示タイミング＝実施者Aが「破棄」を押下した時 表示形式＝確認ダイアログ（OK/キャンセル） メッセージID＝MSG_0066G 表示文言＝「契約を破棄します。よろしいですか？」 作業者の操作＝「OK」を押下する 2. 表示タイミング＝確認ダイアログで「OK」を押下した後 表示形式＝エラー通知 メッセージID＝MSG_0026E 表示文言＝「取引先への支払が発生している為、破棄する事が出来ません。」 作業者の操作＝通知を確認して閉じる | O14: =IF(L14<>"",L14,IF(H14<>"",H14,"未実施")) -> 未実施 | P14: 【確認根拠】 ・VB版（Mcm1009uScreen、契約破棄の処理）：MSG_0066Gの確認の後、契約の支払の最も古い年月が現在の年月より前なら、MSG_0026Eを表示して中止する（契約、元の見積は更新しない。再検索もしない）。 ・Web版の1009Uは、拒否の後に一覧を再検索して表示する実装。再検索で一覧が再表示されても、結果に影響しない。 【要確認】 ・3007Uの見出し・検索条件の表記と、下段の状態の表示は、実画面で確認する。 関連単体：1009-18 単体の表示・単独操作ではなく、期待結果の連携部分を追加判定。 根拠：R1009 / R3002 / R3007 元Excel行：14。実施区分：通常操作＋DB読取。元フロー：1009U→3002U/3007U。
A15: INT03-06 | B15: 正常系 | C15: MCM1009U(パック契約・解約)：支払の月が当月だけの契約と、未来の月だけの契約は、どちらも破棄でき、契約と元の見積の状態が整合すること | D15: 【確認すること】 パック契約・解約の一覧で、支払の月が当月だけの契約Aと、未来の月だけの契約Bを、それぞれ「破棄」できること。「今月より前の支払がある契約は破棄できない」という決まりが、当月と未来の月には当てはまらないこと。破棄した契約だけが「破棄」の状態になり、元の見積が「見積」に戻り、ほかの試験契約が変わらないこと。 【準備担当者・DB担当者が事前に行うこと】 ・パックの契約Aと契約Bを、別の契約として用意する。専用の試験データを使い、履歴のない新しい契約として作る - 実施日と、実施年月M（実施日の年月）を記録する。例：実施日が2026/10/14なら、M＝2026/10 - 契約A（当月分）：すべての支払明細の月が、Mだけである。例：M＝2026/10なら、2026/10だけ - 契約B（未来月分）：すべての支払明細の月が、M+1以後だけである。例：2026/11だけ - 契約の期間の例：契約AはMの1日から1年後の前日まで、契約BはM+1の1日から1年後の前日まで。支払の設定は、回数1、開始月だけON - 見積の単価の適用期間が、それぞれの契約期間をすべて覆っていること - 過去の月の支払明細が、別の期間などに残っていないこと。DB担当者が、全期間の支払明細（月チェックがOFFの明細も含む）の月を読んで、契約AはMだけ、契約Bは未来の月だけであることを確認してから、実施する（月のチェックをOFFにしただけで、過去の明細が消えたことにしない） ・どちらの契約も、状態は「契約」、承認状態は「作成中」または「差戻中」。最新の期間は、現在の期間、または未来の期間 ・DB担当者が、元見積（MCM_TM_MITSUMORI）のPACK_FLG＝1であることを確認する ・3007U(契約・解約)の確認をする場合は、DB担当者が、対象の取引先の個体と店舗側の個体の関連、対応する店舗見積NO、納入先・プラントの検索行を準備する。通常の画面操作で関連を用意できない場合は管理者に依頼し、3007Uの確認だけを準備待ちにする（ほかの操作とDB確認は、前提がそろえば実施する） ・試験データ記録表に、実施日、実施年月M、契約A・契約Bそれぞれの契約NO、依頼NO、時間、取引先名、サポートID、プラント名を記入する ・DB担当者が、破棄の前の値を読取で控える：契約A・契約Bの契約の状態（JOTAI）、それぞれの元の見積の状態（MCM_TM_KEIYAKUJIKAN.JOTAI）、契約ID、見積契約時間ID、期間・機器・単価・支払・添付の件数と値、更新日時、更新者 【実施者が使うもの】 ・実施者A（独立したログイン）。取引先契約内容(MCM1005U)の作成権限があること（権限がないと、一覧に「破棄」が表示されない） ・試験データ記録表 | E15: 【操作】 1. [A] メニューの「契約・解約」グループにある「パック契約・解約」を押下する。MCM1009Uが開く。 2. [A] 「サポートID」に、契約AのサポートIDを入力する。他の入力欄は空欄にする。「状態」の欄は、初期値で「見積」と「契約」にチェックが入っているので、「見積」のチェックを外し、「契約」だけにチェックを入れる。「検索」を押下する。 3. [A] 一覧の「依頼NO」「時間」「契約NO」「取引先名」「サポートID」「プラント名」が、記録表の契約Aの値と一致する行を探す。同じ「依頼NO」でも「時間」が違う行は選ばない。 4. [A] その行の右端にある2つの「契約」列のうち、右側の列の「破棄」を押下する（左側の「契約」は押下しない）。確認ダイアログ「契約を破棄します。よろしいですか？」が表示されたら、「OK」を押下する。表示された完了またはエラーの文言があれば、全文を記録する。 5. [A] 同じ画面で、「状態」の欄の「契約」のチェックを外し、「破棄」だけにチェックを入れて、「検索」を押下する。一覧に、契約Aの行（同じ契約NO）が表示されることを確認し、その行の「状態」を記録する。 6. DB担当者が、契約Aの破棄の後の値を読取で比べる。契約Bが、処理前の値のままであることも確認する。 7. [A] 同じ画面で、「サポートID」に契約BのサポートIDを入力し、「状態」の欄は「破棄」のチェックを外して「契約」だけにチェックを入れて、「検索」を押下する。記録表の契約Bの行（同じ「依頼NO」「時間」「契約NO」）を探す。 8. [A] その行の右側の列の「破棄」を押下する。確認ダイアログ「契約を破棄します。よろしいですか？」が表示されたら、「OK」を押下する。表示された完了またはエラーの文言があれば、全文を記録する。 9. [A] 同じ画面で、「状態」の欄の「契約」のチェックを外し、「破棄」だけにチェックを入れて、「検索」を押下する。一覧に、契約Bの行が表示されることを確認し、その行の「状態」を記録する。 10. [A] メニューの「契約・解約」グループにある「契約・解約」を押下する。MCM3007Uが開く。「サポートID」に契約AのサポートIDを入力し、他の入力欄は空欄にする。「店舗状態」と「取引先状態」は、「見積」「契約」「解約」「破棄」のすべてにチェックを入れて、「検索」を押下する。上段の「≪ 納入先情報 ≫」で対象のサポートID・プラントの行を選び、中央の「≪ 店舗 ≫」で準備した店舗見積NOの行を選ぶ。下段の「≪ 取引先 ≫」で、契約Aの依頼NO・時間の行があることを確認し、その行の表示を記録する。続けて、契約Bについても、同じ操作で確認する。下段が空の場合は、前提の個体の関連をDB担当者に確認する（今回の契約が存在しないと決めつけない）。 11. DB担当者が、契約A・契約Bの破棄の後の値を読取で比べる。契約A・契約B以外の試験契約と、期間・機器・単価・支払・添付の所属・件数・値・更新日時・更新者も確認する。証拠の名前（画面キャプチャのファイル名など）を試験データ記録表に記録する。 【入力値】 ・サポートID＝契約A（手順2、手順5）、契約B（手順7、手順9）のサポートID ・状態（検索条件）＝「契約」だけ（手順2、手順7）、「破棄」だけ（手順5、手順9） | F15: 【画面確認】 1. 契約A（当月分）の「破棄」で、「今月より前の支払がある」という拒否のメッセージが表示されず、破棄できること。破棄のあと、完了メッセージは表示されず、一覧が再表示されること。 2. 契約B（未来月分）の「破棄」でも、同じように、拒否のメッセージが表示されず、破棄できること。 3. 手順5で、「破棄」だけの検索結果に契約Aが、手順9で、契約Bが、それぞれ状態「破棄」で表示されること。手順5の時点では、契約Bがまだ「契約」の状態のままであること。 4. 手順10で、3007Uの下段「≪ 取引先 ≫」に、契約A・契約Bの依頼NO・時間の行が表示されること（その行の状態の文字は問わない）。 【DB確認】 対象テーブル＝MCM_TK_KEIYAKU、MCM_TM_KEIYAKUJIKAN、MCM_TK_KIKAN、MCM_TK_KIKIKOSEI、MCM_TK_KIKIMEISAI、MCM_TK_TANKA、MCM_TK_SIHARAI、MCM_TK_TENPU、確認理由＝当月・未来月だけの支払の契約が、拒否されずに破棄され、契約と元の見積の状態が整合することを確認するため。期待値＝次のとおり。 ・契約A・契約Bのそれぞれで、MCM_TK_KEIYAKU.JOTAI＝3（破棄）、元の見積の MCM_TM_KEIYAKUJIKAN.JOTAI＝1（見積）に更新されていること。 ・それぞれの更新日時（LASTUPDATE_DT）が、対応する操作の時刻の範囲にあり、更新者（LASTUPDATE_BY）が実施者であること。 ・どちらの契約も、支払の親子・期間・機器・単価・添付の行が、移動・物理削除されていないこと（件数と値が、破棄の前と同じ）。 ・契約A・契約B以外の試験契約が、処理前の値のままであること。 ・3007Uの下段で、破棄後の元の見積が「見積」に戻った表示になる場合があるため、親契約の状態は、画面の文字ではなく、この確認で判定する。 | G15: 1. 表示タイミング＝実施者Aが契約A、続けて契約Bの「破棄」を押下した時（それぞれ1回ずつ） 表示形式＝確認ダイアログ（OK/キャンセル） メッセージID＝MSG_0066G 表示文言＝「契約を破棄します。よろしいですか？」 作業者の操作＝「OK」を押下する 2. 表示タイミング＝それぞれの破棄の完了時 表示形式＝－（完了メッセージは表示されない。一覧が同じ検索条件で再表示される） メッセージID＝－ 表示文言＝－ 作業者の操作＝特になし （MSG_0026E「取引先への支払が発生している為、破棄する事が出来ません。」は、表示されないことを確認する） | O15: =IF(L15<>"",L15,IF(H15<>"",H15,"未実施")) -> 未実施 | P15: 【確認根拠】 ・VB版（Mcm1009uScreen、契約破棄の処理）：契約の支払の最も古い年月が、現在の年月より前の場合だけ、MSG_0026Eで中止する。同じ年月、または未来の年月は、破棄できる。破棄後は完了メッセージを出さずに再検索する。 ・Web版の1009Uは、破棄後に「契約を破棄しました。」を表示する実装。表示された場合は、VB版との差異として記録する。 【要確認】 ・3007Uの見出し・検索条件の表記と、下段の状態の表示は、実画面で確認する。 関連単体：1009-18 単体の表示・単独操作ではなく、期待結果の連携部分を追加判定。 根拠：R1009 / R3007 元Excel行：15。実施区分：通常操作＋DB読取。元フロー：1009U→3007U。
A16: INT03-07 | B16: 正常系 | C16: MCM1009U(パック契約・解約)：一覧を並べ替えたあとも、選んだ契約が詳細の表示と破棄の対象になり、ほかの契約が更新されないこと | D16: 【確認すること】 パック契約・解約の一覧を「契約NO」の見出しで並べ替えたあと、対象の契約Tの「契約NO」リンクを押すと契約Tが開き、契約Tの「破棄」を押すと契約Tだけが破棄されること。並べ替える前に同じ位置にいたほかの契約（LとR）が、更新されないこと。 【準備担当者・DB担当者が事前に行うこと】 ・同じサポートIDに、パックの契約を3件用意する：対象の契約T、比較用の契約LとR。専用の試験データを使う ・3件とも、状態は「契約」、承認状態は「作成中」または「差戻中」。最新の期間は、現在の期間、または未来の期間にする ・3件とも、過去の月の支払がないことをDB担当者が確認する。3件のすべての期間の支払明細（月チェックがOFFの明細も含む）について、月（TSUKI）がない、または今月以降だけであること。過去の月の支払明細が残る契約は、このケースに使わない（支払の月チェックを外しても、既存の過去の明細は消えない） ・DB担当者が、元見積（MCM_TM_MITSUMORI）のPACK_FLG＝1であることを確認する ・契約NOは、並べ替えで識別できる別々の値にする。一覧の初期の並び順と、「契約NO」で並べ替えたあとの順で、契約Tの位置が違うようにする。例：初期の順がT→L→R、「契約NO」の昇順がL→T→R ・3007U(契約・解約)の確認をする場合は、DB担当者が、対象の取引先の個体と店舗側の個体の関連、対応する店舗見積NO、納入先・プラントの検索行を準備する。通常の画面操作で関連を用意できない場合は管理者に依頼し、3007Uの確認だけを準備待ちにする（ほかの操作とDB確認は、前提がそろえば実施する） ・試験データ記録表に、3件それぞれの契約NO、依頼NO、時間、取引先名、納入先名、サポートID、プラント名と、契約Tの各期間の開始日、機器（品名・型式・数量）、添付のファイル名を記入する。一覧の初期の並び順（上から何番目か）も記入する ・DB担当者が、破棄の前の値を読取で控える：3件の契約の状態（JOTAI）、それぞれの元の見積の状態（MCM_TM_KEIYAKUJIKAN.JOTAI）、契約ID、見積契約時間ID、期間・支払・機器・単価・添付の件数と値、更新日時、更新者 【実施者が使うもの】 ・実施者A（独立したログイン）。取引先契約内容(MCM1005U)の作成権限があること（権限がないと、一覧に「破棄」が表示されない） ・試験データ記録表 | E16: 【操作】 1. [A] メニューの「契約・解約」グループにある「パック契約・解約」を押下する。MCM1009Uが開く。 2. [A] 「サポートID」に、3件に共通のサポートIDを入力する。他の入力欄は空欄にする。「状態」の欄は、初期値で「見積」と「契約」にチェックが入っているので、「見積」のチェックを外し、「契約」だけにチェックを入れる。「検索」を押下する。 3. [A] 一覧に、契約T・L・Rの3件が表示されることを確認する。3件の「契約NO」と、一覧の上から何番目に表示されているか（特に契約Tの位置）を記録する。 4. [A] 一覧の列見出し「契約NO」を押下して、昇順と降順を切り替える。並べ替えたあとの3件の順と、契約Tの位置を記録する。契約Tの位置が、手順3の位置から変わったことを確認してから、次へ進む。並べ替えができない場合は、機能の差として記録し、並べ替えのあとの誤った対象を確認する手順（手順5〜8）は未実施にする。並べ替えはできるが、契約Tの位置が変わらない場合は、データの準備待ちとして保留し、契約Tの位置が変わる試験データに作り直す。 5. [A] 契約Tの行を、位置ではなく、「依頼NO」「時間」「契約NO」「取引先名」「サポートID」「プラント名」の値で特定する（記録表の契約Tの値と一致する行）。その行の「契約NO」リンクを押下する。取引先契約内容(MCM1005U)が開く。 6. [A] 画面上部の「契約NO」「取引先」「納入先」が、記録表の契約Tの値と一致することを確認する。期間のタブを、記録表の開始日で選び、「期間」、機器情報の「品名」「型式」「数量」、「≪添付資料≫」のファイル名が、記録表と一致することを確認する。 7. [A] 右上の「閉じる」を押下する。戻った画面を記録する。元のMCM1009Uが検索条件のない初期の画面や、並べ替えの前の順になっていた場合は、手順2と同じ検索をやり直し、手順4と同じように「契約NO」の見出しで並べ替えて、契約Tの位置が、手順3の位置から変わっていることを記録する。 8. [A] 契約Tの行を、「依頼NO」「時間」「契約NO」で再確認する（位置では特定しない）。その行の右端にある2つの「契約」列のうち、右側の列の「破棄」を押下する（左側の「契約」は押下しない）。確認ダイアログ「契約を破棄します。よろしいですか？」が表示されたら、「OK」を押下する。表示された完了またはエラーの文言があれば、全文を記録する。 9. [A] 同じ画面で、「状態」の欄は「契約」と「破棄」の2つにチェックを入れて、「検索」を押下する。契約T・L・Rの3件を、契約NOで特定して、それぞれの「状態」を記録する。 10. DB担当者が、契約Tだけが破棄されていて、契約LとRが「契約」のままであることを確認する。 11. [A] メニューの「契約・解約」グループにある「契約・解約」を押下する。MCM3007Uが開く。「サポートID」に記録表の値を入力し、他の入力欄は空欄にする。「店舗状態」と「取引先状態」は、「見積」「契約」「解約」「破棄」のすべてにチェックを入れて、「検索」を押下する。上段の「≪ 納入先情報 ≫」で対象のサポートID・プラントの行を選び、中央の「≪ 店舗 ≫」で準備した店舗見積NOの行を選ぶ。下段の「≪ 取引先 ≫」で、契約Tの依頼NO・時間の行があることを確認し、その行の表示を記録する。下段が空の場合は、前提の個体の関連をDB担当者に確認する（今回の契約が存在しないと決めつけない）。 12. DB担当者が、破棄の後の値を読取で比べる。契約LとRと、期間・支払・機器・単価・添付の所属・件数・値・更新日時・更新者も確認する。証拠の名前（画面キャプチャのファイル名など）を試験データ記録表に記録する。 【入力値】 ・サポートID＝3件に共通のサポートID（手順2） ・状態（検索条件）＝手順2は「契約」だけ、手順9は「契約」と「破棄」の2つ ・並べ替え＝列見出し「契約NO」を押下する（手順4、手順7） | F16: 【画面確認】 1. 手順4で、列見出し「契約NO」を押下すると、一覧の並び順が変わり、契約Tの位置が手順3の位置から変わること。 2. 手順5で開いた契約が、契約Tであること（上部の「契約NO」「取引先」「納入先」が記録表と一致、期間・機器・添付も契約Tのもの）。並べ替える前に同じ位置にいた契約LまたはRではないこと。 3. 手順8で、「破棄」を押下して「OK」にしたあと、完了メッセージは表示されず、一覧が再表示されること。 4. 手順9で、「契約」と「破棄」を検索条件にした結果で、契約Tの状態が「破棄」、契約LとRの状態が「契約」であること。 5. 手順11で、3007Uの下段「≪ 取引先 ≫」に、契約Tの依頼NO・時間の行が表示されること（その行の状態の文字は問わない）。 【DB確認】 対象テーブル＝MCM_TK_KEIYAKU、MCM_TM_KEIYAKUJIKAN、MCM_TK_KIKAN、MCM_TK_SIHARAI、MCM_TK_KIKIKOSEI、MCM_TK_KIKIMEISAI、MCM_TK_TANKA、MCM_TK_TENPU、確認理由＝並べ替えのあとも、選んだ行の契約だけが破棄され、ほかの契約が更新されないことを確認するため。期待値＝次のとおり。 ・契約Tの MCM_TK_KEIYAKU.JOTAI＝3（破棄）、元の見積の MCM_TM_KEIYAKUJIKAN.JOTAI＝1（見積）に更新されていること。 ・契約LとRの契約、元の見積、関連する明細、更新日時、更新者が、処理前の値のままであること。 ・一覧の詳細の表示（手順5）と破棄（手順8）が、同じ契約Tの契約IDを対象にしていること。 ・3007Uの下段で、破棄後の元の見積が「見積」に戻った表示になる場合があるため、親契約の状態は、画面の文字ではなく、この確認で判定する。 | G16: 1. 表示タイミング＝実施者Aが契約Tの「破棄」を押下した時 表示形式＝確認ダイアログ（OK/キャンセル） メッセージID＝MSG_0066G 表示文言＝「契約を破棄します。よろしいですか？」 作業者の操作＝「OK」を押下する 2. 表示タイミング＝破棄の完了時 表示形式＝－（完了メッセージは表示されない。一覧が同じ検索条件で再表示される） メッセージID＝－ 表示文言＝－ 作業者の操作＝特になし | O16: =IF(L16<>"",L16,IF(H16<>"",H16,"未実施")) -> 未実施 | P16: 【確認根拠】 ・VB版（Mcm1009uScreen、契約破棄の処理）：MSG_0066Gの確認の後、契約の状態を破棄、元の見積の状態を見積に更新し、完了メッセージは出さずに再検索する。 ・Web版は、列見出しを押すと、表示中の行をその場で並べ替える機能がある。VB版に同じ並べ替えがあるかは未確認。 ・Web版の1009Uは、破棄後に「契約を破棄しました。」を表示する実装。表示された場合は、VB版との差異として記録する。 【要確認】 ・3007Uの見出し・検索条件の表記と、下段の状態の表示は、実画面で確認する。 関連単体：1009-11, 1009-14, 1009-19 単体の表示・単独操作ではなく、期待結果の連携部分を追加判定。 根拠：R1009 / R1005 / R3007 元Excel行：16。実施区分：通常操作＋DB読取。元フロー：1009U→1005U/3007U。
A17: INT03-08 | B17: 排他 | C17: MCM1009U(パック契約・解約)：古い一覧から、すでに破棄された契約をもう一度破棄したときの動作を確認すること | D17: 【確認すること】 実施者Aが契約を破棄したあとで、実施者Bが、破棄の前に表示した古い一覧から、同じ契約の「破棄」を押したときの動作を観測すること。業務担当者と合意した方針があれば、その方針どおり（後から押した人に通知が出て、Aの処理結果が維持され、Bによる再更新がないこと）になっていることを確認する。方針が合意されていない間は、観測だけを記録して、判定を保留にする。 【準備担当者・DB担当者が事前に行うこと】 ・パックの契約Aを用意する。専用の試験データを使い、状態は「契約」、承認状態は「作成中」または「差戻中」。最新の期間は、現在の期間、または未来の期間にする ・契約Aは、過去の月の支払がないことをDB担当者が確認する。契約Aのすべての期間の支払明細（月チェックがOFFの明細も含む）について、月（TSUKI）がない、または今月以降だけであること。過去の月の支払明細が残る契約は、このケースに使わず、履歴のない別の試験契約を用意する（支払の月チェックを外しても、既存の過去の明細は消えない） ・DB担当者が、元見積（MCM_TM_MITSUMORI）のPACK_FLG＝1であることを確認する ・実施者AとBは、別のPC、または別のブラウザープロファイルで、それぞれ独立したログインをする。両者とも、取引先契約内容(MCM1005U)の作成権限があること。同じ契約Aの同じ行を、両方の画面で検索できること ・方針の合意：「後から押した人の破棄を拒否する」は、元の仕様書からWeb版に移行するときに追加された期待である。VB版の破棄の処理には、状態を読み直して拒否する分岐がない（古い一覧から押しても、エラーにならず再検索されるだけになる見込み）。二重の処理や、更新者・日時の保護の方針（要確認事項 Q-INT03-CONFLICT）を、業務担当者と合意しておく。合意されていない場合は、観測を記録して、判定を保留にする ・3007U(契約・解約)の確認をする場合は、DB担当者が、対象の取引先の個体と店舗側の個体の関連、対応する店舗見積NO、納入先・プラントの検索行を準備する。通常の画面操作で関連を用意できない場合は管理者に依頼し、3007Uの確認だけを準備待ちにする（ほかの操作とDB確認は、前提がそろえば実施する） ・試験データ記録表に、契約Aの契約NO、依頼NO、時間、取引先名、サポートID、プラント名を記入する ・DB担当者が、破棄の前の値を読取で控える：契約Aの契約の状態（JOTAI）、元の見積の状態（MCM_TM_KEIYAKUJIKAN.JOTAI）、契約ID、見積契約時間ID、期間・支払・機器・単価・添付の件数と値、更新日時、更新者 【実施者が使うもの】 ・実施者A、実施者B（それぞれ独立したログイン） ・試験データ記録表 | E17: 【操作】 1. [A] メニューの「契約・解約」グループにある「パック契約・解約」を押下する。MCM1009Uが開く。「サポートID」に、契約AのサポートIDを入力する。他の入力欄は空欄にする。「状態」の欄は、初期値で「見積」と「契約」にチェックが入っているので、「見積」のチェックを外し、「契約」だけにチェックを入れる。「検索」を押下する。 2. [A] 一覧の「依頼NO」「時間」「契約NO」「取引先名」「サポートID」「プラント名」が、記録表の契約Aの値と一致する行を探す。同じ「依頼NO」でも「時間」が違う行は選ばない。 3. [B] 別のPC（またはブラウザー）で、メニューの「契約・解約」グループにある「パック契約・解約」を押下する。「サポートID」に契約AのサポートIDを入力し、他の入力欄は空欄にして、「状態」は「契約」だけにチェックを入れて、「検索」を押下する。契約Aの行を、手順2と同じ値で探す。Bは、この画面を再検索せず、再読み込みもせず、そのまま保持する。 4. [A] 手順2の契約Aの行の、右側の列の「破棄」を押下する（左側の「契約」は押下しない）。確認ダイアログ「契約を破棄します。よろしいですか？」が表示されたら、「OK」を押下する。完了後の契約の状態と元の見積の状態、更新者、更新日時を、DB担当者が控える。 5. [B] 手順3で保持している古い一覧の、契約Aの行の「破棄」を押下する。確認ダイアログ「契約を破棄します。よろしいですか？」が表示されたら、「OK」を押下する。表示されたエラーまたは完了の通知を、全文記録し、時刻も記録する。この間に、Bの画面で検索し直さない。 6. [B] 同じ画面で、「状態」の欄の「契約」のチェックを外し、「破棄」だけにチェックを入れて、「検索」を押下する。契約Aの行が表示されることを確認し、その行の「状態」を記録する。 7. [B] メニューの「契約・解約」グループにある「契約・解約」を押下する。MCM3007Uが開く。「サポートID」に記録表の値を入力し、他の入力欄は空欄にする。「店舗状態」と「取引先状態」は、「見積」「契約」「解約」「破棄」のすべてにチェックを入れて、「検索」を押下する。上段の「≪ 納入先情報 ≫」で対象のサポートID・プラントの行を選び、中央の「≪ 店舗 ≫」で準備した店舗見積NOの行を選ぶ。下段の「≪ 取引先 ≫」で、契約Aの依頼NO・時間の行があることを確認し、その行の表示を記録する。下段が空の場合は、前提の個体の関連をDB担当者に確認する（今回の契約が存在しないと決めつけない）。 8. DB担当者が、Bの処理の後の値を読取で比べる。Aの処理の後の値（手順4）と比べて、更新者・更新日時が再度更新されていないか、期間・支払・機器・単価・添付の件数と値が変わっていないかを確認する。証拠の名前（画面キャプチャのファイル名など）を試験データ記録表に記録する。 【入力値】 ・サポートID＝契約AのサポートID（手順1、手順3） ・状態（検索条件）＝手順1、手順3は「契約」だけ、手順6は「破棄」だけ | F17: 【画面確認】 （方針が合意されている場合） 1. 手順5で、Bに、競合を知らせるエラーの通知が表示されること。完了を示す表示が出ないこと。 2. 手順6で、契約Aの状態が「破棄」であること（Aの処理結果が維持されている）。 （方針が合意されていない場合） 3. 手順5でBに表示された通知（エラーか、完了の表示か、何も表示されないか）を、そのまま記録する。OK/NGの判定は付けず、判定を保留にする。 【DB確認】 対象テーブル＝MCM_TK_KEIYAKU、MCM_TM_KEIYAKUJIKAN、MCM_TK_KIKAN、MCM_TK_SIHARAI、MCM_TK_KIKIKOSEI、MCM_TK_KIKIMEISAI、MCM_TK_TANKA、MCM_TK_TENPU、確認理由＝古い一覧からの二重の破棄で、二重の更新や、データの重複・削除が起きないことを確認するため。期待値＝次のとおり。 （方針が合意されている場合） ・契約Aの MCM_TK_KEIYAKU.JOTAI＝3（破棄）、元の見積の MCM_TM_KEIYAKUJIKAN.JOTAI＝1（見積）で、Aの処理の更新者・更新日時が保持されていること。Bによる、更新者・更新日時の再更新が0件であること。 ・期間・支払・機器・単価・添付の行が、重複して追加されたり、削除されたりしていないこと。ほかの契約が更新されていないこと。 （方針が合意されていない場合） ・Aの処理の後と、Bの処理の後で、契約A、元の見積、更新者、更新日時の値を、そのまま記録する。 | G17: 1. 表示タイミング＝実施者A、続けて実施者Bが「破棄」を押下した時（それぞれ1回ずつ） 表示形式＝確認ダイアログ（OK/キャンセル） メッセージID＝MSG_0066G 表示文言＝「契約を破棄します。よろしいですか？」 作業者の操作＝「OK」を押下する 2. 表示タイミング＝実施者Bの確認ダイアログで「OK」を押下した後（古い一覧から、すでに破棄された契約を破棄しようとした時） 表示形式＝エラー通知（方針が合意されている場合の期待） メッセージID＝－（VB版は未定義） 表示文言＝Web版の実装の文言：「対象の契約が存在しないか、他のユーザーにより変更されました。再検索してください。」（VB版の期待は要確認。判定は「競合を知らせるエラー通知が表示され、完了を示す表示が出ないこと」で行い、文言の一致は求めない） 作業者の操作＝通知を確認して閉じる | O17: =IF(L17<>"",L17,IF(H17<>"",H17,"未実施")) -> 未実施 | P17: 【確認根拠】 ・VB版（Mcm1009uScreen、契約破棄の処理）：MSG_0066Gの確認の後、支払の確認をし、契約と元の見積の状態を更新して再検索する。すでに破棄済みの契約に対して拒否する分岐はない（更新する内容が変わらないため、エラーにならない見込み）。 ・Web版は、二重の破棄に対して、上記のエラーを表示する実装。 【要確認】 ・後から押した破棄を拒否する方針（Q-INT03-CONFLICT）が合意されるまでは、判定を保留にする。 ・3007Uの見出し・検索条件の表記と、下段の状態の表示は、実画面で確認する。 関連単体：1009-19 単体の表示・単独操作ではなく、期待結果の連携部分を追加判定。 根拠：R1009 / R3007 元Excel行：17。実施区分：独立セッション＋移行期待の合意が必要。元フロー：1009U→3007U。
A18: INT03-09 | B18: 正常系 | C18: MCM1010U(店舗直契約・解約)→MCM1004U(取引先見積内容)：店舗直の見積の「依頼NO」リンクから、選んだ行の見積が表示されること | D18: 【確認すること】 店舗直契約・解約の一覧で、見積Aの「依頼NO」リンクを押すと見積Aが、見積Bのリンクを押すと見積Bが、取引先見積内容に表示されること。「依頼NO」が同じでも「時間」が違う見積を取り違えないこと。前に開いた見積が、そのまま表示されないこと。見るだけで、データが変わらないこと。 【準備担当者・DB担当者が事前に行うこと】 ・店舗直の見積Aと比較用の見積Bを用意する。専用の試験データを使い、見積AとBは別の見積にする ・DB担当者が、元見積（MCM_TM_MITSUMORI）のTENPO_FLG＝1であることを確認する ・DB担当者が、店舗直の一覧に出るための店舗・プラントの対応を確認する。MCM_MA_DTSPLANTのPLA_CODEから「P」とハイフンを除いた値がサポートIDに一致し、STA_CODEとMCM_MA_TENPO.JIGYOSHO_CDの対応があること ・見積A、Bが、店舗直契約・解約の検索結果に出て、「依頼NO」がリンクになっていることを確認する ・試験データ記録表に、見積A・見積Bそれぞれの次の値を記入する 依頼NO、時間、契約NO、取引先名、納入先名、サポートID、プラント名、期間の開始日、機器（品名・型式・数量）、仕切価格の合計 ・DB担当者が、処理前の保存値（契約・期間・機器・単価・支払・添付の件数と値、更新日時、更新者）を読取で控える 【実施者が使うもの】 ・実施者A（独立したログイン）。取引先見積内容(MCM1004U)の参照権限があること ・試験データ記録表（見積A・見積Bの値） | E18: 【操作】 1. [A] メニューの「契約・解約」グループにある「店舗直契約・解約」を押下する。MCM1010Uが開く。 2. [A] 「サポートID」に、見積BのサポートIDを入力する。他の入力欄は空欄にする。「状態」の欄は、初期値で「見積」と「契約」にチェックが入っているので、「契約」のチェックを外し、「見積」だけにチェックを入れる。「検索」を押下する。見積Bの行（記録表の値と一致する行）の「依頼NO」リンクを押下する。取引先見積内容(MCM1004U)が開く。画面上部の「見積依頼NO」と「契約時間帯」を記録する（この操作は、前に開いた見積を作るためのもので、ここでの表示の合否は手順7で判定する）。 3. [A] 1004Uの右上の「閉じる」を押下する。表示された画面を記録する。メニューの「店舗直契約・解約」を開き直す。 4. [A] 「サポートID」に、見積AのサポートIDを入力する。他の入力欄は空欄にする。「状態」は「見積」だけにチェックを入れて、「検索」を押下する。 5. [A] 一覧の「依頼NO」「時間」「契約NO」「取引先名」「サポートID」「プラント名」が、記録表の見積Aの値と一致する行を探す。同じ「依頼NO」でも「時間」が違う行は選ばない。 6. [A] その行の「依頼NO」リンクを押下する。取引先見積内容(MCM1004U)が開く。 7. [A] 画面上部の次の項目が、記録表の見積Aの値と一致することを確認する。 - 「見積依頼NO」＝一覧の「依頼NO」 - 「契約時間帯」＝一覧の「時間」 - 「取引先」「納入先」「サポートID」「プラント名」 続けて、期間のタブを順に選び、「期間」の開始日が記録表の見積Aの開始日と同じタブを探して選ぶ。機器の一覧の「品名」「型式」「数量」と、「≪仕切価格≫」の「合計」が、記録表の見積Aの値と一致することを確認する。 見積依頼の画面にならない、「検索画面から見積依頼を選択してください。」などのエラーが表示された、手順2で開いた見積Bが表示された、のいずれかの場合は、NGとして記録し、続く照合は行わない。 8. [A] 画面上部の左の「戻る」を押下し、戻った先の画面と、検索条件（サポートID、状態）が残っているかを記録する。 9. [A] メニューの「店舗直契約・解約」を開き直す。「サポートID」に見積BのサポートIDを入力し、「状態」は「見積」だけにチェックを入れて、「検索」を押下する。見積Bの行の「依頼NO」リンクを押下し、手順7と同じ方法で、見積Bの値（時間、期間、機器）を確認する。手動で再検索した操作を、検索条件が保持された証拠にしない。 10. DB担当者が、処理の前後の保存値を読取で比べる。別の契約の比較行や、期間・機器・単価・支払・添付の件数・値・更新日時・更新者も確認する。証拠の名前（画面キャプチャのファイル名など）を試験データ記録表に記録する。 【入力値】 ・サポートID＝見積B（手順2、手順9）、見積A（手順4）のサポートID ・状態（検索条件）＝「見積」だけにチェック | F18: 【画面確認】 1. 見積Aの「依頼NO」リンクで開いたMCM1004Uが、見積Aの値（見積依頼NO、契約時間帯、取引先、納入先、サポートID、プラント名、記録表の開始日の期間の機器・仕切価格の合計）と一致すること。前に開いた見積B、または初期の画面が表示されないこと。エラーが表示されないこと。 2. 見積Bの「依頼NO」リンクで開いたMCM1004Uが、見積Bの値と一致すること。「依頼NO」が同じでも「時間」が違う見積を取り違えていないこと。 3. MCM1004Uの「戻る」を押したあと、呼出元の店舗直契約・解約(MCM1010U)の画面に戻り、検索条件（サポートID、状態）が残っていること。 【DB確認】 対象テーブル＝MCM_TM_KEIYAKUJIKAN、MCM_TK_KEIYAKU、MCM_TK_KIKAN、確認理由＝リンクが、選んだ行の見積契約時間IDの見積を開くこと、見るだけでデータが変わらないことを確認するため。期待値＝次のとおり。 ・遷移先の画面で開いた見積が、一覧で選んだ行の見積契約時間IDのものであること（契約IDや、依頼の親IDのものではないこと）。 ・元見積・契約・期間・機器・単価・支払・添付の件数と値（更新日時・更新者を含む）が、操作の前後で変わっていないこと。 | G18: 表示タイミング＝（メッセージは表示されない） 表示形式＝－ メッセージID＝－ 表示文言＝－ 作業者の操作＝特になし（画面遷移と表示内容のみ確認する） | O18: =IF(L18<>"",L18,IF(H18<>"",H18,"未実施")) -> 未実施 | P18: 【確認根拠】 ・Web版1010Uの「依頼NO」リンクは、見積契約時間IDと遷移元区分をセッションに保存して1004Uへ移る。一方、1004U側は、URLのパラメータ（見積契約時間ID）か、前回表示したフォームだけを参照し、1010Uが保存したセッションの値を読む処理がソースにない（1009Uのリンクは、URLのパラメータで渡している）。 ・このため、1004Uは、見積契約時間IDを受け取れず、「検索画面から見積依頼を選択してください。」を表示するか、前回開いた見積（手順2の見積B）をそのまま表示する見込み。手順2の「前に開いた見積を作る」操作は、後者を検出するためのもの。 【要確認】 ・手順7の合否は、期待結果の1に従う。Web版で、エラーまたは前回の見積が表示された場合は、Web版の不具合候補として記録する。 ・期待結果3の戻り先は、VB版（呼出元が残る）の仕様に基づく。Web版では、「戻る」は1003Uへ移る見込みのため、実施結果を記録し、VB版との差異として判定する。 関連単体：1010-14 単体の表示・単独操作ではなく、期待結果の連携部分を追加判定。 根拠：R1010 元Excel行：18。実施区分：通常操作＋DB読取。元フロー：1010U→1004U。
A19: INT03-10 | B19: 正常系 | C19: MCM1010U(店舗直契約・解約)→MCM1006U(取引先契約機器設定)→MCM1005U(取引先契約内容)：店舗直の見積から契約を作成すると、採用した機器だけで新しい契約が作られ、店舗直の元見積の分類が保持されること | D19: 【確認すること】 店舗直契約・解約の一覧にある、契約をまだ作っていない見積Aから契約を作成する。採用した機器Aだけが契約に入り、除外した機器Bは入らないこと。作成した契約が、元の店舗直契約・解約の一覧に出ること。契約の親・期間・機器・単価が正しく追加されること。 【準備担当者・DB担当者が事前に行うこと】 ・店舗直の見積Aを用意する。専用の試験データを使い、見積Aの状態は「見積」（契約が未作成で、破棄もされていない）にする ・DB担当者が、元見積（MCM_TM_MITSUMORI）のTENPO_FLG＝1であることを確認する。店舗直の一覧に出るための店舗・プラントの対応も、DB担当者が確認する（MCM_MA_DTSPLANTのPLA_CODEから「P」とハイフンを除いた値がサポートIDに一致し、STA_CODEとMCM_MA_TENPO.JIGYOSHO_CDの対応があること） ・DB担当者が、元見積の取引先ID・プラントIDを確認し、取引先マスタ（MCM_MA_TORIHIKISAKI）、プラントマスタ（MCM_MA_PLANT）、そのプラントに紐づく納入先マスタ（MCM_MA_NONYUSAKI）の対象の行があることを確認する。不足している場合は、マスタ管理者に準備を依頼する（内部IDを画面から入力して補わない） ・契約期間は、開始日＜終了日で、開始日から1年後の前日以内にする。例：実施月、または未来の月の1日から、1年後の前日まで。見積の単価の適用期間が、この全期間を覆っていること。同じ個体が重複していないこと。元見積の出精値引きは0にする ・管理者が、新規契約に使う未使用の契約NOを割り当てる ・採用する機器Aと除外する機器B、見積の単価、数量、期待する合計金額を、試験データ記録表に記入する ・支払の設定は、回数1、開始月だけON（例：開始月が10月なら、10月だけにチェック）とする ・3007U(契約・解約)の確認をする場合は、DB担当者が、対象の取引先の個体と店舗側の個体の関連、対応する店舗見積NO、納入先・プラントの検索行を準備する。通常の画面操作で関連を用意できない場合は管理者に依頼し、3007Uの確認だけを準備待ちにする（1010U・1006U・1005Uの操作とDB確認は、前提がそろえば実施する） ・試験データ記録表に、見積Aの依頼NO、時間、取引先名、サポートID、プラント名、新規契約NO、期間の開始日・終了日を記入する ・DB担当者が、処理前の保存値（契約・期間・機器・単価・支払・添付の件数、取引先契約IDの最大値）を読取で控える 【実施者が使うもの】 ・実施者A（独立したログイン）。取引先契約内容(MCM1005U)の作成権限があること ・試験データ記録表 | E19: 【操作】 1. [A] メニューの「契約・解約」グループにある「店舗直契約・解約」を押下する。MCM1010Uが開く。 2. [A] 「サポートID」に、見積AのサポートIDを入力する。他の入力欄は空欄にする。「状態」の欄は、初期値で「見積」と「契約」にチェックが入っているので、「契約」のチェックを外し、「見積」だけにチェックを入れる。「検索」を押下する。 3. [A] 一覧の「依頼NO」「時間」「契約NO」「取引先名」「サポートID」「プラント名」が、記録表の見積Aの値と一致する行を探す。同じ「依頼NO」でも「時間」が違う行は選ばない。 4. [A] その行の右端にある2つの「契約」列のうち、左側の「契約」リンクを押下する。取引先契約機器設定(MCM1006U)の1画面目が開く。 5. [A] 画面に表示された「取引先コード」「取引先名」「納入先コード」「納入先名」「サポートID」「プラント名」が、一覧の見積Aの行と同じであることを確認する。「期間」の開始日と終了日に、記録表の日付を入力する。「≪見積情報≫」の一覧で、「依頼NO」と「時間」が見積Aの値と一致する行だけにチェックを入れる。「次へ」を押下する。 6. [A] 2画面目が開く。左上の「≪機器構成パターン≫」、右上の「≪納入機器明細≫」、下段の「≪機器個体・明細≫」の3つの一覧で、採用する機器Aの行にチェックを入れ、除外する機器Bの行はチェックを外す。品名・型式・シリアル番号で、記録表の機器A・Bと照合する。機器AとBが同じ構成、または同じ明細に属している場合は、その共通の上位の行のチェックは入れたままにし、除外する機器Bの個体の行だけチェックを外す（上位の行ごとチェックを外して、採用する機器Aまで除外しない）。「摘要」を押下する。 7. [A] 取引先契約内容(MCM1005U)が開く。画面上部の取引先・納入先・サポートIDと、機器情報の「品名」「型式」「数量」「標準計」「仕切計」が、採用した機器Aの値だけであることを確認する。 8. [A] 上部の「契約NO」と、期間内の「契約NO」の両方に、割り当てられた新規契約NOを入力する。「≪支払情報≫」の回数と月を、記録表の設定（回数1、開始月だけON）にする。「登録」を押下する。 9. [A] 確認ダイアログが表示されたら、内容を記録して「OK」を押下する（新規登録の確認、続けて登録の確認が表示される）。登録のあとに、完了メッセージが出るか出ないかを記録する。 10. [A] 右上の「閉じる」を押下する。戻った画面を記録する。元のMCM1010Uが検索条件のない初期の画面になっていたら、「サポートID」を同じ値で入力し直し、「状態」は「契約」だけにチェックを入れて「検索」を押下する。今回の契約NO、依頼NO、時間が一致する行を探して、「契約NO」リンクを押下し、開き直す。 11. [A] メニューの「契約・解約」グループにある「契約・解約」を押下する。MCM3007Uが開く。「サポートID」に記録表の値を入力し、他の入力欄は空欄にする。「店舗状態」と「取引先状態」は、「見積」「契約」「解約」「破棄」のすべてにチェックを入れて、「検索」を押下する。上段の「≪ 納入先情報 ≫」で対象のサポートID・プラントの行を選び、中央の「≪ 店舗 ≫」で準備した店舗見積NOの行を選ぶ。下段の「≪ 取引先 ≫」で、依頼NO・時間・契約NOが今回の契約と一致する行があることを確認する。下段が空の場合は、前提の個体の関連をDB担当者に確認する（今回の契約が存在しないと決めつけない）。 12. DB担当者が、記録表の契約ID・見積契約時間ID・期間IDで、処理の前後の保存値を読取で比べる。別の契約の比較行や、期間・機器・単価・支払・添付の所属・件数・値・更新日時・更新者も確認する。証拠の名前（画面キャプチャのファイル名など）を試験データ記録表に記録する。 【入力値】 ・サポートID＝見積AのサポートID（手順2） ・状態（検索条件）＝手順2は「見積」だけ、手順10は「契約」だけにチェック ・期間＝記録表の開始日・終了日（手順5） ・契約NO＝管理者が割り当てた未使用の番号（上部と期間内の両方、手順8） ・支払＝回数1、開始月だけON（手順8） | F19: 【画面確認】 1. 手順7で、MCM1005Uの機器情報が、採用した機器Aの機器・数量・価格だけであること。除外した機器Bが表示されていないこと。 2. 手順10で、元の店舗直契約・解約(MCM1010U)の「契約」の状態の検索結果に、今回作成した契約（記録表の契約NO、依頼NO、時間）が表示されること。 3. 手順11で、契約・解約(MCM3007U)の「≪ 取引先 ≫」に、今回の契約が表示されること（個体の関連が準備できている場合）。パック契約・解約の一覧と、店舗直契約・解約の一覧の両方の条件を満たす契約は、両方の画面に表示されてよい（片方にしか出ないことを期待しない）。 【DB確認】 対象テーブル＝MCM_TK_KEIYAKU、MCM_TK_KIKAN、MCM_TK_KIKIKOSEI、MCM_TK_KIKIMEISAI、MCM_TK_KOTAIMEISAI、MCM_TK_TANKA、MCM_TM_MITSUMORI、確認理由＝契約が採用機器だけで作成され、元見積の分類が保持されることを確認するため。期待値＝次のとおり。 ・取引先契約が1件、対象の期間が1件、採用した機器の構成・明細・個体と、元の単価との関連が追加されていること。除外した機器Bの行は保存されていないこと。契約を、パックと店舗直の分類ごとに二重に作っていないこと。 ・元見積（MCM_TM_MITSUMORI）のTENPO_FLGが1のままで、元見積と新しい契約が結び付いていること。 ・新しい契約の単価の元（見積の単価）が、採用した見積の単価と一致すること。 ・別の契約、元見積Bの値と件数が、処理前のままであること。 | G19: 1. 表示タイミング＝実施者Aが「登録」を押下した時（新規の契約のため） 表示形式＝確認ダイアログ（OK/キャンセル） メッセージID＝MSG_0102G 表示文言＝「新規登録の為、機器個体の契約期限、契約満了日を設定します。一次納入日、二次納入日、初回契約日の設定はされていますか？ 登録を実施します。よろしいですか？」 作業者の操作＝「OK」を押下する 2. 表示タイミング＝続けて表示される 表示形式＝確認ダイアログ（OK/キャンセル） メッセージID＝MSG_0007G 表示文言＝「登録を実施します。よろしいですか？」 作業者の操作＝「OK」を押下する 3. 表示タイミング＝登録の完了時 表示形式＝－（完了メッセージは表示されない。登録後は、最新の内容で画面が再表示される） メッセージID＝－ 表示文言＝－ 作業者の操作＝特になし | O19: =IF(L19<>"",L19,IF(H19<>"",H19,"未実施")) -> 未実施 | P19: 【確認根拠】 ・VB版（Mcm1005uScreen.UpdButton）：新規の契約では、MSG_0102G、続けてMSG_0007Gの確認ダイアログを表示する。完了メッセージ（MSG_0008G）の呼び出しはコメントアウトされており、登録後は再検索して画面を更新する。 ・Web版は、登録後に「登録が完了しました。」を表示する見込み。表示された場合は、VB版との差異として記録する。 【要確認】 ・3007Uの見出し・検索条件の表記は、実画面で確認する。 関連単体：1010-16 単体の表示・単独操作ではなく、期待結果の連携部分を追加判定。 根拠：R1010 / R1006 / R1005 元Excel行：19。実施区分：通常操作＋DB読取。元フロー：1010U→1006U→1005U→1010U。
A20: INT03-11 | B20: 正常系 | C20: MCM1010U(店舗直契約・解約)→MCM1005U(取引先契約内容)：店舗直の「契約NO」リンクから、選んだ行の契約が更新用に開き、備考だけを保存できること | D20: 【確認すること】 店舗直契約・解約の一覧の「契約NO」リンクから、選んだ契約Aを取引先契約内容(MCM1005U)で開き、上部の「備考」だけを変更して「登録」できること。契約Aの期間・機器・数量・価格が変わらないこと。比較用の契約Bが変わらないこと。 【準備担当者・DB担当者が事前に行うこと】 ・店舗直の契約A（開始日の異なる複数の期間を持つ）と、比較用の契約Bを用意する。専用の試験データを使う ・契約Aの状態は「契約」、承認状態は「作成中」または「差戻中」。最新の期間は、現在の期間、または未来の期間にする ・契約Aのすべての期間で、支払の開始月にチェックが入っていることを確認する（入っていないと、登録時に確認ダイアログが追加で出る） ・契約Aの上部の「備考」を「INT03保存前」にしておく ・DB担当者が、元見積（MCM_TM_MITSUMORI）のTENPO_FLG＝1であることを確認する。店舗直の一覧に出るための店舗・プラントの対応も、DB担当者が確認する（MCM_MA_DTSPLANTのPLA_CODEから「P」とハイフンを除いた値がサポートIDに一致し、STA_CODEとMCM_MA_TENPO.JIGYOSHO_CDの対応があること） ・契約Aと契約Bが、店舗直契約・解約の検索結果に出ることを確認する ・試験データ記録表に、契約Aの契約NO、依頼NO、時間、取引先名、納入先名、サポートID、プラント名、各期間の開始日と終了日、各期間の機器（品名・型式・数量）と仕切価格を記入する。契約Bの契約NOと備考、明細も記入する ・DB担当者が、契約A・契約Bの契約ID、期間ID、備考、機器・単価・支払・添付の件数と値、更新日時、更新者を、読取で控える 【実施者が使うもの】 ・実施者A（独立したログイン）。取引先契約内容(MCM1005U)の作成権限があること ・試験データ記録表 | E20: 【操作】 1. [A] メニューの「契約・解約」グループにある「店舗直契約・解約」を押下する。MCM1010Uが開く。 2. [A] 「サポートID」に、契約AのサポートIDを入力する。他の入力欄は空欄にする。「状態」の欄は、初期値で「見積」と「契約」にチェックが入っているので、「見積」のチェックを外し、「契約」だけにチェックを入れる。「検索」を押下する。 3. [A] 一覧の「依頼NO」「時間」「契約NO」「取引先名」「サポートID」「プラント名」が、記録表の契約Aの値と一致する行を探す。同じ「依頼NO」でも「時間」が違う行は選ばない。 4. [A] その行の「契約NO」リンクを押下する。取引先契約内容(MCM1005U)が開く。 5. [A] 画面上部の「契約NO」「取引先」「納入先」が、記録表の契約Aの値と一致することを確認する。期間のタブを、記録表の開始日で選び、「期間」「機器情報」の「品名」「型式」「数量」、「≪添付資料≫」のファイル名が、記録表と一致することを確認する。 6. [A] 画面の右上の「備考」（契約全体の備考。期間の欄の中の「備考」ではない）に、「INT03保存後」と入力する。期間の欄の中の「備考」には入力しない。 7. [A] 「登録」を押下する。確認ダイアログが表示されたら、内容を記録して「OK」を押下する。登録のあとに、完了メッセージが出るか出ないかを記録する。 8. [A] 右上の「閉じる」を押下する。戻った画面を記録する。元のMCM1010Uが検索条件のない初期の画面になっていたら、「サポートID」を同じ値で入力し直し、「状態」は「契約」だけにチェックを入れて「検索」を押下する。契約Aの行の「契約NO」リンクを押下し、開き直す。 9. [A] 上部の「備考」を記録する。存在する期間のタブを、過去、現在、未来の順に選び、各期間の「期間」、機器情報の「品名」「型式」「数量」、仕切価格を記録する。 10. DB担当者が、契約Bの備考と各明細が変わっていないことを照合する。 11. DB担当者が、記録表の契約ID・期間IDで、処理の前後の保存値を読取で比べる。別の契約の比較行や、期間・機器・単価・支払・添付の所属・件数・値・更新日時・更新者も確認する。証拠の名前（画面キャプチャのファイル名など）を試験データ記録表に記録する。 【入力値】 ・サポートID＝契約AのサポートID（手順2） ・状態（検索条件）＝「契約」だけにチェック ・備考（画面の右上）＝INT03保存後（変更前は INT03保存前）（手順6） | F20: 【画面確認】 1. 手順4で開いた契約が、契約Aであること（上部の「契約NO」「取引先」「納入先」が記録表と一致）。契約Bの履歴に切り替わっていないこと。 2. 手順8の開き直しのあと、上部の「備考」が「INT03保存後」であること（契約Aだけ）。 3. 各期間の開始日・終了日、機器（品名・型式・数量）、仕切価格が、登録の前（記録表の値）と同じであること。 【DB確認】 対象テーブル＝MCM_TK_KEIYAKU、MCM_TK_KIKAN、MCM_TK_KIKIKOSEI、MCM_TK_KIKIMEISAI、MCM_TK_TANKA、確認理由＝備考だけが更新され、ほかの業務データと、比較用の契約が変わらないことを確認するため。期待値＝次のとおり。 ・一覧で選んだ行の取引先契約IDと、1005Uで開いた契約の取引先契約IDが一致すること。 ・契約AのMCM_TK_KEIYAKU.BIKOだけが「INT03保存後」に変わっていること。ほかの業務の値、機器・数量・価格は、処理前のままであること。 ・登録で更新される更新日時・更新者は、今回の処理の時刻の範囲と実施者であることを確認する（すべての監査値が変わらないとは期待しない）。 ・契約Bの備考、機器、単価、支払、添付の件数と値が、処理前のままであること。 | G20: 1. 表示タイミング＝実施者Aが「登録」を押下した時 表示形式＝確認ダイアログ（OK/キャンセル） メッセージID＝MSG_0007G 表示文言＝「登録を実施します。よろしいですか？」 作業者の操作＝「OK」を押下する 2. 表示タイミング＝登録の完了時 表示形式＝－（完了メッセージは表示されない。登録後は、最新の内容で画面が再表示される） メッセージID＝－ 表示文言＝－ 作業者の操作＝特になし | O20: =IF(L20<>"",L20,IF(H20<>"",H20,"未実施")) -> 未実施 | P20: 【確認根拠】 ・VB版（Mcm1005uScreen）：「契約NO」リンクからの遷移は更新用の表示（遷移元区分＝契約NOリンク）。既存の契約の登録では、MSG_0007Gの確認のみ。完了メッセージ（MSG_0008G）の呼び出しはコメントアウトされており、登録後は再検索して画面を更新する。 ・開始月の支払にチェックがない期間があると、登録時にMSG_0105G「期間の開始月に支払チェックがされてません。処理を続行してもよろしいですか？」が表示される。 ・Web版は、登録後に「登録が完了しました。」を表示する見込み。表示された場合は、VB版との差異として記録する。 関連単体：1010-15 単体の表示・単独操作ではなく、期待結果の連携部分を追加判定。 根拠：R1010 / R1005 元Excel行：20。実施区分：通常操作＋DB読取。元フロー：1010U→1005U。
A21: INT03-12 | B21: 正常系 | C21: MCM1010U(店舗直契約・解約)：店舗直の契約を破棄すると、契約の状態が「破棄」になり、元の見積の状態が「見積」に戻ること | D21: 【確認すること】 店舗直契約・解約の一覧で契約Aの「破棄」を押すと、契約Aが「破棄」の状態になること。契約Aのもとになった見積が「見積」の状態に戻ること。比較用の契約Bは破棄されず、変わらないこと。契約Aの期間・機器・単価・支払・添付は、削除も移動もされないこと。 【準備担当者・DB担当者が事前に行うこと】 ・店舗直の契約Aと、比較用の契約Bを用意する。専用の試験データを使う ・契約Aの状態は「契約」、承認状態は「作成中」または「差戻中」。最新の期間は、現在の期間、または未来の期間にする ・DB担当者が、元見積（MCM_TM_MITSUMORI）のTENPO_FLG＝1であることを確認する。店舗直の一覧に出るための店舗・プラントの対応も、DB担当者が確認する（MCM_MA_DTSPLANTのPLA_CODEから「P」とハイフンを除いた値がサポートIDに一致し、STA_CODEとMCM_MA_TENPO.JIGYOSHO_CDの対応があること） ・契約Aは、過去の月の支払がないことをDB担当者が確認する。契約Aのすべての期間の支払明細（月チェックがOFFの明細も含む）について、月（TSUKI）がない、または今月以降だけであること。過去の月の支払明細が残る契約は、このケースに使わず、履歴のない別の試験契約を用意する（支払の月チェックを外しても、既存の過去の明細は消えない） ・3007U(契約・解約)の確認をする場合は、DB担当者が、対象の取引先の個体と店舗側の個体の関連、対応する店舗見積NO、納入先・プラントの検索行を準備する。通常の画面操作で関連を用意できない場合は管理者に依頼し、3007Uの確認だけを準備待ちにする（ほかの操作とDB確認は、前提がそろえば実施する） ・試験データ記録表に、契約Aの契約NO、依頼NO、時間、取引先名、サポートID、プラント名、契約Bの契約NOを記入する ・DB担当者が、破棄の前の値を読取で控える：契約Aと契約Bの契約の状態（JOTAI）、それぞれの元の見積の状態（MCM_TM_KEIYAKUJIKAN.JOTAI）、契約ID、見積契約時間ID、期間・機器・単価・支払・添付の件数と値、更新日時、更新者 【実施者が使うもの】 ・実施者A（独立したログイン）。取引先契約内容(MCM1005U)の作成権限があること（権限がないと、一覧に「破棄」が表示されない） ・試験データ記録表 | E21: 【操作】 1. [A] メニューの「契約・解約」グループにある「店舗直契約・解約」を押下する。MCM1010Uが開く。 2. [A] 「サポートID」に、契約AのサポートIDを入力する。他の入力欄は空欄にする。「状態」の欄は、初期値で「見積」と「契約」にチェックが入っているので、「見積」のチェックを外し、「契約」だけにチェックを入れる。「検索」を押下する。 3. [A] 一覧の「依頼NO」「時間」「契約NO」「取引先名」「サポートID」「プラント名」が、記録表の契約Aの値と一致する行を探す。同じ「依頼NO」でも「時間」が違う行は選ばない。 4. [A] その行の右端にある2つの「契約」列のうち、右側の列の「破棄」を押下する（左側の「契約」は押下しない）。確認ダイアログ「契約を破棄します。よろしいですか？」が表示されたら、「OK」を押下する。表示された完了またはエラーの文言があれば、全文を記録する。 5. [A] 同じ画面で、「状態」の欄の「契約」のチェックを外し、「破棄」だけにチェックを入れて、「検索」を押下する（「サポートID」は契約Aのまま）。 6. [A] 一覧の「依頼NO」「時間」「契約NO」「取引先名」「サポートID」「プラント名」が、記録表の契約Aの値と一致する行を探す。その行の「状態」と「契約NO」を記録する。 7. [A] 右上の「閉じる」を押下してメニューへ戻る。メニューの「見積関連」グループにある「取引先見積・契約検索」を押下する。MCM1003Uが開く。「見積依頼NO」に契約Aの依頼NOを入力する。他の入力欄は空欄にする。「状態」の欄は、「見積」「契約」「解約」「破棄」のすべてにチェックを入れて、「検索」を押下する。「依頼NO」「時間」「契約NO」が契約Aと一致する行を探し、その行の「状態」を記録する。 8. [A] メニューの「契約・解約」グループにある「契約・解約」を押下する。MCM3007Uが開く。「サポートID」に記録表の値を入力し、他の入力欄は空欄にする。「店舗状態」と「取引先状態」は、「見積」「契約」「解約」「破棄」のすべてにチェックを入れて、「検索」を押下する。上段の「≪ 納入先情報 ≫」で対象のサポートID・プラントの行を選び、中央の「≪ 店舗 ≫」で準備した店舗見積NOの行を選ぶ。下段の「≪ 取引先 ≫」で、契約Aの依頼NO・時間の行があることを確認し、その行の表示を記録する。下段が空の場合は、前提の個体の関連をDB担当者に確認する（今回の契約が存在しないと決めつけない）。 9. DB担当者が、破棄の後の値を読取で比べる。契約Bと、期間・機器・単価・支払・添付の所属・件数・値・更新日時・更新者も確認する。証拠の名前（画面キャプチャのファイル名など）を試験データ記録表に記録する。 【入力値】 ・サポートID＝契約AのサポートID（手順2、手順5） ・状態（検索条件）＝手順2は「契約」だけ、手順5は「破棄」だけ、手順7は4つすべてにチェック ・見積依頼NO＝契約Aの依頼NO（手順7） | F21: 【画面確認】 1. 手順4の「破棄」を押下して「OK」にしたあと、完了メッセージは表示されず、一覧が再表示されること。 2. 手順6で、「状態」を「破棄」だけにして検索した一覧に、契約Aの行（同じ依頼NO、時間、契約NO）が、状態「破棄」で表示されること。 3. 手順7で、MCM1003Uの検索結果に、契約Aの行が表示され、その「状態」が「破棄」であること。 4. 契約Bが破棄されていないこと（「契約」の状態のまま）。 5. 手順8で、3007Uの下段「≪ 取引先 ≫」に、契約Aの依頼NO・時間の行が表示されること（その行の状態の文字は問わない）。 【DB確認】 対象テーブル＝MCM_TK_KEIYAKU、MCM_TM_KEIYAKUJIKAN、MCM_TK_KIKAN、MCM_TK_KIKIKOSEI、MCM_TK_KIKIMEISAI、MCM_TK_TANKA、MCM_TK_SIHARAI、MCM_TK_TENPU、確認理由＝契約と元の見積の状態が同時に更新され、そのほかのデータは変わらないことを確認するため。期待値＝次のとおり。 ・契約Aの MCM_TK_KEIYAKU.JOTAI＝3（破棄）、元の見積の MCM_TM_KEIYAKUJIKAN.JOTAI＝1（見積）が、同じ処理で更新されていること。 ・両方のLASTUPDATE_BYが実施者で、LASTUPDATE_DTが今回の処理の時刻の範囲にあること。 ・契約Aの旧期間・機器・単価・支払・添付が、移動・物理削除されていないこと（件数と値が、破棄の前と同じ）。 ・契約Bと、契約Bの元の見積が、処理前の値のままであること。 ・3007Uの下段で、破棄後の元の見積が「見積」に戻った表示になる場合があるため、親契約の状態は、画面の文字ではなく、この確認で判定する。 | G21: 1. 表示タイミング＝実施者Aが「破棄」を押下した時 表示形式＝確認ダイアログ（OK/キャンセル） メッセージID＝MSG_0066G 表示文言＝「契約を破棄します。よろしいですか？」 作業者の操作＝「OK」を押下する 2. 表示タイミング＝破棄の完了時 表示形式＝－（完了メッセージは表示されない。一覧が同じ検索条件で再表示される） メッセージID＝－ 表示文言＝－ 作業者の操作＝特になし | O21: =IF(L21<>"",L21,IF(H21<>"",H21,"未実施")) -> 未実施 | P21: 【確認根拠】 ・VB版（Mcm1010uScreen、契約破棄の処理）：MSG_0066Gの確認の後、支払の最も古い年月が現在の年月より前ならMSG_0026Eで中止。問題なければ契約の状態を破棄、元の見積の状態を見積に更新し、完了メッセージは出さずに再検索する。 ・Web版の1010Uも、VB版に合わせて完了メッセージを表示しない実装（ソースのコメントに記載）。 【要確認】 ・3007Uの見出し・検索条件の表記と、下段の状態の表示は、実画面で確認する。 関連単体：1010-20 単体の表示・単独操作ではなく、期待結果の連携部分を追加判定。 根拠：R1010 / R3007 元Excel行：21。実施区分：通常操作＋DB読取。元フロー：1010U→3007U/1003U。
... A28: INT03-19 | B28: 正常系 | C28: MCM1009U(パック契約・解約)・MCM1010U(店舗直契約・解約)→MCM1005U(取引先契約内容)：パックと店舗直の両方の分類を満たす同じ契約が、どちらの画面からも同じ契約として開くこと | D28: 【確認すること】 パックと店舗直の両方の分類を満たす1つの契約を、パック契約・解約から開いて備考を保存すると、店舗直契約・解約から開いても、同じ契約で、保存した備考が見えること。1つの契約が両方の画面に表示されてよいこと。 【準備担当者・DB担当者が事前に行うこと】 ・パックと店舗直の両方の分類を満たす契約Aを用意する。専用の試験データを使い、1つの見積契約時間と1つの契約に結び付いていること ・DB担当者が、元見積（MCM_TM_MITSUMORI）のPACK_FLG＝1、かつTENPO_FLG＝1であることを確認する。店舗直の結合（MCM_MA_DTSPLANTのPLA_CODEから「P」とハイフンを除いた値がサポートIDに一致し、STA_CODEとMCM_MA_TENPO.JIGYOSHO_CDの対応があること）も成立していることを確認する ・別の契約を2件用意して、両方の分類があるように見せかけることはしない（同じ1つの契約で確認する） ・契約Aの状態は「契約」、承認状態は「作成中」または「差戻中」。最新の期間は、現在の期間、または未来の期間にする。全期間の支払の開始月にチェックが入っていること ・契約Aの上部の「備考」を「INT03-19前」にしておく ・両画面で同じ見積契約時間を選ぶため、取引先契約に複数の時間帯が関連する場合は、契約NOだけで同じ行と判断せず、依頼NOと時間も記録する ・試験データ記録表に、契約Aの契約NO、依頼NO、時間、取引先名、納入先名、サポートID、プラント名、各期間の開始日、機器（品名・型式・数量）、単価、比較用の契約の値を記入する ・DB担当者が、契約Aの契約ID、見積契約時間ID、期間ID、備考、機器・単価・支払・添付の件数と値、更新日時、更新者、比較契約の値を、読取で控える 【実施者が使うもの】 ・実施者A（独立したログイン）。取引先契約内容(MCM1005U)の作成権限があること ・試験データ記録表 | E28: 【操作】 1. [A] メニューの「契約・解約」グループにある「パック契約・解約」を押下する。MCM1009Uが開く。 2. [A] 「サポートID」に、契約AのサポートIDを入力する。他の入力欄は空欄にする。「状態」の欄は、「契約」だけにチェックを入れる（初期値で入っている「見積」のチェックは外す）。「検索」を押下する。 3. [A] 一覧の「依頼NO」「時間」「契約NO」「取引先名」「サポートID」「プラント名」が、記録表の契約Aの値と一致する行を探す。同じ「依頼NO」でも「時間」が違う行は選ばない。 4. [A] その行の「契約NO」リンクを押下する。取引先契約内容(MCM1005U)が開く。上部の「契約NO」「取引先」「納入先」が記録表と一致することを確認する。期間のタブを、記録表の開始日で選び、「期間」、機器情報の「品名」「型式」「数量」、「≪添付資料≫」のファイル名が、記録表と一致することを確認する。 5. [A] 画面の右上の「備考」（契約全体の備考）に、「INT03-19後」と入力する。上部の「パック契約」などの分類のチェックは操作しない。「登録」を押下する。確認ダイアログが表示されたら、内容を記録して「OK」を押下する。登録のあとに、完了メッセージが出るか出ないかを記録する。 6. [A] 右上の「閉じる」を押下してメニューまで戻る（保存していない変更は、手順5で登録済みなので、ない）。 7. [A] メニューの「契約・解約」グループにある「店舗直契約・解約」を押下する。MCM1010Uが開く。「サポートID」に、契約AのサポートIDを入力する。他の入力欄は空欄にする。「状態」は「契約」だけにチェックを入れて、「検索」を押下する。 8. [A] 一覧の「依頼NO」「時間」「契約NO」「取引先名」「サポートID」「プラント名」が、記録表の契約Aの値と一致する行を探す。その行の「契約NO」リンクを押下する。取引先契約内容(MCM1005U)が開く。上部の「契約NO」「取引先」「納入先」が記録表と一致することを確認する。期間のタブを、記録表の開始日で選び、「期間」、機器情報の「品名」「型式」「数量」、「≪添付資料≫」のファイル名が、記録表と一致することを確認する。 9. [A] 上部の「備考」、各期間のタブの機器、価格を記録する。パック契約・解約から開いた契約と、同じ契約NOと開始日の期間・機器・価格であることを確認する。 10. DB担当者が、記録表の契約ID・見積契約時間ID・期間IDで、処理の前後の保存値を読取で比べる。別の契約の比較行や、期間・機器・単価・支払・添付の所属・件数・値・更新日時・更新者も確認する。各期間のタブでも、所属が同じ契約であることを照合する。証拠の名前（画面キャプチャのファイル名など）を試験データ記録表に記録する。 【入力値】 ・サポートID＝契約AのサポートID（手順2、手順7） ・状態（検索条件）＝「契約」だけにチェック ・備考（画面の右上）＝INT03-19後（変更前は INT03-19前）（手順5） | F28: 【画面確認】 1. 手順4（パック契約・解約から）と手順8（店舗直契約・解約から）で開いた契約が、同じ契約Aであること（上部の「契約NO」「取引先」「納入先」、期間・機器・価格が同じ）。 2. 手順8で、パック契約・解約から保存した備考が、「INT03-19後」として表示されること。 3. 1つの契約が、パック契約・解約と、店舗直契約・解約の両方の一覧に表示されること（これを不具合としない）。 【DB確認】 対象テーブル＝MCM_TK_KEIYAKU、MCM_TM_KEIYAKUJIKAN、MCM_TK_KIKAN、確認理由＝両方の画面から同じ契約が参照され、備考だけが更新されたことを確認するため。期待値＝次のとおり。 ・パック契約・解約と店舗直契約・解約の両方の一覧で選んだ行の取引先契約ID、見積契約時間IDが一致すること。 ・親契約の件数が増えていないこと。契約AのMCM_TK_KEIYAKU.BIKOだけが、指定した文字に変わっていること。元見積のPACK_FLGとTENPO_FLGが、ともに1のままであること。別の契約、元見積、機器、価格が、処理前のままであること。 ・登録で更新される更新日時・更新者は、今回の処理の時刻の範囲と実施者であること。 | G28: 1. 表示タイミング＝実施者Aが「登録」を押下した時 表示形式＝確認ダイアログ（OK/キャンセル） メッセージID＝MSG_0007G 表示文言＝「登録を実施します。よろしいですか？」 作業者の操作＝「OK」を押下する 2. 表示タイミング＝登録の完了時 表示形式＝－（完了メッセージは表示されない。登録後は、最新の内容で画面が再表示される） メッセージID＝－ 表示文言＝－ 作業者の操作＝特になし | O28: =IF(L28<>"",L28,IF(H28<>"",H28,"未実施")) -> 未実施 | P28: 【確認根拠】 ・VB版（Mcm1005uScreen）：既存の契約の登録では、MSG_0007Gの確認のみ。完了メッセージ（MSG_0008G）の呼び出しはコメントアウトされており、登録後は再検索して画面を更新する。 ・Web版は、登録後に「登録が完了しました。」を表示する見込み。表示された場合は、VB版との差異として記録する。 根拠：R1009/R1010 MCM_1003_V TableAdapter、R1005 元Excel行：28。実施区分：通常操作＋DB読取。元フロー：1009U/1010U→1005U。

Sheet INT04_ユーザー契約
A1: MCM契・解約機能 結合テスト仕様書｜ユーザー契約内容・変更
A2: 実施前にE列を確認。登録確認はOK、取消ケースは取消。複数パターンは全て実施・期待一致ならOK、期待不一致ありならNG、NGなしで未実施・判断待ちが残る場合は保留。Q列にパターン別結果・実ID・証跡を追記し、既存の根拠は消さない。
A3: 単体13画面596件の表示・入力・単独判定は「単体との対応」へ分担。対象外は重複除外の設定で実行合格ではない。Q付きの期待・環境を確定してから追加判定を実施。
A4: 最終判定は再テスト結果を優先。「保留」集計は未実施も含む残件。合格率＝OK／実テスト件数。表示形式・ネイティブOfficeの動作は実行時に確認。
A6: テスト件数 | B6: =COUNTA(A10:A34) -> 25 | C6: 対象外件数 | D6: =COUNTIF(O10:O34,"対象外") -> 8 | E6: 実テスト件数 | F6: =B6-D6 -> 17 | G6: 完了件数OK | H6: =COUNTIF(O10:O34,"OK") -> 0 | I6: NG件数 | J6: =COUNTIF(O10:O34,"NG") -> 0 | K6: 保留 | L6: =MAX(0,F6-H6-J6) -> 17 | M6: 実施率 | N6: =IF(F6=0,0,(H6+J6)/F6) -> 0 | O6: 合格率 | P6: =IF(F6=0,0,H6/F6) -> 0
A8: 単体との重複を除いた結合テストケース
A9: 項番 | B9: 分類 | C9: テスト観点 | D9: 前提条件（ここを読んで準備する） | E9: 操作手順 | F9: 期待結果 | G9: 期待メッセージ | H9: テスト結果 | I9: 実施者 | J9: 実施日 | K9: 不具合内容 | L9: 再テスト結果 | M9: 再テスト実施者 | N9: 再テスト実施日 | O9: 最終判定 | P9: 備考／根拠
A10: INT04-01 | B10: 正常系 | C10: MCM2004U(保守見積・ユーザー契約検索)→MCM2006U(ユーザー契約内容):検索結果で選んだ契約が開き、その契約の期間・機器だけが表示されること | D10: 【確認すること】 検索結果の「契約NO」リンクを押すと、選んだ契約がMCM2006Uで開き、別の契約の期間・機器が混ざらないこと。参照しただけで、保存値が変わらないこと。 【前提】 ・使用ユーザー:ユーザーA(参照のみ行う担当者) ・保有権限:担当者マスタ(MCM3006U)で、MCM2004UとMCM2006Uを利用できる権限が設定されている ・必要な登録済みデータ:MCM2004Uの一覧で「契約NO」が表示される契約が2件ある。うち1件は、MCM2006Uで期間のタブが2つ以上ある契約である ・事前に控える値:2件の契約NO。そのほかの値は、操作中に画面に表示された値を記録する ・【準備担当者・DB担当者が事前に行うこと】2件の契約・期間・機器の保存値を、読取で控える ・試験専用の環境・データを使用する。接続先と実施日を記録する ・開始時の画面状態:Aはメニュー画面 | E10: 【操作】 1. [A] メニューから「店舗見積・契約検索」を選択し、MCM2004U(保守見積・ユーザー契約検索)を開く。「契約NO」に、期間のタブが2つ以上ある契約の契約NOを入力し、「状態」「承認状態」のチェックをすべて付けて、「検索」を押下する。 2. [A] 「契約NO」リンクを押下する。MCM2006U(ユーザー契約内容)が開く。上段の「契約NO」、期間内の「サポートID」「プラント名」を記録する。 3. [A] 期間のタブ(タブ名は開始日)を1つずつ選択し、期間の開始日・終了日、機器を記録する。「登録」は押下しない。 4. [A] 「戻る」を押下する。MCM2004Uで、「契約NO」にもう1件の契約の契約NOを入力して「検索」を押下し、「契約NO」リンクを押下する。上段の「契約NO」、期間内の「サポートID」「プラント名」、期間のタブ、機器を記録する。 5. DB担当者に、2件の契約・期間・機器の保存値を、操作の前後で比べてもらう。 【入力値】 ・契約NO=期間のタブが2つ以上ある契約の契約NO(手順1)、もう1件の契約の契約NO(手順4) | F10: 【画面確認】 1. 手順2、手順3で、期間のタブが2つ以上ある契約の「契約NO」「サポートID」「プラント名」と、期間のタブ、機器が表示されること。もう1件の契約の期間・機器が混ざらないこと。 2. 手順4で、もう1件の契約の「契約NO」「サポートID」「プラント名」と、期間のタブ、機器が表示されること。手順2、手順3で記録した、ほかの契約の期間・機器が表示されないこと。 【DB確認】 対象テーブル=MCM_UK_KEIYAKU、MCM_UK_KIKAN、MCM_UK_KIKIKOSEI、MCM_UK_KIKIMEISAI、MCM_UK_KOTAIMEISAI、確認理由=参照しただけでは保存値が変わらないことを確認するため。期待値=2件の契約・期間・機器の値と件数が、操作の前後で変わっていないこと。 | G10: 表示タイミング=(メッセージは表示されない) 表示形式=- メッセージID=- 表示文言=- 作業者の操作=特になし(画面遷移と表示内容のみ確認する) | O10: =IF(L10<>"",L10,IF(H10<>"",H10,"未実施")) -> 未実施 | P10: 【対象】MCM2004U → MCM2006U 【確認根拠】Mcm2004uScreen.vb(「契約NO」リンクは、ユーザー契約IDを渡してMCM2006Uへ遷移)、Mcm2006uScreen.vb(期間タブ名=開始日。無効な期間は末尾に「*」) 【移管元】旧版INT04-01 関連単体：2006-1 単体の表示・単独操作ではなく、期待結果の連携部分を追加判定。 根拠：R2006 元Excel行：10。実施区分：通常操作＋DB読取。元フロー：2004U→2006U。
A11: INT04-02 | B11: 正常系 | C11: MCM2004U(保守見積・ユーザー契約検索)→MCM2007U(ユーザ契約内容変更)→MCM2006U(ユーザー契約内容)→MCM2004U:承認済みの店舗見積からユーザー契約を新規登録すると、登録した内容が再検索・再表示で確認できること | D11: 【確認すること】 承認済みの店舗見積から、見積の選定、ブランド・機器の選定、契約の新規登録まで行う。登録後に検索画面で再検索して開き直すと、採用した見積・ブランド・機器・期間が、登録した内容で表示されること。元の見積と他の契約が変わらないこと。 【前提】 ・使用ユーザー:ユーザーA(契約作成担当) ・保有権限:担当者マスタ(MCM3006U)で、MCM2006Uの利用権限が「更新」に設定されている(この権限がないと、MCM2004Uの「契約」リンクが表示されない)。MCM2004U、MCM2007Uを利用できる権限もある ・必要な登録済みデータ:専用の店舗見積(1件) - 承認状態=承認済。状態は「破棄」ではなく、まだ契約が作成されていない(MCM2004Uの一覧で「契約NO」が空欄) - MCM2004Uの一覧の右端にある2つの「契約」列のうち、左側の列に、リンクが表示される行である(表示条件は要確認) - 納入先とプラントがマスタに登録済みである - 採用するブランド・構成・明細・個体は、選ぶ見積に含まれるものだけを使う - 新規期間は、開始日が終了日より前で、期間が1年以内である ・事前に控える値:見積NO、サポートID、プラント名、納入先コード、納入先名。採用するブランド名・ブランド詳細・保守費。採用する構成・明細・個体名・シリアル番号。新規の契約NO(未使用の番号)、契約日、初回契約日。期間の開始日・終了日、期間の合計金額。管理店舗、管理担当者 ・【準備担当者・DB担当者が事前に行うこと】 - 新規の契約NOが未使用であることを確認する - 登録前の元見積、同じプラントの他契約・機器の保存値を、読取で控える - 登録前の時点で、今回の契約がDBに存在しないことを確認する ・試験専用の環境・データを使用する。接続先と実施日を記録する ・開始時の画面状態:Aはメニュー画面 | E11: 【操作】 1. [A] メニューから「店舗見積・契約検索」を選択し、MCM2004U(保守見積・ユーザー契約検索)を開く。「サポートID」に控えた値を入力し、他の入力欄は空欄にする。「状態」の「見積」「契約」「解約」「破棄」と、「承認状態」の「作成中」「審査中」「承認中」「承認済」「差戻中」を、すべてチェックして、「検索」を押下する。 2. [A] 一覧で、「見積NO」「サポートID」「プラント名」が控えた値と一致する行を探す。「契約NO」が空欄であることを記録する。 3. [A] その行の右端にある2つの「契約」列のうち、左側の列のリンク(契約作成。表示文字列は実機で記録する)を押下する。右側の列のリンクは契約破棄のため、押下しない。MCM2007U(ユーザ契約内容変更)が開く。「納入先」「サポートID」「プラント名」が控えた値と一致することを確認する。上段の「期間」の開始日・終了日の欄に自動で表示された日付を記録する(終了日が空の見積では、開始日の1年後の前日が表示される)。控えた期間と異なる場合は、「期間」の開始日・終了日の欄に、控えた日付(yyyy/MM/dd)を入力する。 4. [A] 「≪店舗見積情報≫」で、「見積NO」と開始日が控えた値と一致する行のチェックがONになっていることを確認する。採用しない見積があれば、OFFにする(見積のチェックは、その配下のブランド全体に連動する)。その行を選択し、右の「≪ブランド≫」の「ブランド名」「ブランド詳細」と保守費を記録して、「次へ」を押下する。期間内の「管理店舗・事業所」の表示を記録する。 5. [A] MCM2007Uの次の画面で、「《ブランド》」の控えたブランド行を選択する。「《機器構成パターン》」の構成行、「《１セット分の構成明細》」の品名・型式の行を、順に選択する。「《機器個体毎の明細》」で個体名・シリアル番号を控えた値と照合し、採用する個体だけをONにする。採用する個体が属する構成と明細もONにする。除外する個体と共通の上位行は、ONのままにする。ほかの採用ブランドも同じ手順で確認してから、「適用」を押下する。 6. [A] MCM2006U(ユーザー契約内容)が開く。上段の「契約NO」「契約日」「初回契約日」に、控えた値を入力する。期間、合計金額、ブランド、採用した機器が、控えた値と一致することを記録する。 7. [A] 画面の「登録」を押下する。確認ダイアログ「登録を実施します。よろしいですか?」で「OK」を押下する。表示された完了メッセージを記録する。入力エラーが出た場合は、メッセージの全文を記録し、手順8以降を実施済みにしない。 8. [A] MCM2006Uの「戻る」を押下して、MCM2004Uへ戻る。「契約NO」に新規の契約NOを入力し、他の入力欄は空欄にする。「状態」と「承認状態」はすべてチェックして、「検索」を押下する。 9. [A] 「見積NO」と「契約NO」が控えた値と一致する行の「契約NO」リンクを押下する。MCM2006Uが開く。控えた開始日の期間タブを選択し、期間・ブランド・機器・合計金額を記録する。MCM2006Uの「閉じる」はメニューへ戻るため、一覧へ戻る操作には使わない。 10. DB担当者に、新規契約と、その期間・ブランド・機器構成・機器明細・個体明細を、読取で確認してもらう。元見積と他の契約も、登録の前後で比べてもらう。証拠の名前(画面キャプチャのファイル名など)を記録する。 【入力値】 ・サポートID=控えたサポートID(手順1) ・期間の開始日・終了日=自動表示された値。控えた期間と異なる場合は、控えた日付(手順3) ・見積のチェック=採用する見積だけON(手順4) ・個体のチェック=採用する個体だけON(手順5) ・契約NO=新規の契約NO(手順6、手順8) ・契約日・初回契約日=控えた日付(手順6) | F11: 【画面確認】 1. 手順2で、対象行の「契約NO」が空欄であること。 2. 手順3で、MCM2007Uの期間の開始日・終了日が、選んだ見積の期間に基づいて自動表示されること。 3. 手順4で、期間内の「管理店舗・事業所」に、元の見積の送付先店舗が表示されること。送付先店舗が見積に1種類だけ設定されている場合の動作で、設定がない、または複数ある場合は、空欄になる(見積の送付先店舗の設定は、DB担当者が事前に確認する)。 4. 手順6で、MCM2006Uの「契約NO」「契約日」「初回契約日」が入力した値であること。期間、合計金額、ブランド、採用した機器が、手順3〜5で選んだ内容と一致すること。 5. 手順8の再検索で、「見積NO」と「契約NO」が控えた値と一致する行が1件表示されること。 6. 手順9で、MCM2006Uの控えた開始日の期間タブに、手順6で記録したものと同じ期間・ブランド・採用機器・合計金額が表示されること。採用しなかった個体が表示されないこと。 【DB確認】 対象テーブル=MCM_UK_KEIYAKU、MCM_UK_KIKAN、MCM_UK_BRAND、MCM_UK_KIKIKOSEI、MCM_UK_KIKIMEISAI、MCM_UK_KOTAIMEISAI、MCM_UK_MITSUMORI_BRAND、確認理由=登録した契約の内容と、元の見積・他の契約が変わっていないことを確認するため。検索条件=登録後のユーザー契約ID、期間ID、元見積のID、期待値=次のとおり。 ・登録前は、今回の契約がDBに存在しないこと。 ・MCM_UK_KEIYAKUに、今回の契約が1件登録されていること。 ・期間、採用したブランド・構成・明細・個体が、同じ契約に属して登録されていること。件数と値が、控えた内容と一致すること。 ・MCM_UK_KIKAN.IRAITENPO_IDが、元の見積(MCM_UM_KIHON_MITSUMORI)のSOFUTENPO_IDと同じであること。 ・MCM_UK_MITSUMORI_BRANDに、採用した見積との対応が、同じ契約について保存されていること。 ・元の見積、他の契約、採用しなかった機器の値が、登録前のままであること。 | G11: 1. 表示タイミング=「登録」を押下した時 表示形式=確認ダイアログ(OK/キャンセル) メッセージID=MSG_0007G 表示文言=「登録を実施します。よろしいですか?」 作業者の操作=「OK」を押下する 2. 表示タイミング=登録の完了時 表示形式=完了メッセージ メッセージID=MSG_0008G 表示文言=「登録を完了しました。」 作業者の操作=特になし | O11: =IF(L11<>"",L11,IF(H11<>"",H11,"未実施")) -> 未実施 | P11: 【対象】MCM2004U → MCM2007U → MCM2006U → MCM2004U 【確認根拠】 ・ソース:Mcm2004uScreen.vb(契約作成リンクは、MCM2006Uの更新権限がある場合だけ表示。右端の列の並びは、契約作成、契約破棄の順。契約破棄は、押下するとMSG_0066Gの確認後に契約の状態を更新するので、誤って押下しない) ・ソース:Mcm2007uScreen.vb(Load:契約リンク経由は、現在日を含む見積、なければ直近の将来の見積を自動でONにし、期間を自動設定。nextButton_Click:終了日の必須・形式・開始日<終了日・1年以内・チェック有無を検査) ・ソース:Mcm2007u2Screen.vb(TEKIYOButton_Click:新規は、MCM2006Uへ遷移) ・ソース:Mcm2006uScreen.vb(UpdateButton_Click:登録確認MSG_0007G、完了メッセージMSG_0008G) ・ソース:Mcm2006uTabControl.vb(getIraiTenpo:選んだ見積の送付先店舗が1種類の場合は、その店舗を管理店舗・事業所に設定。複数、または設定がない場合は空欄) ・画面定義:Mcm0001uScreen.Designer.vb(MCM2004UButton=「店舗見積・契約検索」)、CPBaseForm.Designer.vb(「戻る」「閉じる」) ・DB:MCM_UK_KEIYAKU、MCM_UK_KIKAN、MCM_UK_BRAND、MCM_UK_KIKIKOSEI、MCM_UK_KIKIMEISAI、MCM_UK_KOTAIMEISAI、MCM_UK_MITSUMORI_BRAND ・メッセージ:MCM_作業用\10_FRAMEWORK\CPMessage.xml、CPMessageConstant.vb ・移管元:旧版INT04-02 【統合】旧INT04-03(見積に含まれないブランド)、旧INT04-04の新規契約の分(セット数=2)、旧INT04-25(依頼店舗の反映)を、このケースに統合した 【VB/Web差異】旧版の完了文言「登録が完了しました。」は、Web版の実装の文言と思われる。VB版は「登録を完了しました。」。Web実装での再確認は未実施。 【要確認】 ・契約作成リンクのセル表示文字列(DBビューMCM_2004_Vの値)と、リンクが表示される行の条件 関連単体：2006-3 単体の表示・単独操作ではなく、期待結果の連携部分を追加判定。 根拠：R2007 / R2006 元Excel行：11。実施区分：通常操作＋DB読取。元フロー：2004U→2007U→2006U→2004U。
A12: INT04-03 | B12: 正常系 | C12: MCM2007U(ユーザ契約内容変更)→MCM2006U(ユーザー契約内容):見積で選んだブランドの機器だけが採用され、選ばなかったブランドの機器が混ざらないこと | D12: 【確認すること】 同じプラントに2つのブランド(ブランドAとブランドB)がある。見積で選んだブランドAの機器だけが契約の機器として登録され、見積に含まれないブランドBの機器が、契約の機器として混ざらないこと。登録後に開き直しても同じであること。 【前提】 ・使用ユーザー:ユーザーA(契約作成担当) ・保有権限:担当者マスタ(MCM3006U)で、MCM2006Uの利用権限が「更新」に設定されている。MCM2004U、MCM2007Uを利用できる権限もある ・必要な登録済みデータ:専用の店舗見積(1件) - 承認状態=承認済。状態は「破棄」ではなく、まだ契約が作成されていない - MCM2004Uの一覧の右端にある2つの「契約」列のうち、左側の列に、リンクが表示される行である - 納入先とプラントがマスタに登録済みである - 同じプラントに、ブランドAとブランドBがある。選ぶ見積に含まれるのはブランドAだけで、ブランドBの機器は、この見積に含まれない - 同じ名前の機器がある場合は、型式とシリアル番号で区別できる - 新規期間は、開始日が終了日より前で、期間が1年以内である ・事前に控える値:見積NO、サポートID、プラント名、納入先コード、納入先名。ブランドAとブランドBのブランド名。ブランドAの採用機器(構成・明細・個体名・シリアル番号)。ブランドBの機器(型式・シリアル番号)。新規の契約NO(未使用の番号)、契約日、初回契約日。期間の開始日・終了日、合計金額 ・【準備担当者・DB担当者が事前に行うこと】 - 新規の契約NOが未使用であることを確認する - ブランドAとブランドBの元の機器の保存値を、読取で控える ・試験専用の環境・データを使用する。接続先と実施日を記録する ・開始時の画面状態:Aはメニュー画面 | E12: 【操作】 1. [A] メニューから「店舗見積・契約検索」を選択し、MCM2004U(保守見積・ユーザー契約検索)を開く。「サポートID」に控えた値を入力し、他の入力欄は空欄にする。「状態」の「見積」「契約」「解約」「破棄」と、「承認状態」の「作成中」「審査中」「承認中」「承認済」「差戻中」を、すべてチェックして、「検索」を押下する。「見積NO」「サポートID」「プラント名」が控えた値と一致する行を探す。 2. [A] その行の右端にある2つの「契約」列のうち、左側の列のリンク(契約作成。表示文字列は実機で記録する)を押下する。右側の列のリンクは契約破棄のため、押下しない。MCM2007U(ユーザ契約内容変更)が開く。「納入先」「サポートID」「プラント名」が控えた値と一致することを確認する。上段の「期間」の開始日・終了日の欄に自動で表示された日付を記録する。控えた期間と異なる場合は、「期間」の開始日・終了日の欄に、控えた日付(yyyy/MM/dd)を入力する。 3. [A] 「≪店舗見積情報≫」で、「見積NO」と開始日が控えた値と一致する行のチェックがONになっていることを確認する。採用しない見積があれば、OFFにする。その行を選択し、右の「≪ブランド≫」の「ブランド名」「ブランド詳細」を記録して、「次へ」を押下する。 4. [A] MCM2007Uの次の画面で、「《ブランド》」のブランドAの行を選択する。「《機器構成パターン》」の構成行、「《１セット分の構成明細》」の品名・型式の行を、順に選択する。「《機器個体毎の明細》」で個体名・シリアル番号を控えた値と照合し、採用する個体と、その構成・明細をONにして、「適用」を押下する。 5. [A] MCM2006U(ユーザー契約内容)が開く。ブランドAとブランドBの表示と、ブランドAの機器を記録する。ブランドBの行が表示されても、ブランドBの機器をブランドAの機器と取り違えない。上段の「契約NO」「契約日」「初回契約日」に、控えた値を入力する。 6. [A] 画面の「登録」を押下する。確認ダイアログ「登録を実施します。よろしいですか?」で「OK」を押下する。表示された完了メッセージを記録する。入力エラーが出た場合は、メッセージの全文を記録し、手順7以降を実施済みにしない。 7. [A] MCM2006Uの「戻る」を押下して、MCM2004Uへ戻る。「契約NO」に新規の契約NOを入力し、他の入力欄は空欄にする。「状態」と「承認状態」はすべてチェックして、「検索」を押下する。「見積NO」と「契約NO」が控えた値と一致する行の「契約NO」リンクを押下する。控えた開始日の期間タブを選択し、ブランド・機器を記録する。MCM2006Uの「閉じる」はメニューへ戻るため、一覧へ戻る操作には使わない。 8. DB担当者に、新規契約のブランド・構成・明細・個体明細と、元の見積のブランドBの機器を、読取で確認してもらう。登録の前後で値を比べてもらう。証拠の名前(画面キャプチャのファイル名など)を記録する。 【入力値】 ・サポートID=控えたサポートID(手順1) ・期間の開始日・終了日=自動表示された値。控えた期間と異なる場合は、控えた日付(手順2) ・見積のチェック=採用する見積だけON(手順3) ・個体のチェック=ブランドAの採用個体だけON(手順4) ・契約NO=新規の契約NO(手順5、手順7) ・契約日・初回契約日=控えた日付(手順5) | F12: 【画面確認】 1. 手順5で、MCM2006Uに表示されるブランドAの機器が、手順4で選んだ構成・明細・個体と一致すること。ブランドBの行が表示されても、ブランドBの機器が、手順4で選んだ機器として表示されないこと。 2. 手順7で、登録後に開き直したMCM2006Uの控えた開始日の期間タブに、手順5と同じブランドAの採用機器が表示されること。ブランドBの機器が、選定した機器として追加されていないこと。 【DB確認】 対象テーブル=MCM_UK_KEIYAKU、MCM_UK_KIKAN、MCM_UK_BRAND、MCM_UK_KIKIKOSEI、MCM_UK_KIKIMEISAI、MCM_UK_KOTAIMEISAI、MCM_UK_MITSUMORI_BRAND、確認理由=選んだブランドの機器だけが契約に登録されていることを確認するため。検索条件=登録後のユーザー契約ID、ブランドAとブランドBのブランド構成ID、期待値=次のとおり。 ・ブランドAの構成→明細→個体が、手順4で選んだ元の見積の機器と同じ内容で、同じ契約に属して登録されていること。 ・MCM_UK_MITSUMORI_BRANDに、ブランドAの見積との対応が保存されていること。ブランドBとの対応は保存されていないこと。 ・MCM_UK_BRANDにブランドBの行が登録されていても、ブランドBの機器(構成・明細・個体)は、選定した機器として登録されていないこと。 ・元の見積と他の契約の値が、登録前のままであること。 | G12: 1. 表示タイミング=「登録」を押下した時 表示形式=確認ダイアログ(OK/キャンセル) メッセージID=MSG_0007G 表示文言=「登録を実施します。よろしいですか?」 作業者の操作=「OK」を押下する 2. 表示タイミング=登録の完了時 表示形式=完了メッセージ メッセージID=MSG_0008G 表示文言=「登録を完了しました。」 作業者の操作=特になし | H12: 対象外 | O12: =IF(L12<>"",L12,IF(H12<>"",H12,"未実施")) -> 対象外 | P12: 【欠番(統合)】INT04-02 に統合した(見積に含まれないブランドの確認は、INT04-02 で行う)。 【対象】MCM2007U → MCM2006U 【確認根拠】 ・ソース:Mcm2006uTabControl.vb(見積で選んだブランドは、見積のブランドからユーザー契約ブランドと店舗見積ブランドの対応を作る。選んでいないブランド構成IDは、マスタ情報からユーザー契約ブランドとして追加する) ・ソース:Mcm2006uScreen.vb(UpdateButton_Click) ・DB:MCM_UK_BRAND、MCM_UK_KIKIKOSEI、MCM_UK_KIKIMEISAI、MCM_UK_KOTAIMEISAI、MCM_UK_MITSUMORI_BRAND ・移管元:旧版INT04-03 【VB/Web差異】完了文言は、INT04-02の備考と同じ。 【要確認】 ・ブランドBの行をMCM2006Uでどう表示するか(機器構成の下に何が見えるか)は、実機で記録して確定する。 関連単体：2006-3 単体の表示・単独操作ではなく、期待結果の連携部分を追加判定。 根拠：R2006 SearchSinki・setKikiKoseiDataTable、VB2006-14/15、R2007 元Excel行：12。実施区分：通常操作＋DB読取。元フロー：2007U1/U2→2006U。
A13: INT04-04 | B13: 正常系 | C13: MCM2006U(ユーザー契約内容)→MCM2007U(ユーザ契約内容変更):登録済みの契約の個体を1つ外す変更案で「適用」すると、セット数が1になること(登録はしない) | D13: 【確認すること】 登録済みの契約を「変更」して、1つ目の明細の個体を1つ外して「適用」したとき、変更で追加された新しいタブの構成の「セット数」が1になること(明細ごとの採用個体の件数が、2と1で異なるため)。登録しないので、契約が変わらないこと。 【前提】 ・使用ユーザー:ユーザーA(契約更新担当) ・保有権限:担当者マスタ(MCM3006U)で、MCM2006Uの利用権限が「更新」に設定されている ・必要な登録済みデータ:INT04-02で登録した契約(現在日を含む期間があり、終了日が実施日の2か月以上先) ・事前に控える値:INT04-02で登録した契約NO。そのほかの値は、操作中に画面に表示された値を記録する ・【準備担当者・DB担当者が事前に行うこと】契約・期間・機器の保存値を、読取で控える ・試験専用の環境・データを使用する。接続先と実施日を記録する ・開始時の画面状態:Aはメニュー画面 | E13: 【操作】 1. [A] メニューから「店舗見積・契約検索」を選択し、MCM2004U(保守見積・ユーザー契約検索)を開く。「契約NO」にINT04-02で登録した契約NOを入力し、「状態」「承認状態」のチェックをすべて付けて、「検索」を押下する。「契約NO」リンクを押下する。 2. [A] MCM2006U(ユーザー契約内容)で、現在日を含む期間のタブ(タブ名は開始日)を選択する。構成の「セット数」と、各明細の「数量」を記録する。 3. [A] 「変更摘要開始日」に、実施日の翌日(yyyy/MM/dd)を入力して、「変更」を押下する。範囲を知らせるエラー(「{開始日}から{終了日}の間の日付を設定してください。」)が出た場合は、全文を記録し、手順4以降を実施しない。 4. [A] MCM2007U(ユーザ契約内容変更)が別のウィンドウで開く。「期間」の開始日が、手順3で入力した日付で、変更できない状態であることを確認する。「期間」の終了日に、手順3で入力した日付の1年後の前日(例:2026/10/17なら2027/10/16)を入力する。「≪店舗見積情報≫」の見積のチェックがONであることを確認して、「次へ」を押下する。 5. [A] 次の画面で、「《ブランド》」「《機器構成パターン》」「《１セット分の構成明細》」の1つ目の明細を選択する。「《機器個体毎の明細》」でONになっている2個体を記録し、そのうち1個体だけをOFFにする。「適用」を押下する。 6. [A] MCM2007Uが閉じて、MCM2006Uに戻る。変更で追加された新しいタブ(タブ名は手順3で入力した日付)を選択し、構成の「セット数」と、各明細の「数量」を記録する。「登録」は押下しない。 7. [A] 「閉じる」を押下する。確認ダイアログ「データが変更されています。破棄されますがよろしいですか?」で「OK」を押下する。 8. DB担当者に、契約・期間・機器の保存値を、操作の前後で比べてもらう。 【入力値】 ・契約NO=INT04-02で登録した契約NO(手順1) ・変更摘要開始日=実施日の翌日(手順3) ・期間の終了日(MCM2007U)=手順3で入力した日付の1年後の前日(手順4) ・個体のチェック=1つ目の明細のONの個体を、1つだけOFF(手順5) | F13: 【画面確認】 1. 手順2で、「セット数」が2であること。 2. 手順6で、新しいタブの「セット数」が1であること。1つ目の明細の「数量」が、残した1個体の数量、2つ目の明細の「数量」が、手順2と同じであること。 【DB確認】 対象テーブル=MCM_UK_KEIYAKU、MCM_UK_KIKAN、MCM_UK_KIKIKOSEI、MCM_UK_KIKIMEISAI、MCM_UK_KOTAIMEISAI、確認理由=登録していない変更案が、保存されていないことを確認するため。期待値=期間の件数、機器、セット数、数量が、操作の前後で変わっていないこと(新しい期間が追加されていないこと)。 | G13: 表示タイミング=手順7で、「閉じる」を押下した時(未保存の変更がある場合) 表示形式=確認ダイアログ(OK/キャンセル) メッセージID=FWM_0016G 表示文言=「データが変更されています。破棄されますがよろしいですか?」 作業者の操作=「OK」を押下する | O13: =IF(L13<>"",L13,IF(H13<>"",H13,"未実施")) -> 未実施 | P13: 【対象】MCM2006U → MCM2007U 【確認根拠】Mcm2007u2Screen.vb(セット数・数量の計算。変更経由は、いったん全部OFFにし、契約に登録済みの構成・明細・個体だけONに戻す)、CPBaseForm.vb(未保存の変更がある場合、FWM_0016Gを表示)、Mcm2006uTabControl.vb(HenkoButton_Click:変更摘要開始日の検査) 【統合】新規契約の分は、INT04-02に統合した 【移管元】旧版INT04-04 関連単体：2006-3 単体の表示・単独操作ではなく、期待結果の連携部分を追加判定。 根拠：R2007 u2 Screen 407～454、R2006 元Excel行：13。実施区分：通常操作＋DB読取。元フロー：2007U2→2006U→3004U。
A14: INT04-05 | B14: 正常系 | C14: MCM2006U(ユーザー契約内容)→MCM2007U(ユーザ契約内容変更)→MCM2006U:現在日を含む期間の終了日の翌日から始まる新しい期間を追加して登録できること | D14: 【確認すること】 現在日を含む期間の終了日の翌日を開始日として「変更」し、登録したとき、元の期間が残り、新しい期間が追加されること。2つの期間が連続すること。新しい期間の機器が、元の期間から引き継がれること。 【前提】 ・使用ユーザー:ユーザーA(契約更新担当) ・保有権限:担当者マスタ(MCM3006U)で、MCM2006Uの利用権限が「更新」に設定されている ・必要な登録済みデータ:基準の見積から、INT04-02の手順で作成した契約(INT04-02、04の契約とは別の契約)。現在日を含む期間の終了日が、実施日以後である ・点検の用意:新しい期間を追加する前に、現在日を含む期間のタブの点検情報の表の新しい行に、「内容」に「INT04点検(古い期間)」、対象の月を1つ以上ONにして入力し、「登録」を押下して登録しておく(INT04-14で使う。追加後は、元の期間に入力できなくなる) ・事前に控える値:この契約の契約NO。そのほかの値は、操作中に画面に表示された値を記録する ・【準備担当者・DB担当者が事前に行うこと】契約・期間・機器・「INT04点検(古い期間)」の保存値を、読取で控える ・試験専用の環境・データを使用する。接続先と実施日を記録する ・開始時の画面状態:Aはメニュー画面 | E14: 【操作】 1. [A] メニューから「店舗見積・契約検索」を選択し、MCM2004U(保守見積・ユーザー契約検索)を開く。「契約NO」にこの契約の契約NOを入力し、「状態」「承認状態」のチェックをすべて付けて、「検索」を押下する。「契約NO」リンクを押下する。 2. [A] MCM2006U(ユーザー契約内容)で、現在日を含む期間のタブ(タブ名は開始日)を選択する。期間の開始日・終了日、機器、点検情報の表の「INT04点検(古い期間)」の行を記録する。上段の「次回更新日」も記録する。 3. [A] 「変更摘要開始日」に、現在日を含む期間の終了日の翌日(yyyy/MM/dd)を入力して、「変更」を押下する。範囲を知らせるエラー(「{開始日}から{終了日}の間の日付を設定してください。」)が出た場合は、全文を記録し、手順4以降を実施しない。 4. [A] MCM2007U(ユーザ契約内容変更)が別のウィンドウで開く。「期間」の開始日が、手順3で入力した日付で、変更できない状態であることを確認する。「期間」の終了日に、手順3で入力した日付の1年後の前日を入力する。「≪店舗見積情報≫」の見積のチェックがONであることを確認して、「次へ」を押下する。 5. [A] 次の画面で、「《ブランド》」「《機器構成パターン》」「《１セット分の構成明細》」の行を順に選択し、ONになっている個体を記録する。変更せずに、「適用」を押下する。 6. [A] MCM2007Uが閉じて、MCM2006Uに戻る。現在日を含む期間のタブと、変更で追加された新しいタブ(タブ名は手順3で入力した日付)を選択し、それぞれの期間の開始日・終了日、機器を記録する。上段の「次回更新日」も記録する。 7. [A] 「登録」を押下し、確認ダイアログ「登録を実施します。よろしいですか?」で「OK」を押下する。表示された完了メッセージを記録する。入力エラーが出た場合は、メッセージの全文を記録し、手順8以降を実施しない。 8. [A] 「戻る」を押下する。MCM2004Uで、手順1と同じ条件で「検索」し、「契約NO」リンクを押下する。2つのタブを順に選択し、期間の開始日・終了日、機器、上段の「次回更新日」を記録する。元の期間のタブでは、「INT04点検(古い期間)」の行も記録する。 9. DB担当者に、契約・期間・機器・「INT04点検(古い期間)」の保存値を、登録の前後で比べてもらう。 【入力値】 ・契約NO=この契約の契約NO(手順1) ・変更摘要開始日=現在日を含む期間の終了日の翌日(手順3) ・期間の終了日(MCM2007U)=手順3で入力した日付の1年後の前日(手順4) ・個体のチェック=変更しない(手順5) | F14: 【画面確認】 1. 手順4で、MCM2007Uの「期間」の開始日が、手順3で入力した日付であること。 2. 手順6で、タブが2つ(元の期間と、開始日が手順3で入力した日付の新しい期間)になること。元の期間の開始日・終了日・機器が、手順2と同じであること。新しい期間の終了日が、手順4で入力した日付であり、機器が元の期間と同じであること。 3. 手順6と手順8で、上段の「次回更新日」が、新しい期間の終了日の翌日であること。 4. 手順8で、登録後に開き直した契約のタブが2つで、期間の開始日・終了日と機器が、手順6と同じであること。元の期間の終了日の翌日が、新しい期間の開始日であること。元の期間の点検情報の表に、「INT04点検(古い期間)」の行があること。 【DB確認】 対象テーブル=MCM_UK_KEIYAKU、MCM_UK_KIKAN、MCM_UK_KIKIKOSEI、MCM_UK_KIKIMEISAI、MCM_UK_KOTAIMEISAI、MCM_UK_TENKEN、確認理由=元の期間が変わらず、新しい期間が別の期間として追加されることを確認するため。期待値=次のとおり。 ・元の期間の期間IDが変わらず、期間が1件増えて、新しい期間が登録されていること。 ・元の期間の開始日・終了日・機器・「INT04点検(古い期間)」が、登録前のままであること。 ・新しい期間の機器が、元の期間から引き継がれていること。 ・MCM_UK_KEIYAKU.JIKAIKOSIN_DTが、新しい期間の終了日の翌日であること。 | G14: 1. 表示タイミング=手順7で、「登録」を押下した時 表示形式=確認ダイアログ(OK/キャンセル) メッセージID=MSG_0007G 表示文言=「登録を実施します。よろしいですか?」 作業者の操作=「OK」を押下する 2. 表示タイミング=登録の完了時 表示形式=完了メッセージ メッセージID=MSG_0008G 表示文言=「登録を完了しました。」 作業者の操作=特になし | O14: =IF(L14<>"",L14,IF(H14<>"",H14,"未実施")) -> 未実施 | P14: 【対象】MCM2006U → MCM2007U → MCM2006U 【確認根拠】Mcm2006uTabControl.vb(HenkoButton_Click:変更摘要開始日の範囲=直前の期間の開始日~終了日の翌日。TekiyoButtonUpdate、TekiyoButtonInsert:元の期間は残り、新しいタブが追加される。View:最新のタブ以外は点検情報を入力できない)、Mcm2007uScreen.vb(変更経由は、開始日が編集不可、終了日は空欄から入力)、Mcm2006uScreen.vb(UpdateButton_Click:次回更新日=最後のタブの終了日の翌日) 【依存】INT04-06、INT04-14が、このケースの結果(新しい期間、点検)を前提とする 【移管元】旧版INT04-07 関連単体：2006-5, 2006-24 単体の表示・単独操作ではなく、期待結果の連携部分を追加判定。 根拠：R2006 / R2007 元Excel行：16。実施区分：通常操作＋DB読取。元フロー：2006U→2007U→2006U。
A15: INT04-06 | B15: 正常系 | C15: MCM2006U(ユーザー契約内容)→MCM2007U(ユーザ契約内容変更)→MCM2006U:現在日より後に始まる最新の期間の機器と備考を、開始日を変えずに変更して登録できること | D15: 【確認すること】 現在日より後に始まる最新の期間の機器と、期間内の備考を、開始日を変えずに変更して登録したとき、開始日が変わらず、機器と備考だけが変わること。1つ前の期間(現在日を含む期間)が変わらず、期間が重複して追加されないこと。1つ前の期間では、期間内の備考を入力できないこと。 【前提】 ・使用ユーザー:ユーザーA(契約更新担当) ・保有権限:担当者マスタ(MCM3006U)で、MCM2006Uの利用権限が「更新」に設定されている ・必要な登録済みデータ:INT04-05で追加した新しい期間がある契約(INT04-05の契約。現在日より後に始まる最新の期間と、その直前の、現在日を含む期間がある) ・事前に控える値:この契約の契約NO。そのほかの値は、操作中に画面に表示された値を記録する ・【準備担当者・DB担当者が事前に行うこと】契約・期間・機器の保存値を、読取で控える ・試験専用の環境・データを使用する。接続先と実施日を記録する ・開始時の画面状態:Aはメニュー画面 | E15: 【操作】 1. [A] メニューから「店舗見積・契約検索」を選択し、MCM2004U(保守見積・ユーザー契約検索)を開く。「契約NO」にこの契約の契約NOを入力し、「状態」「承認状態」のチェックをすべて付けて、「検索」を押下する。「契約NO」リンクを押下する。 2. [A] MCM2006U(ユーザー契約内容)で、最新の期間のタブ(現在日より後に始まる期間。タブ名は開始日)を選択する。期間の開始日・終了日、期間内の「備考」、機器(1つ目の明細でONの個体)を記録する。1つ前の期間のタブを選択し、期間の開始日・終了日と、期間内の「備考」が入力できない状態であることを記録する。上段の「次回更新日」と、上段の「備考」も記録する。 3. [A] 最新の期間のタブを選択し、期間内の「備考」(期間のタブの中にある「備考」。上段の「備考」とは別)に、「INT04最新後」を入力する。 4. [A] 「変更摘要開始日」に、最新の期間の開始日(yyyy/MM/dd)を入力して、「変更」を押下する。範囲を知らせるエラー(「{開始日}から{終了日}の間の日付を設定してください。」)が出た場合は、全文を記録し、手順5以降を実施しない。 5. [A] MCM2007U(ユーザ契約内容変更)が別のウィンドウで開く。「期間」の開始日が、最新の期間の開始日で、変更できない状態であることを確認する。「期間」の終了日に、手順2で記録した最新の期間の終了日を入力する。「≪店舗見積情報≫」の見積のチェックがONであることを確認して、「次へ」を押下する。 6. [A] 次の画面で、「《ブランド》」「《機器構成パターン》」「《１セット分の構成明細》」の1つ目の明細を選択する。「《機器個体毎の明細》」で、ONの個体のうち1つをOFFにし、OFFの個体のうち1つをONにして、「適用」を押下する。 7. [A] MCM2007Uが閉じて、MCM2006Uに戻る。最新の期間のタブの名前(開始日)、期間の開始日・終了日、期間内の「備考」、機器と、タブの数を記録する。1つ前の期間のタブの開始日・終了日も記録する。上段の「次回更新日」も記録する。 8. [A] 「登録」を押下し、確認ダイアログ「登録を実施します。よろしいですか?」で「OK」を押下する。表示された完了メッセージを記録する。入力エラーが出た場合は、メッセージの全文を記録し、手順9以降を実施しない。 9. [A] 「戻る」を押下する。MCM2004Uで、手順1と同じ条件で「検索」し、「契約NO」リンクを押下する。最新の期間のタブと1つ前の期間のタブを選択し、期間の開始日・終了日、期間内の「備考」、機器、上段の「備考」と「次回更新日」を記録する。 10. DB担当者に、契約・期間・機器・備考の保存値を、登録の前後で比べてもらう。 【入力値】 ・契約NO=この契約の契約NO(手順1) ・最新の期間の期間内の備考=「INT04最新後」(手順3) ・変更摘要開始日=最新の期間の開始日(手順4) ・期間の終了日(MCM2007U)=手順2で記録した最新の期間の終了日(手順5) ・個体のチェック=1つ目の明細で、ONの個体を1つOFF、OFFの個体を1つON(手順6) | F15: 【画面確認】 1. 手順2で、1つ前の期間のタブの期間内の「備考」が、入力できない状態であること。 2. 手順5で、MCM2007Uの「期間」の開始日が、最新の期間の開始日であること。 3. 手順7で、最新の期間のタブの名前と開始日、終了日が、手順2と同じであること。期間内の「備考」が「INT04最新後」であること。機器が、OFFにした個体を含まず、ONにした個体を含むこと。タブの数が増えていないこと。1つ前の期間の開始日・終了日が、手順2と同じであること。 4. 手順7と手順9で、上段の「次回更新日」が、最新の期間の終了日の翌日であること。 5. 手順9で、登録後に開き直した最新の期間のタブが、手順7と同じ内容であること。1つ前の期間のタブの内容が、手順2と同じであること。上段の「備考」が、手順2と同じであること。 【DB確認】 対象テーブル=MCM_UK_KEIYAKU、MCM_UK_KIKAN、MCM_UK_KIKIKOSEI、MCM_UK_KIKIMEISAI、MCM_UK_KOTAIMEISAI、確認理由=最新の期間の既存の行が更新され、期間が重複して追加されず、ほかの期間と契約の備考が変わらないことを確認するため。期待値=次のとおり。 ・最新の期間の期間IDが、登録の前後で同じであり、期間の件数が増えていないこと。 ・最新の期間の開始日・終了日が、変更前と同じ、期間内の備考(MCM_UK_KIKAN.BIKO)が「INT04最新後」、機器が手順6の内容であること。 ・1つ前の期間の開始日・終了日・備考・機器が、登録前のままであること。 ・MCM_UK_KEIYAKU.BIKO(上段の備考)が、登録前のままであること。 ・MCM_UK_KEIYAKU.JIKAIKOSIN_DTが、最新の期間の終了日の翌日であること。 | G15: 1. 表示タイミング=手順8で、「登録」を押下した時 表示形式=確認ダイアログ(OK/キャンセル) メッセージID=MSG_0007G 表示文言=「登録を実施します。よろしいですか?」 作業者の操作=「OK」を押下する 2. 表示タイミング=登録の完了時 表示形式=完了メッセージ メッセージID=MSG_0008G 表示文言=「登録を完了しました。」 作業者の操作=特になし | O15: =IF(L15<>"",L15,IF(H15<>"",H15,"未実施")) -> 未実施 | P15: 【対象】MCM2006U → MCM2007U → MCM2006U 【確認根拠】Mcm2006uScreen.vb(最新タブが未来の日付なら未来タブ。CalledFromForwardScreen:未来タブはタブ名を変更摘要開始日に設定)、Mcm2006uTabControl.vb(HenkoButton_Click:変更摘要開始日の検査。TekiyoButtonUpdateFuterTab:未来タブの開始日・終了日・機器を更新。View:最新のタブ以外は備考を含めて入力できない)、Mcm2006uScreen.vb(UpdateButton_Click:次回更新日=最後のタブの終了日の翌日) 【統合】旧INT04-11(最新の期間の備考の変更)を、このケースに統合した 【依存】INT04-05を実施済みであること。実施できない場合は、同じ状態の契約を準備担当者が用意する 【移管元】旧版INT04-05、INT04-11 関連単体：2006-24 単体の表示・単独操作ではなく、期待結果の連携部分を追加判定。 根拠：R2006 Screen 156～186、R2007 元Excel行：14。実施区分：通常操作＋DB読取。元フロー：2006U→2007U→2006U。
A16: INT04-07 | B16: 正常系 | C16: MCM2006U(ユーザー契約内容)→MCM2007U(ユーザ契約内容変更)→MCM2006U:現在日を含む期間を途中で変更して登録すると、元の期間と新しい期間が保存され、新しい期間の機器が変更後の内容になること | D16: 【確認すること】 現在日を含む期間を、期間の途中の日付で「変更」して登録したとき、元の期間が残り、その日付から始まる新しい期間が追加されること。新しい期間の機器が、変更後の内容になること。元の期間の機器が変わらないこと。 【前提】 ・使用ユーザー:ユーザーA(契約更新担当) ・保有権限:担当者マスタ(MCM3006U)で、MCM2006Uの利用権限が「更新」に設定されている ・必要な登録済みデータ:基準の見積から、INT04-02の手順で作成した契約(INT04-02、04、05の契約とは別の契約)。現在日を含む期間の終了日が、実施日の2か月以上先 ・事前に控える値:この契約の契約NO。そのほかの値は、操作中に画面に表示された値を記録する ・【準備担当者・DB担当者が事前に行うこと】契約・期間・機器の保存値を、読取で控える ・試験専用の環境・データを使用する。接続先と実施日を記録する ・開始時の画面状態:Aはメニュー画面 | E16: 【操作】 1. [A] メニューから「店舗見積・契約検索」を選択し、MCM2004U(保守見積・ユーザー契約検索)を開く。「契約NO」にこの契約の契約NOを入力し、「状態」「承認状態」のチェックをすべて付けて、「検索」を押下する。「契約NO」リンクを押下する。 2. [A] MCM2006U(ユーザー契約内容)で、現在日を含む期間のタブ(タブ名は開始日)を選択する。期間の開始日・終了日、機器(1つ目の明細でONの個体)を記録する。上段の「次回更新日」も記録する。 3. [A] 「変更摘要開始日」に、実施日の翌日(yyyy/MM/dd)を入力して、「変更」を押下する。範囲を知らせるエラー(「{開始日}から{終了日}の間の日付を設定してください。」)が出た場合は、全文を記録し、手順4以降を実施しない。 4. [A] MCM2007U(ユーザ契約内容変更)が別のウィンドウで開く。「期間」の開始日が、手順3で入力した日付で、変更できない状態であることを確認する。「期間」の終了日に、手順3で入力した日付の1年後の前日を入力する。「≪店舗見積情報≫」の見積のチェックがONであることを確認して、「次へ」を押下する。 5. [A] 次の画面で、「《ブランド》」「《機器構成パターン》」「《１セット分の構成明細》」の1つ目の明細を選択する。「《機器個体毎の明細》」で、ONの個体のうち1つをOFFにし、OFFの個体のうち1つをONにして、「適用」を押下する。 6. [A] MCM2007Uが閉じて、MCM2006Uに戻る。現在日を含む期間のタブと、変更で追加された新しいタブ(タブ名は手順3で入力した日付)を選択し、それぞれの期間の開始日・終了日、機器を記録する。タブ名の末尾に「*」が付いているかも記録する。上段の「次回更新日」も記録する。 7. [A] 現在日を含む期間のタブの終了日が、手順3で入力した日付の前日でない場合は、その期間の終了日の欄に、前日(yyyy/MM/dd)を入力する。入力前の終了日を記録する。入力して別の欄へ移動したときに通知が表示された場合は、全文を記録し、「OK」を押下する。 8. [A] 「登録」を押下し、確認ダイアログ「登録を実施します。よろしいですか?」で「OK」を押下する。表示された完了メッセージを記録する。入力エラーが出た場合は、メッセージの全文を記録し、手順9以降を実施しない。 9. [A] 「戻る」を押下する。MCM2004Uで、手順1と同じ条件で「検索」し、「契約NO」リンクを押下する。2つのタブを順に選択し、期間の開始日・終了日、機器、上段の「次回更新日」を記録する。 10. DB担当者に、契約・期間・機器の保存値を、登録の前後で比べてもらう。 【入力値】 ・契約NO=この契約の契約NO(手順1) ・変更摘要開始日=実施日の翌日(手順3) ・期間の終了日(MCM2007U)=手順3で入力した日付の1年後の前日(手順4) ・個体のチェック=1つ目の明細で、ONの個体を1つOFF、OFFの個体を1つON(手順5) ・現在日を含む期間の終了日=手順3で入力した日付の前日(手順7。前日でない場合だけ入力) | F16: 【画面確認】 1. 手順4で、MCM2007Uの「期間」の開始日が、手順3で入力した日付であること。 2. 手順6で、新しいタブの開始日が手順3で入力した日付、終了日が手順4で入力した日付であること。新しいタブの機器が、OFFにした個体を含まず、ONにした個体を含むこと。 3. 手順6で、現在日を含む期間のタブの機器が、手順2と同じ(OFFにした個体を含む)であること。 4. 手順6で、現在日を含む期間の終了日と、タブ名の末尾の「*」の有無を記録する。 5. 手順6と手順9で、上段の「次回更新日」が、新しい期間の終了日の翌日であること。 6. 手順9で、登録後に開き直した契約で、現在日を含む期間の終了日が手順3で入力した日付の前日、新しい期間の開始日が手順3で入力した日付、終了日が手順4で入力した日付であること。両方の期間の機器が、手順6と同じであること。 【DB確認】 対象テーブル=MCM_UK_KEIYAKU、MCM_UK_KIKAN、MCM_UK_KIKIKOSEI、MCM_UK_KIKIMEISAI、MCM_UK_KOTAIMEISAI、確認理由=元の期間が残り、新しい期間が別の期間として追加され、新しい期間の機器だけが変更されることを確認するため。期待値=次のとおり。 ・元の期間の期間IDが変わらず、期間が1件増えて、新しい期間が登録されていること。 ・元の期間の終了日が手順3で入力した日付の前日、新しい期間の開始日が手順3で入力した日付、終了日が手順4で入力した日付であること。 ・元の期間の機器が、登録前のままであり、新しい期間の機器が手順5の内容であること。 ・MCM_UK_KEIYAKU.JIKAIKOSIN_DTが、新しい期間の終了日の翌日であること。 | G16: 1. 表示タイミング=手順7で、現在日を含む期間の終了日を入力し、別の欄へ移動した時 表示形式=通知 メッセージID=MSG_0077G 表示文言=「{0}タブの終了日は{1}に変更されます。」({0}=新しいタブの変更前のタブ名、{1}=手順3で入力した日付。VB版の文言は「終了日」だが、実際に変わるのは新しい期間の開始日) 作業者の操作=「OK」を押下する 2. 表示タイミング=手順8で、「登録」を押下した時 表示形式=確認ダイアログ(OK/キャンセル) メッセージID=MSG_0007G 表示文言=「登録を実施します。よろしいですか?」 作業者の操作=「OK」を押下する 3. 表示タイミング=登録の完了時 表示形式=完了メッセージ メッセージID=MSG_0008G 表示文言=「登録を完了しました。」 作業者の操作=特になし | O16: =IF(L16<>"",L16,IF(H16<>"",H16,"未実施")) -> 未実施 | P16: 【対象】MCM2006U → MCM2007U → MCM2006U 【確認根拠】Mcm2006uTabControl.vb(HenkoButton_Click:変更摘要開始日の検査。TekiyoButtonUpdate:変更日が元の期間の開始日と異なるので、元の期間は残り、新しいタブが追加される。「終了日を変更する」行はコメントアウト)、Mcm2006uScreen.vb(SyuryoDtHenkoLeave:期間の終了日を書き換えると、次のタブの開始日を「終了日の翌日」にし、MSG_0077Gを表示。UpdateButton_Click:次回更新日=最後のタブの終了日の翌日) 【VB/Web差異】旧版の「元の期間は開始日~変更日の前日」は、VBのソースで自動に変わる処理を確認できないため、手順7で確認する形にした 【要確認】「適用」の後、現在日を含む期間の終了日が自動で変更日の前日になるか(手順6の記録で確定する。手順7は、前日でない場合の補正操作で、VBの仕様として必須かは未確認) 【移管元】旧版INT04-06 関連単体：2006-24 単体の表示・単独操作ではなく、期待結果の連携部分を追加判定。 根拠：R2006 / R2007 、VB2006-15/16 元Excel行：15。実施区分：通常操作＋DB読取。元フロー：2006U→2007U→2006U。
A17: INT04-08 | B17: 正常系 | C17: MCM2006U(ユーザー契約内容)→MCM2007U(ユーザ契約内容変更)→MCM2006U:変更案を「適用」せずに取り消したとき、契約の保存値と画面の入力内容が変わらないこと | D17: 【確認すること】 「変更」で開いたMCM2007Uで機器の選択を変えても、「適用」を押さずに閉じたとき、変更案が契約に反映されないこと。MCM2006Uに入力済みの未保存の備考が、そのまま画面に残ること。登録せずに画面を閉じたあと、契約を開き直すと、保存済みの値のままであること。 【前提】 ・使用ユーザー:ユーザーA(契約更新担当) ・保有権限:担当者マスタ(MCM3006U)で、MCM2006Uの利用権限が「更新」に設定されている ・必要な登録済みデータ:INT04-02で登録した契約(現在日を含む期間があり、終了日が実施日の2か月以上先) ・事前に控える値:INT04-02で登録した契約NO。そのほかの値は、操作中に画面に表示された値を記録する ・【準備担当者・DB担当者が事前に行うこと】契約・期間・機器・備考の保存値を、読取で控える ・試験専用の環境・データを使用する。接続先と実施日を記録する ・開始時の画面状態:Aはメニュー画面 | E17: 【操作】 1. [A] メニューから「店舗見積・契約検索」を選択し、MCM2004U(保守見積・ユーザー契約検索)を開く。「契約NO」にINT04-02で登録した契約NOを入力し、「状態」「承認状態」のチェックをすべて付けて、「検索」を押下する。「契約NO」リンクを押下する。 2. [A] MCM2006U(ユーザー契約内容)で、上段の「備考」(製番一覧の右にある欄。期間内の「備考」とは別)の保存値と、タブの数を記録する。現在日を含む期間のタブ(タブ名は開始日)を選択し、期間の開始日・終了日、機器を記録する。 3. [A] 上段の「備考」に、「INT04取消前入力」を入力する。 4. [A] 現在日を含む期間のタブを選択したまま、「変更摘要開始日」に、実施日の翌日(yyyy/MM/dd)を入力して、「変更」を押下する。範囲を知らせるエラー(「{開始日}から{終了日}の間の日付を設定してください。」)が出た場合は、全文を記録し、手順5以降を実施しない。 5. [A] MCM2007U(ユーザ契約内容変更)が別のウィンドウで開く。「期間」の終了日に、手順4で入力した日付の1年後の前日を入力する。「≪店舗見積情報≫」の見積のチェックがONであることを確認して、「次へ」を押下する。 6. [A] 次の画面で、「《ブランド》」「《機器構成パターン》」「《１セット分の構成明細》」の1つ目の明細を選択する。「《機器個体毎の明細》」で、ONの個体を1つOFFにする。「適用」は押下しない。 7. [A] MCM2007Uのウィンドウの「閉じる」を押下する。確認ダイアログ「データが変更されています。破棄されますがよろしいですか?」が出た場合は、「OK」を押下して記録する(「戻る」は1画面目へ戻るボタンなので、押下しない)。 8. [A] MCM2006Uに戻ったら、上段の「備考」、タブの数、現在日を含む期間のタブの期間の開始日・終了日、機器を記録する。「登録」は押下しない。 9. [A] MCM2006Uの「閉じる」を押下する。確認ダイアログ「データが変更されています。破棄されますがよろしいですか?」が表示されることを記録し、「OK」を押下して、メニューへ戻る。 10. [A] 手順1と同じ操作で、MCM2006Uを開き直す。上段の「備考」、タブの数、現在日を含む期間のタブの期間の開始日・終了日、機器を記録する。 11. DB担当者に、契約・期間・機器・備考の保存値を、操作の前後で比べてもらう。 【入力値】 ・契約NO=INT04-02で登録した契約NO(手順1) ・上段の備考=「INT04取消前入力」(手順3。登録しない) ・変更摘要開始日=実施日の翌日(手順4) ・期間の終了日(MCM2007U)=手順4で入力した日付の1年後の前日(手順5) ・個体のチェック=ONの個体を1つOFF(手順6。適用しない) | F17: 【画面確認】 1. 手順8で、上段の「備考」が「INT04取消前入力」のままであること(未保存の入力が、画面に残る)。タブの数が手順2と同じ(新しいタブが追加されていない)で、現在日を含む期間のタブの期間の開始日・終了日、機器が、手順2と同じであること。 2. 手順9で、確認ダイアログが表示されること。 3. 手順10で、上段の「備考」が保存値(手順2)に戻っていること。タブの数、現在日を含む期間のタブの期間の開始日・終了日、機器が、手順2と同じであること。 【DB確認】 対象テーブル=MCM_UK_KEIYAKU、MCM_UK_KIKAN、MCM_UK_KIKIKOSEI、MCM_UK_KIKIMEISAI、MCM_UK_KOTAIMEISAI、確認理由=適用せずに取り消した変更案と、未保存の備考が、保存されていないことを確認するため。期待値=次のとおり。 ・MCM_UK_KEIYAKU.BIKOが保存値のままで、「INT04取消前入力」になっていないこと。 ・期間の件数、各期間の開始日・終了日、機器が、操作の前後で変わっていないこと。 ・契約の更新日時・更新者が、操作の前後で変わっていないこと。 | G17: 1. 表示タイミング=手順7で、MCM2007Uの「閉じる」を押下した時(MCM2007Uに未保存の変更がある場合) 表示形式=確認ダイアログ(OK/キャンセル) メッセージID=FWM_0016G 表示文言=「データが変更されています。破棄されますがよろしいですか?」 作業者の操作=「OK」を押下する 2. 表示タイミング=手順9で、MCM2006Uの「閉じる」を押下した時 表示形式=確認ダイアログ(OK/キャンセル) メッセージID=FWM_0016G 表示文言=「データが変更されています。破棄されますがよろしいですか?」 作業者の操作=「OK」を押下する | O17: =IF(L17<>"",L17,IF(H17<>"",H17,"未実施")) -> 未実施 | P17: 【対象】MCM2006U → MCM2007U → MCM2006U 【確認根拠】Mcm2006uScreen.vb(TabHenkoButtonClick:「変更」は、MCM2007Uを別ウィンドウで開く。CalledFromForwardScreen:渡されたデータがない場合は何もしない)、CPBaseForm.vb(CheckChangeStatus:変更ステータスがONなら、FWM_0016Gの確認を出す) 【VB/Web差異】旧版は「適用を押さずに『閉じる』で2006Uへ戻る」と記載していた。VBでは、MCM2007Uは別ウィンドウで開くため、そのウィンドウを閉じる操作になる 【要確認】手順7の確認ダイアログが、MCM2007Uで出るか(個体のチェックの変更で変更ステータスがONになるか)。出ない場合は、期待メッセージ1は「表示されない」として扱う 【移管元】旧版INT04-08 関連単体：2006-24 単体の表示・単独操作ではなく、期待結果の連携部分を追加判定。 根拠：R2006 / R2007 元Excel行：17。実施区分：通常操作＋DB読取。元フロー：2006U→2007U→2006U。
A18: INT04-09 | B18: 正常系 | C18: MCM2007U(ユーザ契約内容変更)→MCM2006U(ユーザー契約内容):前の画面に戻ってブランドを選び直したとき、最終的に選んだブランドの機器だけが契約に登録されること | D18: 【確認すること】 MCM2007Uの2画面目で、見積Aのブランド(ブランドA)の個体を選んだあと、「戻る」で1画面目へ戻り、見積Bを選び直して(見積AをOFF、見積BをON)、ブランドBの機器を選んで「適用」したとき、ブランドBの機器だけが契約の機器として登録されること。最初に選んだブランドAの機器が、契約に残らないこと。 【前提】 ・使用ユーザー:ユーザーA(契約作成担当) ・保有権限:担当者マスタ(MCM3006U)で、MCM2006Uの利用権限が「更新」に設定されている。MCM2004U、MCM2007Uを利用できる権限もある ・必要な登録済みデータ:専用の店舗見積を2件(見積A、見積B) - 同じプラントの見積である。どちらも、承認状態=承認済。状態は「破棄」ではなく、まだ契約が作成されていない - 見積Aの行に、MCM2004Uの一覧の右端にある2つの「契約」列のうち、左側の列のリンクが表示される - 見積AにはブランドA、見積BにはブランドBが含まれ、それぞれ別の個体を持つ - 新規期間は、開始日が終了日より前で、期間が1年以内である ・事前に控える値:見積A・見積BそれぞれのNO、サポートID、プラント名、納入先コード、納入先名。ブランドA・ブランドBのブランド名と、それぞれの採用個体(構成・明細・個体名・シリアル番号)。新規の契約NO(未使用の番号)、契約日、初回契約日。期間の開始日・終了日 ・【準備担当者・DB担当者が事前に行うこと】 - 新規の契約NOが未使用であることを確認する - 見積A・見積Bの機器、状態、更新日時・更新者の保存値を、読取で控える ・試験専用の環境・データを使用する。接続先と実施日を記録する ・開始時の画面状態:Aはメニュー画面 | E18: 【操作】 1. [A] メニューから「店舗見積・契約検索」を選択し、MCM2004U(保守見積・ユーザー契約検索)を開く。「サポートID」に控えた値を入力し、他の入力欄は空欄にする。「状態」の「見積」「契約」「解約」「破棄」と、「承認状態」の「作成中」「審査中」「承認中」「承認済」「差戻中」を、すべてチェックして、「検索」を押下する。見積Aと見積Bの行を記録する(「契約NO」が空欄であること)。 2. [A] 見積Aの行の右端にある2つの「契約」列のうち、左側の列のリンク(契約作成。右側の列は契約破棄のため押下しない)を押下する。MCM2007U(ユーザ契約内容変更)が開く。上段の「期間」の開始日・終了日の欄に自動で表示された日付を記録する。控えた期間と異なる場合は、「期間」の開始日・終了日の欄に、控えた日付(yyyy/MM/dd)を入力する。 3. [A] 「≪店舗見積情報≫」で、見積AのチェックがONになっていることを確認して、「次へ」を押下する。 4. [A] 次の画面で、「《ブランド》」のブランドAの行を選択し、「《機器構成パターン》」「《１セット分の構成明細》」の行を順に選択する。「《機器個体毎の明細》」で、ブランドAの採用個体をONにする。 5. [A] 画面の「戻る」を押下して、1画面目へ戻る。確認ダイアログ「データが変更されています。破棄されますがよろしいですか?」が出た場合は、「OK」を押下して記録する。「閉じる」は押下しない。 6. [A] 「≪店舗見積情報≫」で、見積AのチェックをOFFにし、見積BのチェックをONにする。最終的に、見積Aが OFF、見積Bが ON になっていることを記録して、「次へ」を押下する。 7. [A] 次の画面で、「《ブランド》」のブランドBの行を選択し、「《機器構成パターン》」「《１セット分の構成明細》」の行を順に選択する。「《機器個体毎の明細》」で、ブランドBの採用個体だけをONにする。ブランドAの個体がONになっていないことも確認して、「適用」を押下する。 8. [A] MCM2006U(ユーザー契約内容)が開く。ブランドAとブランドBの表示と、採用された機器を記録する。上段の「契約NO」「契約日」「初回契約日」に、控えた値を入力する。 9. [A] 画面の「登録」を押下する。確認ダイアログ「登録を実施します。よろしいですか?」で「OK」を押下する。表示された完了メッセージを記録する。入力エラーが出た場合は、メッセージの全文を記録し、手順10以降を実施済みにしない。 10. [A] 画面の「戻る」を押下して、MCM2004Uへ戻る。「契約NO」に新規の契約NOを入力し、他の入力欄は空欄にして、「状態」と「承認状態」はすべてチェックして、「検索」を押下する。「契約NO」リンクを押下し、控えた開始日の期間タブを選択して、ブランドと機器を記録する。また、MCM2004Uで見積Aと見積Bの行の「契約NO」を記録する。 11. DB担当者に、新規契約のブランド・構成・明細・個体明細と、見積Aの機器・状態を、読取で確認してもらう。登録の前後で値を比べてもらう。証拠の名前(画面キャプチャのファイル名など)を記録する。 【入力値】 ・サポートID=控えたサポートID(手順1) ・期間の開始日・終了日=自動表示された値。控えた期間と異なる場合は、控えた日付(手順2) ・見積のチェック=最終的に、見積AをOFF、見積BをON(手順6) ・個体のチェック=手順4はブランドAの採用個体、手順7はブランドBの採用個体だけ ・契約NO=新規の契約NO(手順8、手順10) ・契約日・初回契約日=控えた日付(手順8) | F18: 【画面確認】 1. 手順8で、MCM2006Uに表示される機器が、ブランドBの採用個体(手順7で選んだ構成・明細・個体)だけであること。ブランドAの行が表示されても、ブランドAの採用個体が、選定した機器として表示されないこと。 2. 手順10で、登録後に開き直したMCM2006Uの控えた開始日の期間タブに、手順8と同じブランドBの機器が表示されること。ブランドAの機器が、選定した機器として追加されていないこと。 3. 手順10で、見積Bの行の「契約NO」が新規の契約NOであること。見積Aの行の「契約NO」を記録する(見積Aの行に表示される値は、要確認)。 【DB確認】 対象テーブル=MCM_UK_KEIYAKU、MCM_UK_KIKAN、MCM_UK_BRAND、MCM_UK_KIKIKOSEI、MCM_UK_KIKIMEISAI、MCM_UK_KOTAIMEISAI、MCM_UK_MITSUMORI_BRAND、確認理由=最終的に選んだブランドの機器だけが契約に登録され、最初に選んだブランドAの機器が残らないことを確認するため。検索条件=登録後のユーザー契約ID、見積A・見積BのID、ブランドA・ブランドBのブランド構成ID、期待値=次のとおり。 ・ブランドBの構成→明細→個体が、手順7で選んだ元の見積Bの機器と同じ内容で、同じ契約に属して登録されていること。 ・MCM_UK_MITSUMORI_BRANDに、見積B・ブランドBとの対応が保存され、見積A・ブランドAとの対応が保存されていないこと。 ・ブランドAの機器(構成・明細・個体)が、この契約の機器として登録されていないこと。 ・元の見積A・見積Bの機器、状態、更新日時・更新者が、登録前のままであること。 | G18: 1. 表示タイミング=手順5で、「戻る」を押下した時(MCM2007Uに未保存の変更がある場合) 表示形式=確認ダイアログ(OK/キャンセル) メッセージID=FWM_0016G 表示文言=「データが変更されています。破棄されますがよろしいですか?」 作業者の操作=「OK」を押下する 2. 表示タイミング=手順9で、「登録」を押下した時 表示形式=確認ダイアログ(OK/キャンセル) メッセージID=MSG_0007G 表示文言=「登録を実施します。よろしいですか?」 作業者の操作=「OK」を押下する 3. 表示タイミング=登録の完了時 表示形式=完了メッセージ メッセージID=MSG_0008G 表示文言=「登録を完了しました。」 作業者の操作=特になし | H18: 対象外 | O18: =IF(L18<>"",L18,IF(H18<>"",H18,"未実施")) -> 対象外 | P18: 【対象外】前の画面に戻ってブランドを選び直す操作の確認で、重要度が低いため。 【対象】MCM2007U → MCM2007U(2画面目)→ MCM2007U(1画面目)→ MCM2007U(2画面目)→ MCM2006U 【確認根拠】 ・ソース:Mcm2007uScreen.vb nextButton_Click(チェックした見積・ブランドを、2画面目へ渡す。1件もチェックされていない場合はMSG_0078E) ・ソース:Mcm2007u2Screen.vb TEKIYOButton_Click(新規は、2画面目で選んだブランド・構成・明細・個体をMCM2006Uへ渡す) ・ソース:CPBaseForm.vb(BackButton_Click:CheckChangeStatusで確認後、ReturnToPreviousScreenで前の画面へ戻る) ・ソース:Mcm2006uTabControl.vb(新規:渡された見積のブランドから、ユーザー契約ブランドと店舗見積ブランドの対応を作る。選んでいないブランドは、マスタ情報から追加する) ・DB:MCM_UK_BRAND、MCM_UK_KIKIKOSEI、MCM_UK_KIKIMEISAI、MCM_UK_KOTAIMEISAI、MCM_UK_MITSUMORI_BRAND ・移管元:旧版INT04-09 【VB/Web差異】完了文言は、INT04-02の備考と同じ。 【要確認】 ・「戻る」で1画面目へ戻ったとき、見積のチェック状態が戻る前のまま保持されるか(本書は、手順6で最終状態を指定するため、保持の有無に依存しない) ・見積Aの行の「契約NO」の表示(契約が見積Bに紐づくため、空欄のままか) 関連単体：2006-3 単体の表示・単独操作ではなく、期待結果の連携部分を追加判定。 根拠：R2007 / R2006 03は未選定ブランド補完、09は前画面での選び直しによる旧採用機器の除去を確認し、同じ期待の再試験にはしない。 元Excel行：18。実施区分：通常操作＋DB読取。元フロー：2007U1/U2→2006U。
A19: INT04-10 | B19: 正常系 | C19: MCM2006U(ユーザー契約内容)→MCM2004U:隣り合う期間の境目の日付を「ロック解除」後に変更して登録すると、両方の期間の日付が連続したまま保存されること | D19: 【確認すること】 「ロック解除」後に、開始日が古い方の期間の終了日を1日後ろへ変更すると、開始日が新しい方の期間の開始日が、自動で「変更後の終了日の翌日」に変わること。登録して開き直したあとも、2つの期間が連続したまま、変更後の日付で保存されていること。 【前提】 ・使用ユーザー:ユーザーA(契約更新担当。「ロック解除」ボタンを使えるユーザー) ・保有権限:担当者マスタ(MCM3006U)で、MCM2006Uの利用権限が「更新」に設定され、メンテナンス権限が付いている(権限の設定項目の名称は、準備担当者が確認する) ・必要な登録済みデータ:INT04-05を実施した契約(期間のタブが2つあり、開始日が古い方の終了日の翌日が、新しい方の開始日である) ・事前に控える値:この契約の契約NO。そのほかの値は、操作中に画面に表示された値を記録する ・【準備担当者・DB担当者が事前に行うこと】契約・期間・機器の保存値を、読取で控える ・試験専用の環境・データを使用する。接続先と実施日を記録する ・開始時の画面状態:Aはメニュー画面 | E19: 【操作】 1. [A] メニューから「店舗見積・契約検索」を選択し、MCM2004U(保守見積・ユーザー契約検索)を開く。「契約NO」にこの契約の契約NOを入力し、「状態」「承認状態」のチェックをすべて付けて、「検索」を押下する。「契約NO」リンクを押下する。 2. [A] MCM2006U(ユーザー契約内容)で、開始日が古い方のタブと、新しい方のタブ(タブ名は開始日)を、それぞれ選択して、期間の開始日・終了日、機器を記録する。上段の「次回更新日」も記録する。 3. [A] 「ロック解除」を押下する。画面が再表示される。開始日が古い方のタブを選択し、「期間」の開始日・終了日の欄が入力できる状態になっていることを確認する。 4. [A] 開始日が古い方のタブの「期間」の終了日の欄を、手順2で記録した終了日の翌日(yyyy/MM/dd)に書き換え、別の欄へ移動する。通知が表示された場合は、全文を記録し、「OK」を押下する。 5. [A] 開始日が新しい方のタブを選択し、タブ名、期間の開始日・終了日を記録する。開始日が古い方のタブの終了日と機器、上段の「次回更新日」も記録する。 6. [A] 「登録」を押下し、確認ダイアログ「登録を実施します。よろしいですか?」で「OK」を押下する。表示された完了メッセージを記録する。入力エラーが出た場合は、メッセージの全文を記録し、手順7以降を実施しない。 7. [A] 「戻る」を押下する。MCM2004Uで、手順1と同じ条件で「検索」し、「契約NO」リンクを押下する。2つのタブを順に選択し、タブ名、期間の開始日・終了日、機器、上段の「次回更新日」を記録する。 8. DB担当者に、契約・期間・機器の保存値を、登録の前後で比べてもらう。 【入力値】 ・契約NO=この契約の契約NO(手順1) ・開始日が古い方のタブの期間の終了日=手順2で記録した終了日の翌日(手順4) | F19: 【画面確認】 1. 手順3で、「ロック解除」を押下したあと、「期間」の開始日・終了日の欄が入力できる状態であること。 2. 手順4で、通知が表示されること。 3. 手順5で、開始日が新しい方のタブの名前と開始日が、手順2で記録した開始日の翌日になっていること。終了日が、手順2と同じであること。開始日が古い方のタブの機器と、新しい方のタブの機器が、手順2と同じであること。上段の「次回更新日」が、手順2と同じであること。 4. 手順7で、登録後に開き直した契約で、開始日が古い方の終了日が手順4で入力した日付、新しい方のタブ名と開始日が手順5と同じ日付であること。古い方の終了日の翌日が、新しい方の開始日であること。機器が手順2と同じであること。上段の「次回更新日」が手順2と同じであること。 【DB確認】 対象テーブル=MCM_UK_KEIYAKU、MCM_UK_KIKAN、MCM_UK_KIKIKOSEI、MCM_UK_KIKIMEISAI、MCM_UK_KOTAIMEISAI、確認理由=隣り合う期間の境目の日付が連続したまま保存され、ほかの値が変わらないことを確認するため。期待値=次のとおり。 ・開始日が古い方の期間の終了日が、手順4で入力した日付、開始日が新しい方の期間の開始日が、その翌日であること。 ・開始日が古い方の期間の開始日、開始日が新しい方の期間の終了日が、登録前のままであること。 ・2つの期間の期間IDが変わらず、期間の件数が増えていないこと。機器が登録前のままであること。 ・MCM_UK_KEIYAKU.JIKAIKOSIN_DTが、登録前のままであること。 | G19: 1. 表示タイミング=手順4で、終了日を書き換えて、別の欄へ移動した時 表示形式=通知 メッセージID=MSG_0077G 表示文言=「{0}タブの終了日は{1}に変更されます。」({0}=開始日が新しい方のタブの変更前のタブ名、{1}=その新しい開始日。VB版の文言は「終了日」だが、実際に変わるのは新しい方の期間の開始日) 作業者の操作=「OK」を押下する 2. 表示タイミング=手順6で、「登録」を押下した時 表示形式=確認ダイアログ(OK/キャンセル) メッセージID=MSG_0007G 表示文言=「登録を実施します。よろしいですか?」 作業者の操作=「OK」を押下する 3. 表示タイミング=登録の完了時 表示形式=完了メッセージ メッセージID=MSG_0008G 表示文言=「登録を完了しました。」 作業者の操作=特になし | O19: =IF(L19<>"",L19,IF(H19<>"",H19,"未実施")) -> 未実施 | P19: 【対象】MCM2006U → MCM2004U 【確認根拠】Mcm2006uScreen.vb(LockReleaseButton_Click:タブを作り直し、ロック解除フラグをONにして再検索。Load:契約NOリンク経由で、メンテナンス権限がない場合は「ロック解除」を非表示。SyuryoDtHenkoLeave:期間の終了日を書き換えると、次のタブの開始日を「終了日の翌日」にし、MSG_0077Gを表示。UpdateButton_Click:次回更新日=最後のタブの終了日の翌日)、Mcm2006uTabControl.vb(View:ロック解除後は期間の日付などを入力できる) 【保留】旧版にあった、MCM3004U「ユーザ契約終息確認」への反映の確認は、抽出条件(MCM_ALERT1_V)がソースで確認できないため、ケースから外した 【要確認】メンテナンス権限の設定項目の名称 【移管元】旧版INT04-10 関連単体：2006-17, 2006-18 単体の表示・単独操作ではなく、期待結果の連携部分を追加判定。 根拠：R2006 / R3004 元Excel行：19。実施区分：管理者支援＋配備ビュー確認。元フロー：2006U→2004U/3004U。
A20: INT04-11 | B20: 正常系 | C20: MCM2006U(ユーザー契約内容)→MCM2004U:最新期間の備考だけを変更して登録したとき、ほかの期間と上段の備考が変わらないこと | D20: 【確認すること】 複数の期間を持つ契約で、最新の期間のタブ内の「備考」だけを変更して登録したとき、最新の期間の備考だけが変わること。古い期間のタブでは、期間内の「備考」を入力できない状態であること。古い期間の備考・機器・金額と、上段の「備考」が変わらないこと。 【前提】 ・使用ユーザー:ユーザーA(契約更新担当) ・保有権限:担当者マスタ(MCM3006U)で、MCM2006Uの利用権限が「更新」に設定されている。MCM2004Uを利用できる権限もある ・必要な登録済みデータ:専用の契約(1件)。INT04-05・06で使った契約でよい - 状態=契約。期間が2つある。古い期間(期間S)は最新の期間ではない。最新の期間(期間F)は、変更できる状態である(現在日を含む、または未来の期間) - 期間Sと期間Fで、期間内の備考・機器・合計金額が異なる - 期間Fの期間内の備考は、保存済みの値がある(空欄でもよい) ・事前に控える値:契約NO、サポートID、プラント名。期間S・期間Fの開始日・終了日、期間内の備考、機器、合計金額。上段の「備考」の保存値 ・【準備担当者・DB担当者が事前に行うこと】 - 契約の期間S・期間Fの期間ID、各期間の備考・機器・金額の保存値、契約の更新日時・更新者を、読取で控える ・試験専用の環境・データを使用する。接続先と実施日を記録する ・開始時の画面状態:Aはメニュー画面 | E20: 【操作】 1. [A] メニューから「店舗見積・契約検索」を選択し、MCM2004U(保守見積・ユーザー契約検索)を開く。「契約NO」に控えた値を入力し、他の入力欄は空欄にする。「状態」の「見積」「契約」「解約」「破棄」と、「承認状態」の「作成中」「審査中」「承認中」「承認済」「差戻中」を、すべてチェックして、「検索」を押下する。 2. [A] 「契約NO」リンクを押下する。MCM2006U(ユーザー契約内容)が開く。上段の「契約NO」と、期間内の「サポートID」「プラント名」を控えた値と照合する。上段の「備考」(製番一覧の右にある欄)の保存値を記録する。 3. [A] 期間Sのタブ(タブ名は開始日)を選択し、期間内の「備考」(期間のタブの中にある「備考」。上段の「備考」とは別)、機器、「合計金額」を記録する。期間内の「備考」が、入力できない状態であることを確認する。 4. [A] 期間Fのタブを選択し、期間内の「備考」、機器、「合計金額」を記録する。 5. [A] 期間Fのタブの期間内の「備考」に「INT04最新後」を入力する。上段の「備考」と、期間Sのタブには入力しない。 6. [A] 期間Sのタブを選択して、期間内の「備考」、機器、「合計金額」が手順3と同じであることを記録する。期間Fのタブを選択して、期間内の「備考」が「INT04最新後」であることを確認する。 7. [A] 画面の「登録」を押下する。確認ダイアログ「登録を実施します。よろしいですか?」で「OK」を押下する。表示された完了メッセージを記録する。入力エラーが出た場合は、メッセージの全文を記録し、手順8以降を実施済みにしない。 8. [A] 画面の「戻る」を押下して、MCM2004Uへ戻る。手順1と同じ条件で「検索」し、「契約NO」リンクを押下する。上段の「備考」を記録する。期間Sのタブと期間Fのタブを順に選択して、それぞれ期間内の「備考」、機器、「合計金額」を記録する。 9. DB担当者に、控えた期間ID・備考・機器・金額の保存値を、読取で登録の前後で比べてもらう。ほかの契約も比べてもらう。証拠の名前(画面キャプチャのファイル名など)を記録する。 【入力値】 ・契約NO=控えた契約NO(手順1、手順8) ・期間Fの期間内の備考=「INT04最新後」(手順5) | F20: 【画面確認】 1. 手順3で、期間Sのタブの期間内の「備考」が入力できない状態であること。 2. 手順6で、期間Sのタブの期間内の「備考」、機器、「合計金額」が、手順3と同じであること。 3. 手順8で、期間Fのタブの期間内の「備考」が「INT04最新後」であること。期間Fの機器と「合計金額」が、手順4と同じであること。 4. 手順8で、期間Sのタブの期間内の「備考」、機器、「合計金額」が、手順3と同じであること。上段の「備考」が、手順2の保存値のままであること。 【DB確認】 対象テーブル=MCM_UK_KEIYAKU、MCM_UK_KIKAN、MCM_UK_BRAND、MCM_UK_KIKIKOSEI、MCM_UK_KIKIMEISAI、MCM_UK_KOTAIMEISAI、確認理由=最新期間の備考だけが更新され、ほかの期間と契約の備考が変わらないことを確認するため。検索条件=契約ID、期間ID(期間S・期間F)、期待値=次のとおり。 ・期間Fの期間内の備考(MCM_UK_KIKAN.BIKO)だけが「INT04最新後」に変わっていること。 ・期間Sの備考・機器・金額が、登録前のままであること。 ・MCM_UK_KEIYAKU.BIKO(上段の備考)が、登録前のままであること。 ・期間Fの機器・金額が、登録前のままであること。 ・ほかの契約の値が、登録前のままであること。 | G20: 1. 表示タイミング=「登録」を押下した時 表示形式=確認ダイアログ(OK/キャンセル) メッセージID=MSG_0007G 表示文言=「登録を実施します。よろしいですか?」 作業者の操作=「OK」を押下する 2. 表示タイミング=登録の完了時 表示形式=完了メッセージ メッセージID=MSG_0008G 表示文言=「登録を完了しました。」 作業者の操作=特になし | H20: 対象外 | O20: =IF(L20<>"",L20,IF(H20<>"",H20,"未実施")) -> 対象外 | P20: 【欠番(統合)】INT04-06 に統合した。 【対象】MCM2006U → MCM2004U 【確認根拠】 ・ソース:Mcm2006uTabControl.vb View(最新のタブ以外、および最新のタブで過去日のタブは、備考を含めて入力できない状態にする) ・ソース:Mcm2006uScreen.vb UpdateButton_Click(登録確認MSG_0007G、完了MSG_0008G。変更された行だけを更新) ・画面定義:Mcm2006uTabControl.Designer.vb(期間内の「備考」)、Mcm2006uScreen.Designer.vb(上段の「備考」) ・DB:MCM_UK_KIKAN.BIKO、MCM_UK_KEIYAKU.BIKO ・移管元:旧版INT04-11 【VB/Web差異】完了文言は、INT04-02の備考と同じ。 関連単体：2006-4, 2006-19 単体の表示・単独操作ではなく、期待結果の連携部分を追加判定。 根拠：R2006 元Excel行：20。実施区分：通常操作＋DB読取。元フロー：2006U→2004U。
