Workbook

Sheet 保守見積書(見積表紙)
I4: 保守見積原価計算書
U11: 承認 | Y11: 審査 | AC11: 確認 | AG11: 担当
I23: 納入先 | N23: =IF(ISBLANK(サマリデータ!C2),"",サマリデータ!C2) -> 田辺三菱製薬工場株式会社
I24: 工場名 | N24: =IF(ISBLANK(サマリデータ!C3),"",サマリデータ!C3) -> 小野田工場
I25: システム名 | N25: =IF(ISBLANK(サマリデータ!C4),"",サマリデータ!C4) -> 第三製剤棟自動倉庫システム
I26: サポートID | N26: =IF(ISBLANK(サマリデータ!C5),"",サマリデータ!C5) -> 3500228 | T26: 担当店舗 | X26: =IF(ISBLANK(サマリデータ!C6),"",サマリデータ!C6) -> 山口CS
I27: 見積No. | L27: 8H | N27: =IF(ISBLANK(サマリデータ!C7),"",サマリデータ!C7) -> 10SC4561
L28: 24H | N28: =IF(ISBLANK(サマリデータ!C8),"",サマリデータ!C8) -> 10SC4571

Sheet 保守見積書(証憑表紙)
I4: 保守見積根拠資料
U11: 承認 | Y11: 審査 | AC11: 確認 | AG11: 担当
I23: 納入先 | N23: =IF(ISBLANK(サマリデータ!C2),"",サマリデータ!C2) -> 田辺三菱製薬工場株式会社
I24: 工場名 | N24: =IF(ISBLANK(サマリデータ!C3),"",サマリデータ!C3) -> 小野田工場
I25: システム名 | N25: =IF(ISBLANK(サマリデータ!C4),"",サマリデータ!C4) -> 第三製剤棟自動倉庫システム
I26: サポートID | N26: =IF(ISBLANK(サマリデータ!C5),"",サマリデータ!C5) -> 3500228 | T26: 担当店舗 | X26: =IF(ISBLANK(サマリデータ!C6),"",サマリデータ!C6) -> 山口CS
I27: 見積No. | L27: 8H | N27: =IF(ISBLANK(サマリデータ!C7),"",サマリデータ!C7) -> 10SC4561
L28: 24H | N28: =IF(ISBLANK(サマリデータ!C8),"",サマリデータ!C8) -> 10SC4571

Sheet リモート導入見積(見積表紙)
I4: リモート導入費見積
U11: 承認 | Y11: 審査 | AC11: 確認 | AG11: 担当
I23: 納入先 | N23: =IF(ISBLANK(サマリデータ!C2),"",サマリデータ!C2) -> 田辺三菱製薬工場株式会社
I24: 工場名 | N24: =IF(ISBLANK(サマリデータ!C3),"",サマリデータ!C3) -> 小野田工場
I25: システム名 | N25: =IF(ISBLANK(サマリデータ!C4),"",サマリデータ!C4) -> 第三製剤棟自動倉庫システム
I26: サポートID | N26: =IF(ISBLANK(サマリデータ!C5),"",サマリデータ!C5) -> 3500228 | T26: 担当店舗 | X26: =IF(ISBLANK(サマリデータ!C6),"",サマリデータ!C6) -> 山口CS
I27: 見積No. | N27: =IF(ISBLANK(サマリデータ!$C$9),"",サマリデータ!$C$9) -> 10SC45614571-R001

Sheet 予防保守見積(見積表紙)
I4: 契約前予防保守見積
U11: 承認 | Y11: 審査 | AC11: 確認 | AG11: 担当
I23: 納入先 | N23: =IF(ISBLANK(サマリデータ!C2),"",サマリデータ!C2) -> 田辺三菱製薬工場株式会社
I24: 工場名 | N24: =IF(ISBLANK(サマリデータ!C3),"",サマリデータ!C3) -> 小野田工場
I25: システム名 | N25: =IF(ISBLANK(サマリデータ!C4),"",サマリデータ!C4) -> 第三製剤棟自動倉庫システム
I26: サポートID | N26: =IF(ISBLANK(サマリデータ!C5),"",サマリデータ!C5) -> 3500228 | T26: 担当店舗 | X26: =IF(ISBLANK(サマリデータ!C6),"",サマリデータ!C6) -> 山口CS
I27: 見積No. | N27: =IF(ISBLANK(サマリデータ!$C$10),"",サマリデータ!$C$10) -> 10SC45614571-BM001

Sheet 保守パック見積(見積表紙)
I4: 保守パック購入見積
U11: 承認 | Y11: 審査 | AC11: 確認 | AG11: 担当
I23: 納入先 | N23: =IF(ISBLANK(サマリデータ!C2),"",サマリデータ!C2) -> 田辺三菱製薬工場株式会社
I24: 工場名 | N24: =IF(ISBLANK(サマリデータ!C3),"",サマリデータ!C3) -> 小野田工場
I25: システム名 | N25: =IF(ISBLANK(サマリデータ!C4),"",サマリデータ!C4) -> 第三製剤棟自動倉庫システム
I26: サポートID | N26: =IF(ISBLANK(サマリデータ!C5),"",サマリデータ!C5) -> 3500228 | T26: 担当店舗 | X26: =IF(ISBLANK(サマリデータ!C6),"",サマリデータ!C6) -> 山口CS
I27: 見積No. | N27: =IF(ISBLANK(サマリデータ!$C$11),"",サマリデータ!$C$11) -> 10SC45614571-PK001

Sheet ソフトサポート費算出根拠
B1: ソフトサポート費算出根拠
B3: 納入先 | C3: =IF(ISBLANK(サマリデータ!C2),"",サマリデータ!C2) -> 田辺三菱製薬工場株式会社
B4: 工場名 | C4: =IF(ISBLANK(サマリデータ!C3),"",サマリデータ!C3) -> 小野田工場
B5: システム名 | C5: =IF(ISBLANK(サマリデータ!C4),"",サマリデータ!C4) -> 第三製剤棟自動倉庫システム
B6: サポートID | C6: =IF(ISBLANK(サマリデータ!C5),"",サマリデータ!C5) -> 3500228

Sheet サマリデータ
B2: 納入先 | C2: 田辺三菱製薬工場株式会社
B3: 工場名 | C3: 小野田工場
B4: システム名 | C4: 第三製剤棟自動倉庫システム
B5: サポートID | C5: 3500228
B6: 担当店舗 | C6: 山口CS
B7: 8h見積No | C7: 10SC4561
B8: 24h見積No | C8: 10SC4571
B9: VPNリモート見積No | C9: =IF($C$7="－",LEFT(C8,4)&"0000",$C$7)&IF($C$8="－","0000",MID($C$8,5,4))&"-R001" -> 10SC45614571-R001
B10: 契約前作業見積No | C10: =IF($C$7="－",LEFT(C8,4)&"0000",$C$7)&IF($C$8="－","0000",MID($C$8,5,4))&"-BM001" -> 10SC45614571-BM001
B11: パック購入見積No | C11: =IF($C$7="－",LEFT(C8,4)&"0000",$C$7)&IF($C$8="－","0000",MID($C$8,5,4))&"-PK001" -> 10SC45614571-PK001
B12: 見積作成日 | C12: =TODAY() -> 46217
